CustomerID,Name,Predicted_Churn,Churn_Probability,Status
Unknown,Ankit,0,0.0,Safe (Not Churn)
C2,Ravi,0,0.02,Safe (Not Churn)
3,Ravi,0,0.01,Safe (Not Churn)
C4,Ankit,1,0.96,Risk (Churn)
5,Rahul,0,0.06,Safe (Not Churn)
C6,Amit,1,0.97,Risk (Churn)
7,Kiran,0,0.02,Safe (Not Churn)
8,Rahul,0,0.06,Safe (Not Churn)
C9,Simran,0,0.0,Safe (Not Churn)
10,Simran,1,0.9,Risk (Churn)
Unknown,Ankit,1,0.54,Risk (Churn)
C12,Ravi,0,0.04,Safe (Not Churn)
13,Rahul,0,0.03,Safe (Not Churn)
14,Ravi,0,0.02,Safe (Not Churn)
15,Kiran,1,0.99,Risk (Churn)
Unknown,Unknown,0,0.02,Safe (Not Churn)
17,Pooja,1,0.91,Risk (Churn)
18,Priya,1,0.83,Risk (Churn)
19,Sneha,0,0.05,Safe (Not Churn)
20,Simran,1,0.97,Risk (Churn)
C21,Unknown,0,0.01,Safe (Not Churn)
C22,Ravi,0,0.01,Safe (Not Churn)
23,Rahul,0,0.02,Safe (Not Churn)
C24,Kiran,0,0.07,Safe (Not Churn)
Unknown,Ankit,0,0.02,Safe (Not Churn)
26,Simran,1,0.85,Risk (Churn)
Unknown,Kiran,0,0.05,Safe (Not Churn)
C28,Neha,1,0.93,Risk (Churn)
C29,Unknown,0,0.0,Safe (Not Churn)
C30,Simran,1,0.63,Risk (Churn)
31,Sneha,0,0.05,Safe (Not Churn)
Unknown,Rahul,1,0.98,Risk (Churn)
C33,Ravi,0,0.03,Safe (Not Churn)
Unknown,Unknown,0,0.0,Safe (Not Churn)
C35,Pooja,1,1.0,Risk (Churn)
C36,Rahul,0,0.01,Safe (Not Churn)
37,Rahul,0,0.05,Safe (Not Churn)
38,Kiran,0,0.07,Safe (Not Churn)
39,Ankit,1,0.94,Risk (Churn)
40,Rahul,0,0.02,Safe (Not Churn)
41,Ravi,0,0.03,Safe (Not Churn)
Unknown,Simran,0,0.03,Safe (Not Churn)
C43,Kiran,0,0.36,Safe (Not Churn)
Unknown,Kiran,1,0.94,Risk (Churn)
45,Neha,0,0.03,Safe (Not Churn)
Unknown,Neha,1,0.87,Risk (Churn)
C47,Rahul,0,0.01,Safe (Not Churn)
48,Unknown,0,0.07,Safe (Not Churn)
C49,Sneha,0,0.03,Safe (Not Churn)
C50,Sneha,0,0.01,Safe (Not Churn)
Unknown,Unknown,0,0.03,Safe (Not Churn)
C52,Unknown,0,0.0,Safe (Not Churn)
53,Rahul,1,1.0,Risk (Churn)
C54,Sneha,0,0.02,Safe (Not Churn)
55,Amit,0,0.1,Safe (Not Churn)
56,Rahul,0,0.01,Safe (Not Churn)
57,Ravi,1,0.92,Risk (Churn)
Unknown,Pooja,0,0.0,Safe (Not Churn)
C59,Simran,1,0.58,Risk (Churn)
Unknown,Unknown,0,0.03,Safe (Not Churn)
61,Pooja,0,0.03,Safe (Not Churn)
Unknown,Unknown,0,0.01,Safe (Not Churn)
63,Pooja,1,0.93,Risk (Churn)
64,Ankit,0,0.02,Safe (Not Churn)
65,Simran,1,0.95,Risk (Churn)
C66,Priya,1,0.95,Risk (Churn)
67,Simran,0,0.01,Safe (Not Churn)
C68,Unknown,0,0.0,Safe (Not Churn)
69,Rahul,1,0.98,Risk (Churn)
C70,Amit,0,0.0,Safe (Not Churn)
C71,Sneha,0,0.01,Safe (Not Churn)
C72,Sneha,0,0.0,Safe (Not Churn)
73,Unknown,1,0.53,Risk (Churn)
Unknown,Simran,0,0.05,Safe (Not Churn)
75,Unknown,0,0.07,Safe (Not Churn)
C76,Simran,0,0.0,Safe (Not Churn)
Unknown,Unknown,0,0.04,Safe (Not Churn)
78,Amit,0,0.06,Safe (Not Churn)
79,Kiran,0,0.11,Safe (Not Churn)
Unknown,Ankit,1,0.98,Risk (Churn)
Unknown,Rahul,0,0.0,Safe (Not Churn)
82,Pooja,1,0.99,Risk (Churn)
83,Unknown,1,0.98,Risk (Churn)
Unknown,Priya,0,0.09,Safe (Not Churn)
C85,Priya,0,0.02,Safe (Not Churn)
86,Kiran,0,0.03,Safe (Not Churn)
87,Unknown,0,0.02,Safe (Not Churn)
88,Kiran,0,0.02,Safe (Not Churn)
89,Rahul,0,0.0,Safe (Not Churn)
Unknown,Ankit,0,0.0,Safe (Not Churn)
91,Simran,0,0.11,Safe (Not Churn)
C92,Ankit,0,0.06,Safe (Not Churn)
93,Ravi,0,0.01,Safe (Not Churn)
Unknown,Unknown,0,0.07,Safe (Not Churn)
C95,Amit,0,0.04,Safe (Not Churn)
Unknown,Simran,0,0.01,Safe (Not Churn)
C97,Simran,0,0.02,Safe (Not Churn)
C98,Kiran,0,0.01,Safe (Not Churn)
99,Amit,0,0.42,Safe (Not Churn)
C100,Priya,0,0.08,Safe (Not Churn)
C101,Neha,1,0.64,Risk (Churn)
102,Pooja,0,0.05,Safe (Not Churn)
Unknown,Simran,0,0.01,Safe (Not Churn)
104,Unknown,0,0.02,Safe (Not Churn)
Unknown,Rahul,0,0.01,Safe (Not Churn)
106,Priya,0,0.08,Safe (Not Churn)
107,Rahul,0,0.07,Safe (Not Churn)
Unknown,Pooja,0,0.03,Safe (Not Churn)
C109,Ankit,0,0.0,Safe (Not Churn)
110,Unknown,0,0.01,Safe (Not Churn)
C111,Simran,0,0.01,Safe (Not Churn)
C112,Simran,0,0.0,Safe (Not Churn)
Unknown,Ravi,0,0.0,Safe (Not Churn)
C114,Unknown,1,0.9,Risk (Churn)
115,Unknown,0,0.01,Safe (Not Churn)
Unknown,Ravi,0,0.04,Safe (Not Churn)
Unknown,Pooja,0,0.0,Safe (Not Churn)
118,Sneha,0,0.02,Safe (Not Churn)
C119,Kiran,1,0.97,Risk (Churn)
120,Unknown,1,0.98,Risk (Churn)
121,Unknown,0,0.08,Safe (Not Churn)
C122,Sneha,0,0.0,Safe (Not Churn)
Unknown,Ankit,0,0.0,Safe (Not Churn)
124,Pooja,0,0.04,Safe (Not Churn)
C125,Unknown,0,0.03,Safe (Not Churn)
126,Unknown,0,0.07,Safe (Not Churn)
Unknown,Unknown,0,0.01,Safe (Not Churn)
128,Ankit,0,0.01,Safe (Not Churn)
129,Ankit,0,0.46,Safe (Not Churn)
130,Ravi,0,0.02,Safe (Not Churn)
Unknown,Simran,0,0.02,Safe (Not Churn)
132,Priya,0,0.04,Safe (Not Churn)
133,Ankit,1,0.68,Risk (Churn)
C134,Ankit,0,0.03,Safe (Not Churn)
135,Neha,0,0.08,Safe (Not Churn)
136,Ankit,1,0.95,Risk (Churn)
137,Sneha,0,0.0,Safe (Not Churn)
138,Ankit,1,0.88,Risk (Churn)
139,Amit,1,0.97,Risk (Churn)
Unknown,Ravi,0,0.01,Safe (Not Churn)
C141,Neha,0,0.06,Safe (Not Churn)
C142,Amit,0,0.05,Safe (Not Churn)
C143,Rahul,0,0.02,Safe (Not Churn)
C144,Priya,0,0.04,Safe (Not Churn)
C145,Unknown,0,0.01,Safe (Not Churn)
146,Unknown,0,0.48,Safe (Not Churn)
Unknown,Pooja,0,0.06,Safe (Not Churn)
148,Amit,0,0.07,Safe (Not Churn)
C149,Rahul,0,0.03,Safe (Not Churn)
150,Amit,0,0.18,Safe (Not Churn)
Unknown,Kiran,0,0.02,Safe (Not Churn)
Unknown,Simran,0,0.04,Safe (Not Churn)
153,Pooja,1,0.6,Risk (Churn)
154,Amit,0,0.09,Safe (Not Churn)
155,Neha,0,0.04,Safe (Not Churn)
C156,Unknown,0,0.01,Safe (Not Churn)
Unknown,Ravi,0,0.02,Safe (Not Churn)
158,Pooja,0,0.12,Safe (Not Churn)
C159,Rahul,1,1.0,Risk (Churn)
Unknown,Unknown,0,0.0,Safe (Not Churn)
C161,Pooja,0,0.02,Safe (Not Churn)
Unknown,Pooja,0,0.01,Safe (Not Churn)
163,Amit,0,0.02,Safe (Not Churn)
C164,Amit,0,0.05,Safe (Not Churn)
165,Pooja,0,0.03,Safe (Not Churn)
C166,Rahul,1,0.98,Risk (Churn)
Unknown,Unknown,0,0.05,Safe (Not Churn)
Unknown,Ravi,0,0.02,Safe (Not Churn)
C169,Unknown,1,0.96,Risk (Churn)
Unknown,Unknown,0,0.01,Safe (Not Churn)
C171,Kiran,1,0.9,Risk (Churn)
C172,Neha,0,0.37,Safe (Not Churn)
C173,Simran,0,0.02,Safe (Not Churn)
C174,Unknown,0,0.13,Safe (Not Churn)
175,Unknown,0,0.03,Safe (Not Churn)
176,Kiran,0,0.02,Safe (Not Churn)
C177,Ankit,0,0.01,Safe (Not Churn)
178,Priya,0,0.04,Safe (Not Churn)
C179,Neha,0,0.01,Safe (Not Churn)
Unknown,Ankit,0,0.03,Safe (Not Churn)
181,Unknown,0,0.01,Safe (Not Churn)
182,Unknown,0,0.03,Safe (Not Churn)
C183,Pooja,0,0.0,Safe (Not Churn)
Unknown,Simran,0,0.02,Safe (Not Churn)
C185,Unknown,0,0.02,Safe (Not Churn)
Unknown,Ravi,0,0.0,Safe (Not Churn)
187,Sneha,0,0.07,Safe (Not Churn)
C188,Ankit,0,0.01,Safe (Not Churn)
189,Ravi,0,0.05,Safe (Not Churn)
Unknown,Sneha,0,0.0,Safe (Not Churn)
191,Rahul,0,0.02,Safe (Not Churn)
192,Unknown,0,0.05,Safe (Not Churn)
C193,Rahul,0,0.0,Safe (Not Churn)
C194,Amit,0,0.0,Safe (Not Churn)
195,Kiran,0,0.0,Safe (Not Churn)
196,Ravi,0,0.02,Safe (Not Churn)
Unknown,Pooja,1,1.0,Risk (Churn)
Unknown,Ankit,0,0.03,Safe (Not Churn)
C199,Simran,0,0.01,Safe (Not Churn)
C200,Simran,0,0.02,Safe (Not Churn)
201,Kiran,0,0.03,Safe (Not Churn)
Unknown,Ankit,1,0.97,Risk (Churn)
C203,Ankit,0,0.06,Safe (Not Churn)
Unknown,Sneha,0,0.01,Safe (Not Churn)
205,Unknown,1,0.98,Risk (Churn)
206,Priya,0,0.17,Safe (Not Churn)
207,Simran,0,0.0,Safe (Not Churn)
208,Sneha,1,0.79,Risk (Churn)
209,Pooja,0,0.18,Safe (Not Churn)
210,Unknown,0,0.04,Safe (Not Churn)
C211,Sneha,0,0.05,Safe (Not Churn)
Unknown,Ankit,0,0.07,Safe (Not Churn)
213,Unknown,0,0.03,Safe (Not Churn)
214,Kiran,0,0.0,Safe (Not Churn)
C215,Unknown,0,0.03,Safe (Not Churn)
Unknown,Unknown,0,0.06,Safe (Not Churn)
217,Pooja,0,0.01,Safe (Not Churn)
Unknown,Ankit,0,0.09,Safe (Not Churn)
C219,Unknown,1,0.68,Risk (Churn)
220,Amit,1,0.93,Risk (Churn)
Unknown,Priya,0,0.02,Safe (Not Churn)
222,Ravi,0,0.01,Safe (Not Churn)
223,Kiran,0,0.0,Safe (Not Churn)
Unknown,Unknown,0,0.02,Safe (Not Churn)
C225,Ravi,0,0.01,Safe (Not Churn)
226,Amit,0,0.06,Safe (Not Churn)
Unknown,Kiran,0,0.01,Safe (Not Churn)
C228,Pooja,0,0.01,Safe (Not Churn)
C229,Simran,0,0.02,Safe (Not Churn)
Unknown,Amit,0,0.02,Safe (Not Churn)
231,Unknown,0,0.01,Safe (Not Churn)
232,Unknown,0,0.02,Safe (Not Churn)
233,Neha,0,0.03,Safe (Not Churn)
234,Unknown,0,0.03,Safe (Not Churn)
235,Ravi,0,0.01,Safe (Not Churn)
236,Ravi,1,0.98,Risk (Churn)
237,Ankit,0,0.01,Safe (Not Churn)
Unknown,Unknown,1,0.52,Risk (Churn)
Unknown,Unknown,0,0.04,Safe (Not Churn)
240,Sneha,0,0.18,Safe (Not Churn)
241,Unknown,0,0.02,Safe (Not Churn)
242,Pooja,1,0.99,Risk (Churn)
243,Neha,0,0.04,Safe (Not Churn)
244,Kiran,0,0.07,Safe (Not Churn)
245,Amit,0,0.25,Safe (Not Churn)
C246,Ankit,0,0.03,Safe (Not Churn)
C247,Ankit,0,0.03,Safe (Not Churn)
C248,Unknown,0,0.01,Safe (Not Churn)
Unknown,Kiran,0,0.01,Safe (Not Churn)
250,Rahul,0,0.04,Safe (Not Churn)
251,Ravi,0,0.03,Safe (Not Churn)
C252,Kiran,0,0.02,Safe (Not Churn)
Unknown,Kiran,0,0.1,Safe (Not Churn)
254,Simran,0,0.06,Safe (Not Churn)
255,Ravi,0,0.02,Safe (Not Churn)
Unknown,Pooja,1,0.96,Risk (Churn)
Unknown,Unknown,0,0.06,Safe (Not Churn)
258,Sneha,1,0.97,Risk (Churn)
259,Ravi,0,0.0,Safe (Not Churn)
260,Neha,0,0.01,Safe (Not Churn)
261,Sneha,0,0.01,Safe (Not Churn)
C262,Neha,1,0.99,Risk (Churn)
Unknown,Priya,1,0.86,Risk (Churn)
Unknown,Neha,0,0.07,Safe (Not Churn)
265,Ankit,0,0.01,Safe (Not Churn)
266,Neha,0,0.0,Safe (Not Churn)
267,Ravi,0,0.04,Safe (Not Churn)
268,Kiran,0,0.02,Safe (Not Churn)
C269,Unknown,0,0.03,Safe (Not Churn)
270,Unknown,0,0.02,Safe (Not Churn)
Unknown,Sneha,0,0.08,Safe (Not Churn)
272,Unknown,1,0.96,Risk (Churn)
273,Simran,0,0.03,Safe (Not Churn)
274,Unknown,1,0.92,Risk (Churn)
Unknown,Neha,1,1.0,Risk (Churn)
276,Pooja,0,0.04,Safe (Not Churn)
C277,Rahul,0,0.0,Safe (Not Churn)
C278,Pooja,1,1.0,Risk (Churn)
279,Pooja,0,0.05,Safe (Not Churn)
280,Neha,0,0.04,Safe (Not Churn)
C281,Rahul,0,0.0,Safe (Not Churn)
C282,Kiran,1,0.94,Risk (Churn)
283,Unknown,0,0.02,Safe (Not Churn)
C284,Priya,0,0.1,Safe (Not Churn)
285,Amit,0,0.08,Safe (Not Churn)
286,Priya,0,0.05,Safe (Not Churn)
Unknown,Ravi,0,0.0,Safe (Not Churn)
Unknown,Simran,0,0.02,Safe (Not Churn)
C289,Amit,0,0.01,Safe (Not Churn)
Unknown,Simran,0,0.02,Safe (Not Churn)
291,Unknown,0,0.04,Safe (Not Churn)
292,Simran,1,0.57,Risk (Churn)
Unknown,Ankit,0,0.02,Safe (Not Churn)
294,Rahul,0,0.02,Safe (Not Churn)
295,Unknown,0,0.01,Safe (Not Churn)
Unknown,Simran,0,0.08,Safe (Not Churn)
297,Sneha,1,0.95,Risk (Churn)
C298,Simran,0,0.08,Safe (Not Churn)
C299,Priya,1,0.93,Risk (Churn)
Unknown,Pooja,0,0.0,Safe (Not Churn)
301,Amit,1,0.95,Risk (Churn)
302,Amit,1,0.88,Risk (Churn)
303,Amit,0,0.04,Safe (Not Churn)
304,Ankit,0,0.04,Safe (Not Churn)
305,Kiran,0,0.01,Safe (Not Churn)
Unknown,Kiran,0,0.02,Safe (Not Churn)
307,Ankit,0,0.0,Safe (Not Churn)
308,Amit,0,0.0,Safe (Not Churn)
C309,Unknown,0,0.11,Safe (Not Churn)
310,Unknown,0,0.06,Safe (Not Churn)
C311,Ravi,0,0.0,Safe (Not Churn)
Unknown,Priya,0,0.01,Safe (Not Churn)
Unknown,Neha,0,0.01,Safe (Not Churn)
314,Simran,0,0.02,Safe (Not Churn)
Unknown,Priya,1,0.98,Risk (Churn)
C316,Sneha,1,1.0,Risk (Churn)
317,Kiran,1,0.97,Risk (Churn)
C318,Ravi,0,0.02,Safe (Not Churn)
319,Priya,0,0.06,Safe (Not Churn)
320,Amit,0,0.05,Safe (Not Churn)
321,Unknown,0,0.02,Safe (Not Churn)
322,Unknown,0,0.03,Safe (Not Churn)
Unknown,Priya,0,0.09,Safe (Not Churn)
C324,Neha,0,0.0,Safe (Not Churn)
Unknown,Unknown,0,0.07,Safe (Not Churn)
326,Kiran,0,0.0,Safe (Not Churn)
327,Neha,1,0.97,Risk (Churn)
328,Unknown,0,0.12,Safe (Not Churn)
329,Amit,0,0.0,Safe (Not Churn)
330,Rahul,0,0.02,Safe (Not Churn)
331,Pooja,0,0.05,Safe (Not Churn)
C332,Ravi,0,0.0,Safe (Not Churn)
Unknown,Pooja,0,0.02,Safe (Not Churn)
C334,Ankit,0,0.06,Safe (Not Churn)
335,Pooja,1,0.52,Risk (Churn)
336,Kiran,0,0.03,Safe (Not Churn)
C337,Ankit,1,0.93,Risk (Churn)
338,Kiran,0,0.01,Safe (Not Churn)
339,Rahul,0,0.08,Safe (Not Churn)
C340,Unknown,0,0.0,Safe (Not Churn)
341,Pooja,0,0.0,Safe (Not Churn)
342,Rahul,0,0.02,Safe (Not Churn)
Unknown,Ankit,0,0.02,Safe (Not Churn)
344,Sneha,0,0.02,Safe (Not Churn)
345,Pooja,0,0.05,Safe (Not Churn)
C346,Pooja,0,0.07,Safe (Not Churn)
C347,Unknown,0,0.03,Safe (Not Churn)
348,Amit,0,0.35,Safe (Not Churn)
349,Ravi,0,0.0,Safe (Not Churn)
C350,Ravi,0,0.04,Safe (Not Churn)
Unknown,Sneha,0,0.02,Safe (Not Churn)
352,Neha,0,0.02,Safe (Not Churn)
C353,Ankit,0,0.01,Safe (Not Churn)
C354,Ravi,0,0.03,Safe (Not Churn)
C355,Unknown,0,0.03,Safe (Not Churn)
C356,Unknown,0,0.0,Safe (Not Churn)
357,Ankit,0,0.2,Safe (Not Churn)
C358,Pooja,0,0.01,Safe (Not Churn)
359,Unknown,0,0.02,Safe (Not Churn)
Unknown,Priya,0,0.04,Safe (Not Churn)
361,Amit,0,0.02,Safe (Not Churn)
C362,Unknown,0,0.11,Safe (Not Churn)
363,Simran,0,0.06,Safe (Not Churn)
C364,Neha,0,0.04,Safe (Not Churn)
365,Ravi,0,0.02,Safe (Not Churn)
C366,Rahul,0,0.04,Safe (Not Churn)
C367,Rahul,0,0.01,Safe (Not Churn)
C368,Ravi,0,0.0,Safe (Not Churn)
369,Unknown,0,0.04,Safe (Not Churn)
370,Rahul,0,0.01,Safe (Not Churn)
C371,Ankit,0,0.03,Safe (Not Churn)
372,Neha,1,0.7,Risk (Churn)
373,Neha,0,0.01,Safe (Not Churn)
Unknown,Amit,1,0.84,Risk (Churn)
Unknown,Pooja,0,0.04,Safe (Not Churn)
Unknown,Simran,0,0.03,Safe (Not Churn)
C377,Ravi,0,0.0,Safe (Not Churn)
C378,Kiran,1,0.7,Risk (Churn)
379,Rahul,0,0.03,Safe (Not Churn)
380,Unknown,0,0.06,Safe (Not Churn)
C381,Priya,1,0.89,Risk (Churn)
Unknown,Ankit,1,0.97,Risk (Churn)
383,Sneha,0,0.02,Safe (Not Churn)
384,Priya,0,0.02,Safe (Not Churn)
385,Kiran,0,0.06,Safe (Not Churn)
C386,Ravi,0,0.18,Safe (Not Churn)
C387,Simran,0,0.0,Safe (Not Churn)
C388,Unknown,0,0.03,Safe (Not Churn)
Unknown,Ankit,1,0.88,Risk (Churn)
Unknown,Ravi,1,0.99,Risk (Churn)
Unknown,Pooja,0,0.05,Safe (Not Churn)
C392,Unknown,0,0.01,Safe (Not Churn)
393,Amit,0,0.02,Safe (Not Churn)
394,Amit,0,0.03,Safe (Not Churn)
395,Amit,0,0.03,Safe (Not Churn)
396,Neha,0,0.03,Safe (Not Churn)
C397,Kiran,0,0.04,Safe (Not Churn)
398,Neha,1,0.96,Risk (Churn)
399,Kiran,0,0.0,Safe (Not Churn)
C400,Sneha,0,0.01,Safe (Not Churn)
Unknown,Unknown,1,0.96,Risk (Churn)
Unknown,Unknown,0,0.0,Safe (Not Churn)
403,Unknown,0,0.02,Safe (Not Churn)
404,Kiran,0,0.03,Safe (Not Churn)
Unknown,Unknown,1,0.96,Risk (Churn)
C406,Kiran,0,0.01,Safe (Not Churn)
407,Kiran,0,0.0,Safe (Not Churn)
408,Pooja,1,0.62,Risk (Churn)
Unknown,Priya,0,0.03,Safe (Not Churn)
Unknown,Simran,0,0.17,Safe (Not Churn)
C411,Neha,0,0.03,Safe (Not Churn)
Unknown,Unknown,0,0.04,Safe (Not Churn)
413,Pooja,0,0.05,Safe (Not Churn)
414,Ankit,0,0.0,Safe (Not Churn)
415,Priya,1,0.97,Risk (Churn)
416,Sneha,0,0.04,Safe (Not Churn)
C417,Unknown,1,1.0,Risk (Churn)
Unknown,Priya,0,0.02,Safe (Not Churn)
C419,Kiran,0,0.01,Safe (Not Churn)
Unknown,Ankit,0,0.01,Safe (Not Churn)
Unknown,Rahul,0,0.03,Safe (Not Churn)
C422,Ravi,0,0.0,Safe (Not Churn)
C423,Pooja,0,0.01,Safe (Not Churn)
424,Kiran,1,0.98,Risk (Churn)
C425,Kiran,1,0.99,Risk (Churn)
426,Simran,1,0.96,Risk (Churn)
427,Rahul,0,0.02,Safe (Not Churn)
428,Sneha,1,0.62,Risk (Churn)
429,Rahul,0,0.08,Safe (Not Churn)
430,Ravi,0,0.0,Safe (Not Churn)
C431,Ankit,0,0.09,Safe (Not Churn)
432,Amit,0,0.0,Safe (Not Churn)
C433,Pooja,1,0.99,Risk (Churn)
Unknown,Amit,0,0.1,Safe (Not Churn)
C435,Neha,0,0.03,Safe (Not Churn)
436,Pooja,0,0.04,Safe (Not Churn)
437,Pooja,0,0.02,Safe (Not Churn)
438,Unknown,0,0.02,Safe (Not Churn)
Unknown,Ravi,0,0.04,Safe (Not Churn)
440,Sneha,1,0.93,Risk (Churn)
441,Sneha,0,0.03,Safe (Not Churn)
442,Kiran,0,0.08,Safe (Not Churn)
443,Pooja,0,0.02,Safe (Not Churn)
C444,Rahul,1,1.0,Risk (Churn)
445,Sneha,0,0.01,Safe (Not Churn)
446,Neha,0,0.04,Safe (Not Churn)
447,Unknown,0,0.03,Safe (Not Churn)
C448,Unknown,0,0.01,Safe (Not Churn)
449,Amit,0,0.07,Safe (Not Churn)
Unknown,Rahul,0,0.01,Safe (Not Churn)
C451,Priya,0,0.04,Safe (Not Churn)
452,Amit,0,0.01,Safe (Not Churn)
453,Neha,0,0.01,Safe (Not Churn)
454,Unknown,1,0.97,Risk (Churn)
455,Priya,0,0.0,Safe (Not Churn)
Unknown,Ravi,0,0.04,Safe (Not Churn)
457,Pooja,0,0.17,Safe (Not Churn)
C458,Amit,0,0.02,Safe (Not Churn)
C459,Unknown,1,0.93,Risk (Churn)
Unknown,Ankit,0,0.01,Safe (Not Churn)
461,Amit,0,0.0,Safe (Not Churn)
Unknown,Priya,0,0.05,Safe (Not Churn)
Unknown,Amit,1,0.68,Risk (Churn)
Unknown,Unknown,0,0.03,Safe (Not Churn)
C465,Kiran,0,0.06,Safe (Not Churn)
466,Neha,0,0.02,Safe (Not Churn)
Unknown,Ravi,0,0.07,Safe (Not Churn)
C468,Rahul,0,0.0,Safe (Not Churn)
Unknown,Simran,0,0.03,Safe (Not Churn)
C470,Neha,1,1.0,Risk (Churn)
471,Unknown,0,0.2,Safe (Not Churn)
472,Ravi,0,0.01,Safe (Not Churn)
473,Unknown,0,0.41,Safe (Not Churn)
C474,Rahul,0,0.04,Safe (Not Churn)
475,Pooja,1,0.95,Risk (Churn)
C476,Kiran,0,0.02,Safe (Not Churn)
Unknown,Sneha,0,0.03,Safe (Not Churn)
Unknown,Unknown,0,0.02,Safe (Not Churn)
479,Unknown,0,0.02,Safe (Not Churn)
480,Priya,0,0.04,Safe (Not Churn)
C481,Ravi,0,0.0,Safe (Not Churn)
482,Priya,0,0.03,Safe (Not Churn)
C483,Priya,0,0.06,Safe (Not Churn)
484,Unknown,0,0.12,Safe (Not Churn)
Unknown,Kiran,0,0.01,Safe (Not Churn)
C486,Neha,0,0.01,Safe (Not Churn)
487,Kiran,1,0.64,Risk (Churn)
488,Unknown,0,0.01,Safe (Not Churn)
489,Unknown,0,0.06,Safe (Not Churn)
490,Priya,1,0.94,Risk (Churn)
Unknown,Ravi,1,0.97,Risk (Churn)
492,Priya,0,0.06,Safe (Not Churn)
C493,Simran,0,0.05,Safe (Not Churn)
494,Rahul,0,0.04,Safe (Not Churn)
Unknown,Pooja,0,0.06,Safe (Not Churn)
496,Neha,0,0.14,Safe (Not Churn)
Unknown,Ravi,0,0.03,Safe (Not Churn)
498,Rahul,0,0.02,Safe (Not Churn)
Unknown,Amit,0,0.18,Safe (Not Churn)
500,Sneha,0,0.0,Safe (Not Churn)
Unknown,Simran,0,0.03,Safe (Not Churn)
C502,Kiran,0,0.0,Safe (Not Churn)
503,Simran,0,0.18,Safe (Not Churn)
C504,Unknown,1,0.93,Risk (Churn)
505,Pooja,0,0.01,Safe (Not Churn)
506,Kiran,0,0.01,Safe (Not Churn)
507,Sneha,0,0.03,Safe (Not Churn)
Unknown,Neha,0,0.05,Safe (Not Churn)
509,Ravi,0,0.04,Safe (Not Churn)
C510,Ravi,0,0.05,Safe (Not Churn)
511,Kiran,0,0.01,Safe (Not Churn)
C512,Ankit,0,0.01,Safe (Not Churn)
513,Ravi,0,0.02,Safe (Not Churn)
514,Amit,0,0.02,Safe (Not Churn)
515,Sneha,1,0.56,Risk (Churn)
C516,Simran,1,0.7,Risk (Churn)
C517,Pooja,0,0.02,Safe (Not Churn)
518,Simran,1,0.98,Risk (Churn)
519,Rahul,0,0.01,Safe (Not Churn)
C520,Kiran,1,0.98,Risk (Churn)
C521,Priya,0,0.03,Safe (Not Churn)
522,Sneha,1,0.93,Risk (Churn)
523,Ankit,0,0.01,Safe (Not Churn)
C524,Unknown,0,0.02,Safe (Not Churn)
C525,Neha,0,0.02,Safe (Not Churn)
C526,Neha,1,0.96,Risk (Churn)
527,Kiran,1,0.96,Risk (Churn)
Unknown,Neha,0,0.08,Safe (Not Churn)
529,Amit,0,0.04,Safe (Not Churn)
530,Ravi,0,0.02,Safe (Not Churn)
C531,Pooja,0,0.03,Safe (Not Churn)
532,Neha,0,0.07,Safe (Not Churn)
C533,Priya,0,0.06,Safe (Not Churn)
534,Ankit,0,0.01,Safe (Not Churn)
Unknown,Kiran,0,0.02,Safe (Not Churn)
C536,Unknown,0,0.1,Safe (Not Churn)
C537,Ravi,1,0.85,Risk (Churn)
Unknown,Neha,1,0.97,Risk (Churn)
C539,Neha,0,0.0,Safe (Not Churn)
540,Rahul,0,0.06,Safe (Not Churn)
541,Unknown,1,0.97,Risk (Churn)
542,Kiran,0,0.01,Safe (Not Churn)
Unknown,Ravi,0,0.01,Safe (Not Churn)
544,Simran,0,0.0,Safe (Not Churn)
545,Rahul,0,0.05,Safe (Not Churn)
546,Ankit,0,0.02,Safe (Not Churn)
547,Neha,0,0.03,Safe (Not Churn)
C548,Neha,0,0.0,Safe (Not Churn)
Unknown,Kiran,0,0.02,Safe (Not Churn)
Unknown,Simran,1,0.93,Risk (Churn)
C551,Kiran,0,0.01,Safe (Not Churn)
552,Neha,0,0.01,Safe (Not Churn)
553,Unknown,0,0.01,Safe (Not Churn)
554,Unknown,0,0.03,Safe (Not Churn)
555,Amit,0,0.01,Safe (Not Churn)
556,Simran,0,0.01,Safe (Not Churn)
557,Priya,0,0.03,Safe (Not Churn)
558,Simran,0,0.45,Safe (Not Churn)
559,Unknown,1,0.97,Risk (Churn)
Unknown,Ankit,0,0.04,Safe (Not Churn)
561,Ankit,0,0.0,Safe (Not Churn)
562,Amit,1,0.92,Risk (Churn)
563,Sneha,0,0.01,Safe (Not Churn)
564,Pooja,0,0.38,Safe (Not Churn)
C565,Unknown,0,0.06,Safe (Not Churn)
Unknown,Amit,0,0.08,Safe (Not Churn)
567,Unknown,1,0.99,Risk (Churn)
Unknown,Unknown,0,0.05,Safe (Not Churn)
Unknown,Amit,1,0.94,Risk (Churn)
570,Priya,0,0.0,Safe (Not Churn)
Unknown,Kiran,0,0.0,Safe (Not Churn)
572,Ankit,0,0.01,Safe (Not Churn)
573,Priya,0,0.01,Safe (Not Churn)
574,Sneha,0,0.02,Safe (Not Churn)
575,Kiran,1,0.98,Risk (Churn)
576,Ravi,0,0.02,Safe (Not Churn)
577,Ankit,0,0.03,Safe (Not Churn)
578,Priya,0,0.04,Safe (Not Churn)
Unknown,Amit,0,0.02,Safe (Not Churn)
Unknown,Ankit,0,0.1,Safe (Not Churn)
Unknown,Ankit,0,0.03,Safe (Not Churn)
582,Ravi,0,0.11,Safe (Not Churn)
583,Ankit,0,0.01,Safe (Not Churn)
584,Kiran,1,0.96,Risk (Churn)
C585,Neha,0,0.04,Safe (Not Churn)
Unknown,Amit,0,0.02,Safe (Not Churn)
C587,Amit,0,0.01,Safe (Not Churn)
588,Sneha,0,0.02,Safe (Not Churn)
Unknown,Simran,0,0.04,Safe (Not Churn)
C590,Rahul,0,0.05,Safe (Not Churn)
Unknown,Neha,0,0.03,Safe (Not Churn)
Unknown,Amit,0,0.02,Safe (Not Churn)
593,Sneha,1,0.93,Risk (Churn)
594,Sneha,0,0.03,Safe (Not Churn)
C595,Unknown,0,0.01,Safe (Not Churn)
596,Simran,0,0.06,Safe (Not Churn)
597,Sneha,0,0.03,Safe (Not Churn)
C598,Sneha,0,0.03,Safe (Not Churn)
Unknown,Ankit,0,0.02,Safe (Not Churn)
600,Ravi,0,0.47,Safe (Not Churn)
C601,Simran,1,0.96,Risk (Churn)
602,Ravi,0,0.01,Safe (Not Churn)
Unknown,Priya,0,0.04,Safe (Not Churn)
Unknown,Ankit,0,0.02,Safe (Not Churn)
605,Unknown,0,0.01,Safe (Not Churn)
Unknown,Sneha,0,0.11,Safe (Not Churn)
C607,Amit,0,0.02,Safe (Not Churn)
Unknown,Kiran,0,0.03,Safe (Not Churn)
Unknown,Priya,0,0.01,Safe (Not Churn)
610,Unknown,0,0.03,Safe (Not Churn)
611,Amit,1,0.6,Risk (Churn)
C612,Priya,0,0.0,Safe (Not Churn)
613,Unknown,1,0.96,Risk (Churn)
614,Unknown,0,0.02,Safe (Not Churn)
615,Ravi,0,0.02,Safe (Not Churn)
616,Sneha,0,0.0,Safe (Not Churn)
617,Unknown,0,0.02,Safe (Not Churn)
618,Unknown,0,0.06,Safe (Not Churn)
Unknown,Amit,0,0.11,Safe (Not Churn)
Unknown,Rahul,1,0.88,Risk (Churn)
621,Sneha,0,0.0,Safe (Not Churn)
622,Unknown,0,0.03,Safe (Not Churn)
Unknown,Neha,1,0.94,Risk (Churn)
624,Unknown,0,0.03,Safe (Not Churn)
Unknown,Pooja,0,0.06,Safe (Not Churn)
626,Ravi,1,0.94,Risk (Churn)
C627,Unknown,1,1.0,Risk (Churn)
Unknown,Ankit,0,0.06,Safe (Not Churn)
C629,Neha,0,0.41,Safe (Not Churn)
C630,Simran,0,0.08,Safe (Not Churn)
C631,Unknown,0,0.01,Safe (Not Churn)
632,Sneha,0,0.02,Safe (Not Churn)
Unknown,Sneha,0,0.02,Safe (Not Churn)
634,Priya,0,0.02,Safe (Not Churn)
C635,Pooja,1,0.96,Risk (Churn)
Unknown,Ravi,0,0.12,Safe (Not Churn)
637,Rahul,0,0.01,Safe (Not Churn)
638,Kiran,0,0.02,Safe (Not Churn)
639,Amit,0,0.04,Safe (Not Churn)
Unknown,Simran,0,0.05,Safe (Not Churn)
C641,Amit,1,0.62,Risk (Churn)
642,Ankit,0,0.01,Safe (Not Churn)
C643,Priya,1,0.98,Risk (Churn)
644,Pooja,0,0.03,Safe (Not Churn)
645,Priya,1,0.94,Risk (Churn)
646,Unknown,1,0.96,Risk (Churn)
647,Ravi,0,0.03,Safe (Not Churn)
648,Ankit,0,0.01,Safe (Not Churn)
C649,Rahul,1,1.0,Risk (Churn)
C650,Unknown,0,0.03,Safe (Not Churn)
651,Sneha,0,0.07,Safe (Not Churn)
Unknown,Kiran,0,0.05,Safe (Not Churn)
653,Amit,0,0.06,Safe (Not Churn)
654,Amit,1,0.98,Risk (Churn)
C655,Ankit,0,0.04,Safe (Not Churn)
656,Neha,0,0.02,Safe (Not Churn)
657,Ravi,0,0.05,Safe (Not Churn)
658,Ravi,0,0.06,Safe (Not Churn)
659,Sneha,0,0.01,Safe (Not Churn)
660,Rahul,1,0.99,Risk (Churn)
661,Ankit,1,0.98,Risk (Churn)
662,Sneha,1,0.97,Risk (Churn)
C663,Priya,0,0.03,Safe (Not Churn)
664,Simran,0,0.01,Safe (Not Churn)
665,Rahul,1,1.0,Risk (Churn)
666,Sneha,0,0.02,Safe (Not Churn)
667,Unknown,1,0.96,Risk (Churn)
668,Priya,0,0.02,Safe (Not Churn)
C669,Sneha,0,0.02,Safe (Not Churn)
670,Neha,0,0.0,Safe (Not Churn)
C671,Unknown,1,0.98,Risk (Churn)
672,Unknown,0,0.09,Safe (Not Churn)
C673,Simran,0,0.01,Safe (Not Churn)
Unknown,Rahul,0,0.04,Safe (Not Churn)
675,Unknown,1,0.92,Risk (Churn)
C676,Unknown,0,0.02,Safe (Not Churn)
C677,Rahul,0,0.02,Safe (Not Churn)
C678,Priya,0,0.02,Safe (Not Churn)
C679,Ankit,0,0.01,Safe (Not Churn)
C680,Kiran,0,0.04,Safe (Not Churn)
681,Amit,0,0.0,Safe (Not Churn)
682,Kiran,1,0.98,Risk (Churn)
683,Unknown,0,0.05,Safe (Not Churn)
Unknown,Neha,0,0.05,Safe (Not Churn)
685,Kiran,0,0.03,Safe (Not Churn)
686,Ravi,0,0.0,Safe (Not Churn)
C687,Unknown,0,0.07,Safe (Not Churn)
688,Simran,0,0.06,Safe (Not Churn)
Unknown,Priya,0,0.02,Safe (Not Churn)
690,Pooja,0,0.08,Safe (Not Churn)
C691,Sneha,1,0.99,Risk (Churn)
Unknown,Unknown,1,0.88,Risk (Churn)
C693,Unknown,0,0.02,Safe (Not Churn)
Unknown,Rahul,1,0.98,Risk (Churn)
695,Neha,0,0.05,Safe (Not Churn)
C696,Kiran,0,0.04,Safe (Not Churn)
697,Priya,0,0.08,Safe (Not Churn)
698,Priya,0,0.0,Safe (Not Churn)
699,Amit,0,0.09,Safe (Not Churn)
700,Kiran,0,0.0,Safe (Not Churn)
701,Pooja,0,0.02,Safe (Not Churn)
C702,Neha,0,0.03,Safe (Not Churn)
703,Priya,0,0.06,Safe (Not Churn)
Unknown,Ankit,0,0.0,Safe (Not Churn)
705,Unknown,0,0.02,Safe (Not Churn)
Unknown,Ravi,0,0.13,Safe (Not Churn)
C707,Rahul,0,0.01,Safe (Not Churn)
708,Neha,0,0.03,Safe (Not Churn)
709,Simran,0,0.02,Safe (Not Churn)
C710,Simran,0,0.05,Safe (Not Churn)
C711,Priya,1,0.92,Risk (Churn)
C712,Amit,1,0.87,Risk (Churn)
C713,Priya,0,0.08,Safe (Not Churn)
Unknown,Amit,0,0.03,Safe (Not Churn)
715,Unknown,1,0.96,Risk (Churn)
716,Unknown,0,0.31,Safe (Not Churn)
Unknown,Rahul,0,0.02,Safe (Not Churn)
C718,Kiran,0,0.01,Safe (Not Churn)
719,Unknown,0,0.12,Safe (Not Churn)
720,Neha,1,0.95,Risk (Churn)
721,Rahul,0,0.01,Safe (Not Churn)
Unknown,Neha,0,0.0,Safe (Not Churn)
C723,Amit,0,0.0,Safe (Not Churn)
C724,Priya,0,0.01,Safe (Not Churn)
Unknown,Sneha,1,0.91,Risk (Churn)
C726,Ravi,0,0.01,Safe (Not Churn)
727,Kiran,0,0.05,Safe (Not Churn)
C728,Sneha,0,0.05,Safe (Not Churn)
729,Unknown,0,0.03,Safe (Not Churn)
730,Pooja,0,0.02,Safe (Not Churn)
Unknown,Ravi,0,0.02,Safe (Not Churn)
732,Priya,0,0.01,Safe (Not Churn)
Unknown,Kiran,0,0.02,Safe (Not Churn)
C734,Sneha,1,0.67,Risk (Churn)
735,Pooja,0,0.01,Safe (Not Churn)
736,Amit,1,0.99,Risk (Churn)
C737,Sneha,0,0.01,Safe (Not Churn)
C738,Sneha,0,0.07,Safe (Not Churn)
739,Unknown,0,0.01,Safe (Not Churn)
740,Simran,0,0.05,Safe (Not Churn)
741,Rahul,0,0.01,Safe (Not Churn)
742,Unknown,0,0.01,Safe (Not Churn)
C743,Ankit,0,0.02,Safe (Not Churn)
C744,Neha,1,0.99,Risk (Churn)
Unknown,Unknown,1,0.95,Risk (Churn)
746,Pooja,0,0.11,Safe (Not Churn)
747,Unknown,0,0.02,Safe (Not Churn)
748,Unknown,0,0.02,Safe (Not Churn)
749,Amit,0,0.02,Safe (Not Churn)
750,Ankit,0,0.05,Safe (Not Churn)
Unknown,Unknown,0,0.03,Safe (Not Churn)
752,Ankit,0,0.02,Safe (Not Churn)
Unknown,Rahul,0,0.08,Safe (Not Churn)
Unknown,Unknown,0,0.01,Safe (Not Churn)
755,Pooja,1,0.86,Risk (Churn)
756,Neha,1,1.0,Risk (Churn)
Unknown,Unknown,0,0.01,Safe (Not Churn)
758,Unknown,1,0.99,Risk (Churn)
759,Priya,0,0.0,Safe (Not Churn)
760,Kiran,0,0.0,Safe (Not Churn)
Unknown,Unknown,0,0.04,Safe (Not Churn)
762,Ravi,0,0.01,Safe (Not Churn)
C763,Ravi,0,0.0,Safe (Not Churn)
764,Sneha,1,0.95,Risk (Churn)
765,Rahul,0,0.49,Safe (Not Churn)
766,Sneha,0,0.01,Safe (Not Churn)
767,Rahul,0,0.0,Safe (Not Churn)
C768,Ravi,0,0.05,Safe (Not Churn)
769,Priya,0,0.04,Safe (Not Churn)
770,Ankit,0,0.0,Safe (Not Churn)
C771,Neha,0,0.11,Safe (Not Churn)
772,Unknown,1,0.96,Risk (Churn)
C773,Amit,0,0.01,Safe (Not Churn)
774,Pooja,0,0.04,Safe (Not Churn)
Unknown,Sneha,1,0.95,Risk (Churn)
Unknown,Kiran,0,0.2,Safe (Not Churn)
Unknown,Priya,0,0.0,Safe (Not Churn)
C778,Priya,0,0.0,Safe (Not Churn)
C779,Pooja,1,0.97,Risk (Churn)
780,Unknown,1,0.97,Risk (Churn)
C781,Ankit,1,1.0,Risk (Churn)
C782,Ankit,0,0.06,Safe (Not Churn)
783,Ankit,1,0.99,Risk (Churn)
784,Kiran,0,0.01,Safe (Not Churn)
785,Neha,1,0.98,Risk (Churn)
C786,Ankit,0,0.04,Safe (Not Churn)
787,Unknown,0,0.0,Safe (Not Churn)
C788,Ravi,0,0.03,Safe (Not Churn)
C789,Neha,0,0.0,Safe (Not Churn)
790,Unknown,1,0.86,Risk (Churn)
791,Kiran,0,0.01,Safe (Not Churn)
C792,Unknown,0,0.12,Safe (Not Churn)
Unknown,Rahul,0,0.01,Safe (Not Churn)
794,Pooja,1,0.95,Risk (Churn)
795,Ravi,0,0.34,Safe (Not Churn)
796,Neha,0,0.06,Safe (Not Churn)
797,Sneha,1,0.89,Risk (Churn)
Unknown,Simran,1,0.97,Risk (Churn)
Unknown,Sneha,1,0.96,Risk (Churn)
800,Ravi,0,0.0,Safe (Not Churn)
Unknown,Sneha,0,0.02,Safe (Not Churn)
802,Sneha,0,0.01,Safe (Not Churn)
803,Unknown,0,0.09,Safe (Not Churn)
Unknown,Ravi,0,0.01,Safe (Not Churn)
805,Ravi,0,0.0,Safe (Not Churn)
806,Kiran,1,0.96,Risk (Churn)
807,Priya,1,0.99,Risk (Churn)
808,Amit,0,0.03,Safe (Not Churn)
Unknown,Ankit,0,0.01,Safe (Not Churn)
C810,Rahul,0,0.03,Safe (Not Churn)
811,Unknown,0,0.02,Safe (Not Churn)
Unknown,Unknown,0,0.05,Safe (Not Churn)
C813,Simran,0,0.03,Safe (Not Churn)
C814,Priya,1,0.75,Risk (Churn)
815,Unknown,0,0.01,Safe (Not Churn)
816,Ankit,0,0.0,Safe (Not Churn)
817,Pooja,0,0.06,Safe (Not Churn)
818,Simran,0,0.0,Safe (Not Churn)
C819,Simran,0,0.03,Safe (Not Churn)
820,Priya,0,0.02,Safe (Not Churn)
821,Pooja,1,0.86,Risk (Churn)
822,Simran,1,0.65,Risk (Churn)
Unknown,Sneha,0,0.0,Safe (Not Churn)
824,Ravi,0,0.03,Safe (Not Churn)
Unknown,Priya,0,0.0,Safe (Not Churn)
Unknown,Sneha,0,0.05,Safe (Not Churn)
Unknown,Kiran,1,0.97,Risk (Churn)
828,Unknown,0,0.04,Safe (Not Churn)
C829,Ravi,1,0.98,Risk (Churn)
Unknown,Kiran,1,0.99,Risk (Churn)
831,Ravi,0,0.0,Safe (Not Churn)
832,Simran,0,0.02,Safe (Not Churn)
833,Unknown,0,0.03,Safe (Not Churn)
C834,Rahul,0,0.01,Safe (Not Churn)
C835,Kiran,0,0.04,Safe (Not Churn)
836,Simran,0,0.02,Safe (Not Churn)
837,Amit,0,0.03,Safe (Not Churn)
838,Priya,0,0.0,Safe (Not Churn)
839,Simran,0,0.04,Safe (Not Churn)
C840,Priya,0,0.03,Safe (Not Churn)
C841,Unknown,0,0.38,Safe (Not Churn)
C842,Priya,0,0.01,Safe (Not Churn)
Unknown,Priya,0,0.02,Safe (Not Churn)
Unknown,Rahul,0,0.01,Safe (Not Churn)
Unknown,Sneha,0,0.05,Safe (Not Churn)
Unknown,Sneha,0,0.03,Safe (Not Churn)
847,Neha,0,0.02,Safe (Not Churn)
Unknown,Pooja,1,0.97,Risk (Churn)
C849,Ankit,0,0.01,Safe (Not Churn)
850,Simran,1,0.95,Risk (Churn)
C851,Neha,0,0.0,Safe (Not Churn)
Unknown,Ankit,0,0.09,Safe (Not Churn)
Unknown,Ankit,0,0.02,Safe (Not Churn)
C854,Simran,1,0.97,Risk (Churn)
C855,Pooja,0,0.03,Safe (Not Churn)
C856,Priya,1,0.94,Risk (Churn)
Unknown,Unknown,1,0.6,Risk (Churn)
858,Ravi,0,0.0,Safe (Not Churn)
C859,Unknown,0,0.03,Safe (Not Churn)
860,Neha,0,0.16,Safe (Not Churn)
C861,Priya,0,0.01,Safe (Not Churn)
862,Ravi,0,0.0,Safe (Not Churn)
863,Kiran,0,0.05,Safe (Not Churn)
864,Rahul,0,0.04,Safe (Not Churn)
865,Amit,0,0.02,Safe (Not Churn)
C866,Unknown,0,0.06,Safe (Not Churn)
867,Ankit,0,0.01,Safe (Not Churn)
C868,Priya,1,0.97,Risk (Churn)
869,Ankit,1,0.98,Risk (Churn)
870,Neha,0,0.08,Safe (Not Churn)
Unknown,Ravi,0,0.0,Safe (Not Churn)
Unknown,Simran,1,0.95,Risk (Churn)
873,Unknown,0,0.13,Safe (Not Churn)
C874,Unknown,0,0.09,Safe (Not Churn)
C875,Unknown,0,0.39,Safe (Not Churn)
876,Amit,0,0.02,Safe (Not Churn)
877,Unknown,0,0.05,Safe (Not Churn)
878,Pooja,0,0.06,Safe (Not Churn)
879,Unknown,0,0.3,Safe (Not Churn)
880,Kiran,0,0.01,Safe (Not Churn)
881,Pooja,0,0.05,Safe (Not Churn)
882,Unknown,0,0.06,Safe (Not Churn)
883,Ankit,1,0.68,Risk (Churn)
Unknown,Unknown,0,0.01,Safe (Not Churn)
885,Unknown,0,0.07,Safe (Not Churn)
Unknown,Sneha,0,0.06,Safe (Not Churn)
Unknown,Ravi,0,0.02,Safe (Not Churn)
C888,Kiran,0,0.04,Safe (Not Churn)
C889,Neha,0,0.02,Safe (Not Churn)
Unknown,Ankit,0,0.03,Safe (Not Churn)
891,Ravi,1,0.99,Risk (Churn)
892,Sneha,0,0.02,Safe (Not Churn)
C893,Pooja,0,0.1,Safe (Not Churn)
C894,Rahul,0,0.0,Safe (Not Churn)
C895,Simran,0,0.02,Safe (Not Churn)
Unknown,Pooja,0,0.01,Safe (Not Churn)
Unknown,Sneha,0,0.05,Safe (Not Churn)
C898,Unknown,0,0.1,Safe (Not Churn)
Unknown,Unknown,0,0.0,Safe (Not Churn)
900,Sneha,0,0.0,Safe (Not Churn)
901,Unknown,1,0.87,Risk (Churn)
C902,Kiran,1,0.58,Risk (Churn)
903,Simran,0,0.05,Safe (Not Churn)
C904,Sneha,1,0.82,Risk (Churn)
C905,Priya,0,0.01,Safe (Not Churn)
Unknown,Unknown,0,0.09,Safe (Not Churn)
C907,Amit,0,0.01,Safe (Not Churn)
C908,Simran,0,0.01,Safe (Not Churn)
Unknown,Ankit,0,0.02,Safe (Not Churn)
910,Sneha,0,0.01,Safe (Not Churn)
911,Neha,0,0.01,Safe (Not Churn)
912,Kiran,1,0.95,Risk (Churn)
C913,Kiran,0,0.02,Safe (Not Churn)
Unknown,Simran,0,0.02,Safe (Not Churn)
915,Simran,0,0.04,Safe (Not Churn)
C916,Priya,0,0.0,Safe (Not Churn)
917,Sneha,0,0.05,Safe (Not Churn)
C918,Unknown,0,0.02,Safe (Not Churn)
919,Pooja,1,0.96,Risk (Churn)
920,Unknown,0,0.02,Safe (Not Churn)
921,Rahul,1,0.98,Risk (Churn)
Unknown,Priya,0,0.0,Safe (Not Churn)
923,Unknown,0,0.08,Safe (Not Churn)
Unknown,Priya,0,0.06,Safe (Not Churn)
925,Ankit,0,0.0,Safe (Not Churn)
926,Simran,0,0.48,Safe (Not Churn)
927,Rahul,0,0.04,Safe (Not Churn)
928,Kiran,0,0.06,Safe (Not Churn)
929,Ankit,1,0.75,Risk (Churn)
930,Neha,1,0.92,Risk (Churn)
Unknown,Rahul,1,0.97,Risk (Churn)
932,Rahul,0,0.05,Safe (Not Churn)
C933,Neha,0,0.0,Safe (Not Churn)
Unknown,Ravi,0,0.02,Safe (Not Churn)
935,Neha,0,0.01,Safe (Not Churn)
936,Neha,0,0.03,Safe (Not Churn)
937,Kiran,0,0.05,Safe (Not Churn)
938,Unknown,0,0.06,Safe (Not Churn)
939,Unknown,0,0.12,Safe (Not Churn)
C940,Unknown,0,0.13,Safe (Not Churn)
C941,Sneha,1,0.95,Risk (Churn)
C942,Sneha,1,0.93,Risk (Churn)
943,Kiran,1,0.98,Risk (Churn)
Unknown,Kiran,0,0.06,Safe (Not Churn)
Unknown,Neha,1,1.0,Risk (Churn)
946,Kiran,0,0.31,Safe (Not Churn)
C947,Unknown,0,0.08,Safe (Not Churn)
948,Ankit,0,0.01,Safe (Not Churn)
Unknown,Unknown,0,0.01,Safe (Not Churn)
C950,Pooja,0,0.04,Safe (Not Churn)
951,Priya,0,0.05,Safe (Not Churn)
C952,Sneha,1,1.0,Risk (Churn)
C953,Ravi,0,0.01,Safe (Not Churn)
C954,Ankit,0,0.0,Safe (Not Churn)
Unknown,Priya,0,0.1,Safe (Not Churn)
956,Rahul,0,0.04,Safe (Not Churn)
957,Pooja,0,0.01,Safe (Not Churn)
Unknown,Neha,0,0.37,Safe (Not Churn)
C959,Rahul,0,0.01,Safe (Not Churn)
Unknown,Kiran,0,0.0,Safe (Not Churn)
961,Ankit,1,0.91,Risk (Churn)
Unknown,Sneha,0,0.01,Safe (Not Churn)
963,Priya,0,0.06,Safe (Not Churn)
Unknown,Priya,0,0.01,Safe (Not Churn)
965,Unknown,0,0.04,Safe (Not Churn)
966,Rahul,1,0.91,Risk (Churn)
Unknown,Unknown,0,0.03,Safe (Not Churn)
Unknown,Unknown,1,0.98,Risk (Churn)
Unknown,Neha,0,0.01,Safe (Not Churn)
970,Sneha,0,0.04,Safe (Not Churn)
971,Rahul,0,0.07,Safe (Not Churn)
972,Rahul,0,0.01,Safe (Not Churn)
973,Sneha,1,0.91,Risk (Churn)
Unknown,Unknown,0,0.0,Safe (Not Churn)
975,Pooja,1,0.91,Risk (Churn)
Unknown,Unknown,0,0.02,Safe (Not Churn)
Unknown,Sneha,0,0.07,Safe (Not Churn)
978,Neha,0,0.0,Safe (Not Churn)
C979,Ravi,1,0.98,Risk (Churn)
Unknown,Amit,0,0.02,Safe (Not Churn)
981,Rahul,0,0.01,Safe (Not Churn)
Unknown,Amit,0,0.1,Safe (Not Churn)
983,Unknown,0,0.0,Safe (Not Churn)
C984,Pooja,0,0.05,Safe (Not Churn)
Unknown,Amit,1,0.89,Risk (Churn)
986,Simran,0,0.02,Safe (Not Churn)
C987,Neha,0,0.0,Safe (Not Churn)
Unknown,Neha,0,0.0,Safe (Not Churn)
989,Kiran,0,0.0,Safe (Not Churn)
Unknown,Ankit,0,0.06,Safe (Not Churn)
991,Kiran,0,0.01,Safe (Not Churn)
C992,Priya,0,0.05,Safe (Not Churn)
993,Rahul,0,0.15,Safe (Not Churn)
994,Kiran,0,0.16,Safe (Not Churn)
995,Priya,0,0.02,Safe (Not Churn)
C996,Amit,0,0.06,Safe (Not Churn)
997,Ravi,1,0.99,Risk (Churn)
998,Neha,0,0.01,Safe (Not Churn)
Unknown,Ravi,0,0.28,Safe (Not Churn)
Unknown,Amit,0,0.16,Safe (Not Churn)
C1001,Pooja,0,0.05,Safe (Not Churn)
Unknown,Kiran,0,0.04,Safe (Not Churn)
Unknown,Rahul,0,0.03,Safe (Not Churn)
1004,Simran,0,0.12,Safe (Not Churn)
Unknown,Sneha,0,0.03,Safe (Not Churn)
1006,Simran,0,0.11,Safe (Not Churn)
C1007,Sneha,0,0.1,Safe (Not Churn)
1008,Kiran,0,0.15,Safe (Not Churn)
C1009,Pooja,0,0.05,Safe (Not Churn)
Unknown,Ravi,0,0.08,Safe (Not Churn)
1011,Sneha,1,0.97,Risk (Churn)
Unknown,Neha,0,0.0,Safe (Not Churn)
1013,Priya,0,0.11,Safe (Not Churn)
1014,Rahul,1,0.64,Risk (Churn)
Unknown,Ravi,0,0.01,Safe (Not Churn)
C1016,Pooja,0,0.04,Safe (Not Churn)
1017,Kiran,0,0.08,Safe (Not Churn)
Unknown,Kiran,0,0.04,Safe (Not Churn)
1019,Sneha,0,0.12,Safe (Not Churn)
1020,Amit,0,0.49,Safe (Not Churn)
Unknown,Neha,0,0.01,Safe (Not Churn)
C1022,Ravi,0,0.01,Safe (Not Churn)
Unknown,Unknown,0,0.02,Safe (Not Churn)
C1024,Unknown,0,0.0,Safe (Not Churn)
1025,Unknown,1,0.89,Risk (Churn)
C1026,Rahul,0,0.0,Safe (Not Churn)
C1027,Unknown,0,0.03,Safe (Not Churn)
1028,Unknown,0,0.05,Safe (Not Churn)
1029,Amit,0,0.06,Safe (Not Churn)
Unknown,Sneha,0,0.02,Safe (Not Churn)
C1031,Ravi,0,0.29,Safe (Not Churn)
C1032,Simran,1,0.99,Risk (Churn)
1033,Unknown,1,0.74,Risk (Churn)
1034,Ravi,1,0.91,Risk (Churn)
C1035,Ravi,0,0.0,Safe (Not Churn)
Unknown,Priya,0,0.11,Safe (Not Churn)
C1037,Kiran,0,0.06,Safe (Not Churn)
1038,Ankit,0,0.02,Safe (Not Churn)
Unknown,Priya,0,0.0,Safe (Not Churn)
C1040,Pooja,0,0.01,Safe (Not Churn)
Unknown,Kiran,1,0.98,Risk (Churn)
Unknown,Ravi,0,0.01,Safe (Not Churn)
1043,Neha,0,0.06,Safe (Not Churn)
C1044,Kiran,0,0.01,Safe (Not Churn)
1045,Pooja,0,0.08,Safe (Not Churn)
Unknown,Ravi,0,0.0,Safe (Not Churn)
1047,Unknown,0,0.11,Safe (Not Churn)
Unknown,Neha,1,0.61,Risk (Churn)
1049,Unknown,0,0.16,Safe (Not Churn)
1050,Unknown,0,0.49,Safe (Not Churn)
Unknown,Rahul,0,0.01,Safe (Not Churn)
Unknown,Priya,0,0.02,Safe (Not Churn)
Unknown,Ravi,0,0.03,Safe (Not Churn)
C1054,Pooja,0,0.06,Safe (Not Churn)
1055,Pooja,0,0.06,Safe (Not Churn)
C1056,Ankit,0,0.05,Safe (Not Churn)
1057,Kiran,0,0.09,Safe (Not Churn)
1058,Kiran,0,0.1,Safe (Not Churn)
1059,Sneha,1,0.97,Risk (Churn)
1060,Unknown,0,0.05,Safe (Not Churn)
Unknown,Rahul,1,0.91,Risk (Churn)
1062,Priya,1,0.96,Risk (Churn)
1063,Unknown,0,0.08,Safe (Not Churn)
1064,Pooja,0,0.06,Safe (Not Churn)
Unknown,Pooja,0,0.16,Safe (Not Churn)
1066,Priya,0,0.02,Safe (Not Churn)
1067,Ankit,0,0.0,Safe (Not Churn)
Unknown,Ankit,1,0.88,Risk (Churn)
1069,Kiran,1,0.92,Risk (Churn)
1070,Priya,0,0.04,Safe (Not Churn)
1071,Simran,0,0.05,Safe (Not Churn)
Unknown,Ravi,0,0.03,Safe (Not Churn)
Unknown,Simran,0,0.32,Safe (Not Churn)
1074,Pooja,0,0.46,Safe (Not Churn)
Unknown,Rahul,0,0.07,Safe (Not Churn)
1076,Priya,0,0.04,Safe (Not Churn)
C1077,Priya,1,1.0,Risk (Churn)
1078,Kiran,0,0.1,Safe (Not Churn)
1079,Amit,0,0.05,Safe (Not Churn)
Unknown,Ravi,0,0.0,Safe (Not Churn)
Unknown,Ravi,0,0.0,Safe (Not Churn)
Unknown,Neha,0,0.05,Safe (Not Churn)
1083,Neha,1,0.78,Risk (Churn)
1084,Neha,0,0.03,Safe (Not Churn)
C1085,Simran,0,0.0,Safe (Not Churn)
1086,Sneha,0,0.06,Safe (Not Churn)
C1087,Ankit,0,0.06,Safe (Not Churn)
Unknown,Priya,0,0.0,Safe (Not Churn)
C1089,Ravi,0,0.0,Safe (Not Churn)
C1090,Rahul,0,0.05,Safe (Not Churn)
1091,Simran,1,0.98,Risk (Churn)
1092,Unknown,0,0.08,Safe (Not Churn)
C1093,Neha,0,0.02,Safe (Not Churn)
1094,Kiran,0,0.0,Safe (Not Churn)
Unknown,Pooja,0,0.01,Safe (Not Churn)
Unknown,Neha,0,0.14,Safe (Not Churn)
1097,Rahul,0,0.02,Safe (Not Churn)
C1098,Neha,0,0.06,Safe (Not Churn)
Unknown,Unknown,0,0.03,Safe (Not Churn)
1100,Unknown,1,0.99,Risk (Churn)
1101,Unknown,0,0.01,Safe (Not Churn)
Unknown,Amit,1,0.97,Risk (Churn)
1103,Unknown,0,0.03,Safe (Not Churn)
C1104,Unknown,0,0.01,Safe (Not Churn)
1105,Simran,0,0.05,Safe (Not Churn)
1106,Neha,0,0.1,Safe (Not Churn)
C1107,Pooja,0,0.08,Safe (Not Churn)
Unknown,Amit,0,0.06,Safe (Not Churn)
C1109,Amit,0,0.07,Safe (Not Churn)
Unknown,Kiran,0,0.03,Safe (Not Churn)
1111,Ankit,0,0.04,Safe (Not Churn)
C1112,Pooja,0,0.0,Safe (Not Churn)
1113,Ankit,1,0.96,Risk (Churn)
1114,Neha,1,0.82,Risk (Churn)
1115,Pooja,0,0.05,Safe (Not Churn)
Unknown,Sneha,0,0.02,Safe (Not Churn)
1117,Ankit,0,0.02,Safe (Not Churn)
1118,Priya,0,0.05,Safe (Not Churn)
C1119,Rahul,0,0.08,Safe (Not Churn)
1120,Kiran,0,0.08,Safe (Not Churn)
1121,Rahul,0,0.03,Safe (Not Churn)
C1122,Sneha,0,0.0,Safe (Not Churn)
Unknown,Unknown,0,0.06,Safe (Not Churn)
1124,Ravi,0,0.02,Safe (Not Churn)
C1125,Ravi,1,1.0,Risk (Churn)
Unknown,Sneha,0,0.01,Safe (Not Churn)
C1127,Unknown,0,0.04,Safe (Not Churn)
1128,Sneha,0,0.03,Safe (Not Churn)
1129,Amit,0,0.02,Safe (Not Churn)
1130,Neha,0,0.01,Safe (Not Churn)
Unknown,Ankit,0,0.01,Safe (Not Churn)
Unknown,Unknown,0,0.01,Safe (Not Churn)
1133,Kiran,0,0.04,Safe (Not Churn)
1134,Unknown,0,0.09,Safe (Not Churn)
C1135,Unknown,1,0.97,Risk (Churn)
Unknown,Neha,0,0.0,Safe (Not Churn)
1137,Ravi,0,0.04,Safe (Not Churn)
1138,Priya,0,0.02,Safe (Not Churn)
1139,Amit,0,0.04,Safe (Not Churn)
1140,Amit,0,0.02,Safe (Not Churn)
Unknown,Pooja,1,0.98,Risk (Churn)
1142,Kiran,0,0.02,Safe (Not Churn)
Unknown,Unknown,0,0.02,Safe (Not Churn)
1144,Amit,0,0.04,Safe (Not Churn)
1145,Kiran,0,0.03,Safe (Not Churn)
1146,Sneha,1,0.93,Risk (Churn)
1147,Amit,1,0.93,Risk (Churn)
1148,Priya,0,0.07,Safe (Not Churn)
Unknown,Ravi,0,0.02,Safe (Not Churn)
1150,Ankit,0,0.09,Safe (Not Churn)
Unknown,Unknown,0,0.01,Safe (Not Churn)
C1152,Unknown,0,0.01,Safe (Not Churn)
1153,Kiran,0,0.03,Safe (Not Churn)
1154,Unknown,1,0.93,Risk (Churn)
1155,Unknown,0,0.04,Safe (Not Churn)
1156,Ankit,0,0.02,Safe (Not Churn)
1157,Rahul,0,0.1,Safe (Not Churn)
C1158,Pooja,0,0.03,Safe (Not Churn)
1159,Unknown,0,0.07,Safe (Not Churn)
C1160,Neha,0,0.23,Safe (Not Churn)
1161,Ankit,1,0.87,Risk (Churn)
Unknown,Priya,0,0.0,Safe (Not Churn)
1163,Ankit,0,0.01,Safe (Not Churn)
1164,Simran,1,0.96,Risk (Churn)
Unknown,Ankit,1,0.98,Risk (Churn)
1166,Amit,0,0.02,Safe (Not Churn)
Unknown,Pooja,1,0.99,Risk (Churn)
1168,Unknown,1,0.83,Risk (Churn)
C1169,Simran,0,0.42,Safe (Not Churn)
1170,Rahul,0,0.02,Safe (Not Churn)
C1171,Unknown,0,0.04,Safe (Not Churn)
1172,Amit,0,0.0,Safe (Not Churn)
1173,Pooja,0,0.04,Safe (Not Churn)
Unknown,Rahul,0,0.0,Safe (Not Churn)
1175,Kiran,1,0.91,Risk (Churn)
1176,Unknown,1,0.95,Risk (Churn)
1177,Ravi,0,0.04,Safe (Not Churn)
1178,Unknown,0,0.02,Safe (Not Churn)
1179,Amit,0,0.03,Safe (Not Churn)
Unknown,Rahul,1,0.97,Risk (Churn)
1181,Sneha,0,0.06,Safe (Not Churn)
1182,Rahul,0,0.05,Safe (Not Churn)
Unknown,Unknown,0,0.02,Safe (Not Churn)
1184,Rahul,1,0.83,Risk (Churn)
Unknown,Sneha,0,0.04,Safe (Not Churn)
1186,Amit,0,0.07,Safe (Not Churn)
1187,Ankit,1,0.9,Risk (Churn)
C1188,Simran,0,0.01,Safe (Not Churn)
1189,Rahul,1,0.94,Risk (Churn)
1190,Pooja,0,0.08,Safe (Not Churn)
1191,Simran,0,0.02,Safe (Not Churn)
Unknown,Ankit,0,0.07,Safe (Not Churn)
1193,Simran,1,0.96,Risk (Churn)
C1194,Ravi,0,0.03,Safe (Not Churn)
C1195,Sneha,0,0.34,Safe (Not Churn)
C1196,Priya,0,0.03,Safe (Not Churn)
1197,Pooja,0,0.06,Safe (Not Churn)
C1198,Pooja,0,0.0,Safe (Not Churn)
1199,Ravi,0,0.05,Safe (Not Churn)
Unknown,Unknown,0,0.03,Safe (Not Churn)
1201,Kiran,0,0.05,Safe (Not Churn)
1202,Rahul,1,0.56,Risk (Churn)
1203,Unknown,1,0.67,Risk (Churn)
C1204,Ankit,0,0.08,Safe (Not Churn)
1205,Simran,0,0.09,Safe (Not Churn)
1206,Amit,0,0.06,Safe (Not Churn)
1207,Unknown,1,0.93,Risk (Churn)
Unknown,Unknown,0,0.01,Safe (Not Churn)
1209,Neha,1,0.83,Risk (Churn)
Unknown,Ankit,0,0.01,Safe (Not Churn)
Unknown,Ravi,0,0.03,Safe (Not Churn)
Unknown,Unknown,0,0.05,Safe (Not Churn)
1213,Rahul,0,0.01,Safe (Not Churn)
Unknown,Unknown,0,0.14,Safe (Not Churn)
1215,Unknown,0,0.03,Safe (Not Churn)
C1216,Unknown,0,0.08,Safe (Not Churn)
Unknown,Pooja,0,0.01,Safe (Not Churn)
1218,Unknown,0,0.03,Safe (Not Churn)
Unknown,Ankit,0,0.03,Safe (Not Churn)
C1220,Pooja,0,0.02,Safe (Not Churn)
C1221,Sneha,0,0.01,Safe (Not Churn)
1222,Unknown,1,0.83,Risk (Churn)
1223,Rahul,0,0.08,Safe (Not Churn)
Unknown,Neha,0,0.14,Safe (Not Churn)
1225,Neha,0,0.06,Safe (Not Churn)
Unknown,Rahul,0,0.05,Safe (Not Churn)
1227,Neha,0,0.04,Safe (Not Churn)
1228,Neha,0,0.11,Safe (Not Churn)
1229,Ravi,0,0.06,Safe (Not Churn)
1230,Ankit,0,0.03,Safe (Not Churn)
C1231,Ravi,0,0.01,Safe (Not Churn)
Unknown,Pooja,1,0.97,Risk (Churn)
1233,Unknown,0,0.02,Safe (Not Churn)
1234,Kiran,0,0.38,Safe (Not Churn)
1235,Sneha,0,0.09,Safe (Not Churn)
1236,Kiran,0,0.02,Safe (Not Churn)
C1237,Unknown,1,0.94,Risk (Churn)
C1238,Sneha,0,0.05,Safe (Not Churn)
1239,Ankit,0,0.02,Safe (Not Churn)
C1240,Pooja,0,0.01,Safe (Not Churn)
1241,Simran,1,0.75,Risk (Churn)
Unknown,Ankit,0,0.0,Safe (Not Churn)
Unknown,Neha,0,0.06,Safe (Not Churn)
C1244,Kiran,1,0.98,Risk (Churn)
1245,Simran,0,0.0,Safe (Not Churn)
1246,Rahul,1,0.89,Risk (Churn)
1247,Unknown,0,0.03,Safe (Not Churn)
Unknown,Unknown,1,0.67,Risk (Churn)
Unknown,Rahul,0,0.0,Safe (Not Churn)
1250,Kiran,0,0.07,Safe (Not Churn)
C1251,Sneha,0,0.02,Safe (Not Churn)
1252,Unknown,0,0.06,Safe (Not Churn)
1253,Neha,1,0.94,Risk (Churn)
C1254,Rahul,0,0.0,Safe (Not Churn)
C1255,Rahul,0,0.04,Safe (Not Churn)
1256,Ankit,0,0.04,Safe (Not Churn)
1257,Neha,0,0.04,Safe (Not Churn)
Unknown,Rahul,0,0.02,Safe (Not Churn)
Unknown,Sneha,1,0.99,Risk (Churn)
1260,Pooja,0,0.09,Safe (Not Churn)
Unknown,Ankit,0,0.01,Safe (Not Churn)
1262,Ankit,0,0.05,Safe (Not Churn)
1263,Ankit,0,0.09,Safe (Not Churn)
C1264,Neha,0,0.0,Safe (Not Churn)
Unknown,Pooja,1,0.97,Risk (Churn)
1266,Pooja,1,0.75,Risk (Churn)
C1267,Priya,0,0.03,Safe (Not Churn)
1268,Pooja,1,0.9,Risk (Churn)
Unknown,Neha,0,0.04,Safe (Not Churn)
1270,Rahul,1,0.85,Risk (Churn)
1271,Ankit,0,0.02,Safe (Not Churn)
Unknown,Priya,0,0.01,Safe (Not Churn)
Unknown,Pooja,0,0.17,Safe (Not Churn)
1274,Sneha,0,0.26,Safe (Not Churn)
Unknown,Kiran,0,0.1,Safe (Not Churn)
Unknown,Pooja,1,0.98,Risk (Churn)
1277,Kiran,0,0.09,Safe (Not Churn)
Unknown,Neha,0,0.04,Safe (Not Churn)
C1279,Unknown,0,0.02,Safe (Not Churn)
1280,Amit,0,0.07,Safe (Not Churn)
Unknown,Pooja,0,0.0,Safe (Not Churn)
1282,Ravi,0,0.02,Safe (Not Churn)
1283,Unknown,0,0.01,Safe (Not Churn)
Unknown,Unknown,0,0.15,Safe (Not Churn)
1285,Ankit,0,0.02,Safe (Not Churn)
1286,Pooja,0,0.03,Safe (Not Churn)
1287,Ankit,0,0.05,Safe (Not Churn)
C1288,Priya,0,0.05,Safe (Not Churn)
1289,Pooja,1,0.65,Risk (Churn)
C1290,Pooja,1,0.96,Risk (Churn)
1291,Priya,0,0.03,Safe (Not Churn)
1292,Simran,0,0.01,Safe (Not Churn)
1293,Amit,0,0.08,Safe (Not Churn)
1294,Ankit,0,0.03,Safe (Not Churn)
Unknown,Pooja,0,0.0,Safe (Not Churn)
Unknown,Simran,0,0.06,Safe (Not Churn)
1297,Priya,0,0.08,Safe (Not Churn)
Unknown,Priya,0,0.03,Safe (Not Churn)
1299,Rahul,0,0.07,Safe (Not Churn)
1300,Unknown,0,0.15,Safe (Not Churn)
C1301,Rahul,0,0.33,Safe (Not Churn)
C1302,Amit,0,0.06,Safe (Not Churn)
1303,Unknown,1,0.93,Risk (Churn)
C1304,Unknown,0,0.03,Safe (Not Churn)
1305,Unknown,1,0.83,Risk (Churn)
C1306,Kiran,0,0.09,Safe (Not Churn)
C1307,Amit,0,0.02,Safe (Not Churn)
C1308,Ankit,0,0.0,Safe (Not Churn)
Unknown,Rahul,0,0.04,Safe (Not Churn)
C1310,Rahul,0,0.03,Safe (Not Churn)
C1311,Priya,0,0.01,Safe (Not Churn)
C1312,Ankit,0,0.05,Safe (Not Churn)
Unknown,Kiran,1,0.99,Risk (Churn)
C1314,Unknown,1,0.96,Risk (Churn)
1315,Rahul,0,0.03,Safe (Not Churn)
1316,Pooja,0,0.01,Safe (Not Churn)
1317,Amit,0,0.06,Safe (Not Churn)
1318,Kiran,0,0.0,Safe (Not Churn)
1319,Pooja,0,0.01,Safe (Not Churn)
1320,Amit,0,0.02,Safe (Not Churn)
1321,Sneha,0,0.08,Safe (Not Churn)
1322,Simran,1,0.97,Risk (Churn)
Unknown,Unknown,1,1.0,Risk (Churn)
C1324,Pooja,0,0.0,Safe (Not Churn)
Unknown,Ravi,1,0.99,Risk (Churn)
C1326,Unknown,0,0.0,Safe (Not Churn)
1327,Rahul,0,0.05,Safe (Not Churn)
Unknown,Kiran,0,0.01,Safe (Not Churn)
1329,Pooja,0,0.04,Safe (Not Churn)
1330,Sneha,0,0.06,Safe (Not Churn)
1331,Neha,1,0.84,Risk (Churn)
Unknown,Ravi,0,0.01,Safe (Not Churn)
1333,Unknown,0,0.11,Safe (Not Churn)
1334,Kiran,0,0.0,Safe (Not Churn)
1335,Pooja,0,0.02,Safe (Not Churn)
1336,Ravi,1,0.81,Risk (Churn)
1337,Simran,0,0.03,Safe (Not Churn)
C1338,Amit,0,0.01,Safe (Not Churn)
C1339,Ravi,0,0.01,Safe (Not Churn)
1340,Unknown,0,0.3,Safe (Not Churn)
C1341,Neha,0,0.0,Safe (Not Churn)
C1342,Ravi,0,0.0,Safe (Not Churn)
Unknown,Neha,0,0.02,Safe (Not Churn)
1344,Pooja,0,0.08,Safe (Not Churn)
1345,Priya,0,0.08,Safe (Not Churn)
C1346,Neha,0,0.02,Safe (Not Churn)
C1347,Rahul,0,0.04,Safe (Not Churn)
C1348,Priya,1,1.0,Risk (Churn)
1349,Ankit,1,0.93,Risk (Churn)
1350,Unknown,0,0.32,Safe (Not Churn)
C1351,Priya,1,0.96,Risk (Churn)
Unknown,Pooja,0,0.02,Safe (Not Churn)
1353,Simran,0,0.06,Safe (Not Churn)
1354,Pooja,0,0.07,Safe (Not Churn)
C1355,Rahul,1,0.95,Risk (Churn)
1356,Kiran,0,0.13,Safe (Not Churn)
1357,Unknown,0,0.03,Safe (Not Churn)
1358,Ravi,0,0.02,Safe (Not Churn)
C1359,Sneha,0,0.0,Safe (Not Churn)
C1360,Rahul,1,0.97,Risk (Churn)
1361,Priya,0,0.07,Safe (Not Churn)
1362,Pooja,1,0.98,Risk (Churn)
1363,Amit,1,0.86,Risk (Churn)
1364,Priya,0,0.0,Safe (Not Churn)
1365,Kiran,0,0.0,Safe (Not Churn)
Unknown,Priya,1,0.55,Risk (Churn)
Unknown,Neha,1,0.94,Risk (Churn)
1368,Rahul,0,0.39,Safe (Not Churn)
1369,Kiran,0,0.08,Safe (Not Churn)
1370,Kiran,0,0.02,Safe (Not Churn)
1371,Rahul,0,0.02,Safe (Not Churn)
Unknown,Rahul,0,0.03,Safe (Not Churn)
1373,Ankit,1,0.93,Risk (Churn)
1374,Rahul,0,0.05,Safe (Not Churn)
C1375,Simran,0,0.01,Safe (Not Churn)
Unknown,Unknown,1,1.0,Risk (Churn)
C1377,Unknown,1,0.89,Risk (Churn)
Unknown,Unknown,0,0.02,Safe (Not Churn)
1379,Ankit,0,0.03,Safe (Not Churn)
C1380,Neha,0,0.04,Safe (Not Churn)
Unknown,Simran,0,0.03,Safe (Not Churn)
1382,Amit,0,0.04,Safe (Not Churn)
1383,Sneha,0,0.05,Safe (Not Churn)
C1384,Amit,0,0.04,Safe (Not Churn)
Unknown,Unknown,0,0.03,Safe (Not Churn)
1386,Sneha,0,0.03,Safe (Not Churn)
1387,Ankit,0,0.02,Safe (Not Churn)
C1388,Simran,1,0.98,Risk (Churn)
1389,Pooja,0,0.07,Safe (Not Churn)
Unknown,Neha,0,0.12,Safe (Not Churn)
1391,Ankit,0,0.09,Safe (Not Churn)
C1392,Pooja,0,0.02,Safe (Not Churn)
C1393,Neha,0,0.03,Safe (Not Churn)
1394,Amit,1,0.89,Risk (Churn)
1395,Unknown,0,0.06,Safe (Not Churn)
1396,Simran,0,0.06,Safe (Not Churn)
C1397,Pooja,0,0.08,Safe (Not Churn)
C1398,Ravi,0,0.03,Safe (Not Churn)
Unknown,Kiran,0,0.01,Safe (Not Churn)
Unknown,Unknown,0,0.0,Safe (Not Churn)
1401,Ankit,0,0.02,Safe (Not Churn)
C1402,Rahul,0,0.0,Safe (Not Churn)
C1403,Unknown,0,0.04,Safe (Not Churn)
C1404,Pooja,0,0.01,Safe (Not Churn)
Unknown,Neha,0,0.0,Safe (Not Churn)
1406,Ankit,0,0.28,Safe (Not Churn)
Unknown,Sneha,0,0.03,Safe (Not Churn)
Unknown,Unknown,0,0.0,Safe (Not Churn)
1409,Neha,0,0.02,Safe (Not Churn)
1410,Unknown,0,0.05,Safe (Not Churn)
1411,Kiran,0,0.01,Safe (Not Churn)
C1412,Simran,0,0.02,Safe (Not Churn)
1413,Ravi,0,0.02,Safe (Not Churn)
1414,Unknown,0,0.01,Safe (Not Churn)
C1415,Ravi,0,0.03,Safe (Not Churn)
1416,Neha,0,0.01,Safe (Not Churn)
Unknown,Priya,0,0.4,Safe (Not Churn)
1418,Rahul,1,0.94,Risk (Churn)
1419,Pooja,0,0.08,Safe (Not Churn)
Unknown,Simran,1,0.93,Risk (Churn)
1421,Ankit,1,0.94,Risk (Churn)
C1422,Simran,0,0.0,Safe (Not Churn)
Unknown,Ankit,0,0.01,Safe (Not Churn)
Unknown,Simran,0,0.02,Safe (Not Churn)
C1425,Ravi,0,0.03,Safe (Not Churn)
1426,Kiran,0,0.02,Safe (Not Churn)
Unknown,Priya,1,0.67,Risk (Churn)
C1428,Unknown,1,0.95,Risk (Churn)
1429,Amit,0,0.05,Safe (Not Churn)
Unknown,Ravi,0,0.04,Safe (Not Churn)
1431,Amit,0,0.02,Safe (Not Churn)
1432,Priya,0,0.05,Safe (Not Churn)
C1433,Unknown,0,0.02,Safe (Not Churn)
1434,Amit,0,0.0,Safe (Not Churn)
C1435,Ankit,0,0.0,Safe (Not Churn)
Unknown,Unknown,1,0.6,Risk (Churn)
C1437,Ravi,1,1.0,Risk (Churn)
Unknown,Neha,1,0.98,Risk (Churn)
C1439,Sneha,0,0.01,Safe (Not Churn)
C1440,Priya,0,0.06,Safe (Not Churn)
C1441,Sneha,0,0.01,Safe (Not Churn)
1442,Pooja,1,0.98,Risk (Churn)
Unknown,Priya,0,0.04,Safe (Not Churn)
1444,Unknown,0,0.04,Safe (Not Churn)
C1445,Ankit,0,0.08,Safe (Not Churn)
1446,Ravi,0,0.02,Safe (Not Churn)
Unknown,Ravi,0,0.0,Safe (Not Churn)
1448,Pooja,0,0.08,Safe (Not Churn)
1449,Rahul,0,0.08,Safe (Not Churn)
Unknown,Unknown,1,0.74,Risk (Churn)
1451,Sneha,0,0.03,Safe (Not Churn)
1452,Ankit,1,0.95,Risk (Churn)
C1453,Neha,0,0.03,Safe (Not Churn)
C1454,Priya,0,0.0,Safe (Not Churn)
C1455,Priya,0,0.32,Safe (Not Churn)
1456,Rahul,1,0.92,Risk (Churn)
C1457,Amit,0,0.06,Safe (Not Churn)
1458,Amit,0,0.03,Safe (Not Churn)
Unknown,Amit,0,0.04,Safe (Not Churn)
1460,Amit,0,0.01,Safe (Not Churn)
1461,Sneha,0,0.03,Safe (Not Churn)
Unknown,Unknown,0,0.02,Safe (Not Churn)
1463,Sneha,1,0.91,Risk (Churn)
Unknown,Neha,0,0.02,Safe (Not Churn)
1465,Sneha,0,0.06,Safe (Not Churn)
Unknown,Ankit,0,0.29,Safe (Not Churn)
1467,Sneha,1,0.88,Risk (Churn)
C1468,Unknown,0,0.02,Safe (Not Churn)
1469,Ankit,1,0.91,Risk (Churn)
1470,Ankit,0,0.02,Safe (Not Churn)
Unknown,Ravi,0,0.02,Safe (Not Churn)
1472,Neha,0,0.01,Safe (Not Churn)
1473,Ravi,0,0.08,Safe (Not Churn)
C1474,Priya,0,0.03,Safe (Not Churn)
Unknown,Amit,0,0.06,Safe (Not Churn)
Unknown,Ankit,1,0.96,Risk (Churn)
C1477,Rahul,0,0.06,Safe (Not Churn)
1478,Rahul,0,0.02,Safe (Not Churn)
C1479,Unknown,1,0.95,Risk (Churn)
Unknown,Kiran,1,0.98,Risk (Churn)
1481,Sneha,0,0.03,Safe (Not Churn)
1482,Simran,0,0.03,Safe (Not Churn)
Unknown,Rahul,0,0.0,Safe (Not Churn)
1484,Amit,0,0.42,Safe (Not Churn)
1485,Pooja,0,0.06,Safe (Not Churn)
1486,Amit,0,0.14,Safe (Not Churn)
C1487,Kiran,0,0.02,Safe (Not Churn)
Unknown,Simran,0,0.03,Safe (Not Churn)
C1489,Kiran,0,0.02,Safe (Not Churn)
Unknown,Pooja,0,0.0,Safe (Not Churn)
1491,Unknown,0,0.02,Safe (Not Churn)
Unknown,Amit,1,0.89,Risk (Churn)
C1493,Priya,0,0.04,Safe (Not Churn)
1494,Neha,1,0.95,Risk (Churn)
1495,Simran,0,0.02,Safe (Not Churn)
C1496,Unknown,0,0.1,Safe (Not Churn)
C1497,Kiran,0,0.01,Safe (Not Churn)
1498,Sneha,0,0.07,Safe (Not Churn)
1499,Simran,0,0.04,Safe (Not Churn)
Unknown,Unknown,0,0.01,Safe (Not Churn)
C1501,Kiran,0,0.0,Safe (Not Churn)
Unknown,Kiran,0,0.04,Safe (Not Churn)
1503,Sneha,1,0.54,Risk (Churn)
1504,Ravi,1,0.78,Risk (Churn)
C1505,Sneha,0,0.04,Safe (Not Churn)
1506,Amit,1,0.93,Risk (Churn)
1507,Amit,0,0.07,Safe (Not Churn)
1508,Unknown,0,0.04,Safe (Not Churn)
Unknown,Unknown,0,0.04,Safe (Not Churn)
Unknown,Ravi,0,0.09,Safe (Not Churn)
Unknown,Priya,0,0.02,Safe (Not Churn)
Unknown,Kiran,0,0.03,Safe (Not Churn)
Unknown,Sneha,0,0.03,Safe (Not Churn)
1514,Pooja,0,0.41,Safe (Not Churn)
1515,Ravi,0,0.06,Safe (Not Churn)
1516,Simran,1,0.51,Risk (Churn)
Unknown,Neha,1,0.93,Risk (Churn)
1518,Ravi,0,0.03,Safe (Not Churn)
1519,Unknown,0,0.01,Safe (Not Churn)
C1520,Sneha,0,0.01,Safe (Not Churn)
1521,Simran,1,0.94,Risk (Churn)
C1522,Pooja,1,1.0,Risk (Churn)
Unknown,Amit,0,0.03,Safe (Not Churn)
Unknown,Neha,0,0.03,Safe (Not Churn)
C1525,Neha,0,0.05,Safe (Not Churn)
C1526,Kiran,0,0.03,Safe (Not Churn)
C1527,Amit,0,0.03,Safe (Not Churn)
1528,Kiran,0,0.02,Safe (Not Churn)
1529,Amit,1,0.88,Risk (Churn)
1530,Sneha,0,0.02,Safe (Not Churn)
1531,Priya,0,0.13,Safe (Not Churn)
Unknown,Unknown,0,0.01,Safe (Not Churn)
1533,Rahul,0,0.08,Safe (Not Churn)
C1534,Sneha,0,0.02,Safe (Not Churn)
1535,Priya,0,0.03,Safe (Not Churn)
C1536,Priya,0,0.1,Safe (Not Churn)
C1537,Simran,0,0.0,Safe (Not Churn)
1538,Sneha,0,0.01,Safe (Not Churn)
1539,Unknown,0,0.04,Safe (Not Churn)
Unknown,Simran,0,0.01,Safe (Not Churn)
Unknown,Amit,0,0.01,Safe (Not Churn)
1542,Simran,0,0.05,Safe (Not Churn)
C1543,Amit,0,0.02,Safe (Not Churn)
C1544,Unknown,0,0.03,Safe (Not Churn)
1545,Sneha,0,0.04,Safe (Not Churn)
C1546,Pooja,0,0.02,Safe (Not Churn)
C1547,Pooja,0,0.01,Safe (Not Churn)
1548,Amit,0,0.03,Safe (Not Churn)
1549,Simran,0,0.03,Safe (Not Churn)
Unknown,Kiran,0,0.05,Safe (Not Churn)
Unknown,Rahul,0,0.0,Safe (Not Churn)
1552,Ankit,0,0.02,Safe (Not Churn)
Unknown,Unknown,0,0.06,Safe (Not Churn)
Unknown,Unknown,0,0.0,Safe (Not Churn)
1555,Neha,0,0.05,Safe (Not Churn)
1556,Ravi,0,0.01,Safe (Not Churn)
1557,Ravi,0,0.03,Safe (Not Churn)
1558,Priya,1,0.95,Risk (Churn)
1559,Rahul,0,0.02,Safe (Not Churn)
Unknown,Ravi,0,0.02,Safe (Not Churn)
Unknown,Simran,1,0.97,Risk (Churn)
Unknown,Unknown,0,0.03,Safe (Not Churn)
1563,Kiran,0,0.04,Safe (Not Churn)
1564,Priya,0,0.0,Safe (Not Churn)
1565,Pooja,0,0.01,Safe (Not Churn)
Unknown,Neha,1,0.99,Risk (Churn)
1567,Rahul,0,0.04,Safe (Not Churn)
Unknown,Sneha,0,0.01,Safe (Not Churn)
1569,Amit,0,0.0,Safe (Not Churn)
C1570,Unknown,0,0.14,Safe (Not Churn)
1571,Priya,0,0.06,Safe (Not Churn)
1572,Rahul,0,0.03,Safe (Not Churn)
1573,Simran,0,0.0,Safe (Not Churn)
Unknown,Amit,0,0.04,Safe (Not Churn)
1575,Rahul,0,0.12,Safe (Not Churn)
Unknown,Sneha,0,0.0,Safe (Not Churn)
Unknown,Amit,0,0.45,Safe (Not Churn)
1578,Ravi,0,0.02,Safe (Not Churn)
1579,Pooja,0,0.01,Safe (Not Churn)
Unknown,Rahul,0,0.01,Safe (Not Churn)
1581,Amit,0,0.01,Safe (Not Churn)
C1582,Ravi,0,0.0,Safe (Not Churn)
1583,Kiran,0,0.02,Safe (Not Churn)
C1584,Kiran,1,0.96,Risk (Churn)
1585,Kiran,0,0.02,Safe (Not Churn)
Unknown,Ankit,0,0.02,Safe (Not Churn)
Unknown,Rahul,0,0.0,Safe (Not Churn)
1588,Priya,0,0.01,Safe (Not Churn)
Unknown,Priya,0,0.01,Safe (Not Churn)
1590,Amit,0,0.03,Safe (Not Churn)
1591,Ankit,0,0.02,Safe (Not Churn)
C1592,Ankit,0,0.02,Safe (Not Churn)
1593,Ravi,0,0.0,Safe (Not Churn)
1594,Amit,0,0.07,Safe (Not Churn)
Unknown,Amit,0,0.05,Safe (Not Churn)
1596,Simran,0,0.02,Safe (Not Churn)
1597,Priya,0,0.02,Safe (Not Churn)
Unknown,Amit,0,0.01,Safe (Not Churn)
1599,Sneha,1,0.92,Risk (Churn)
1600,Pooja,1,0.99,Risk (Churn)
Unknown,Pooja,0,0.0,Safe (Not Churn)
Unknown,Unknown,0,0.02,Safe (Not Churn)
1603,Pooja,0,0.01,Safe (Not Churn)
Unknown,Simran,0,0.0,Safe (Not Churn)
1605,Unknown,0,0.04,Safe (Not Churn)
C1606,Ravi,1,0.97,Risk (Churn)
C1607,Priya,0,0.0,Safe (Not Churn)
1608,Ravi,0,0.03,Safe (Not Churn)
1609,Amit,1,0.88,Risk (Churn)
1610,Sneha,0,0.02,Safe (Not Churn)
C1611,Kiran,1,0.95,Risk (Churn)
1612,Sneha,0,0.04,Safe (Not Churn)
C1613,Neha,1,0.78,Risk (Churn)
1614,Ankit,0,0.02,Safe (Not Churn)
1615,Unknown,0,0.06,Safe (Not Churn)
1616,Neha,0,0.1,Safe (Not Churn)
C1617,Rahul,0,0.09,Safe (Not Churn)
1618,Rahul,1,0.95,Risk (Churn)
C1619,Simran,0,0.06,Safe (Not Churn)
1620,Rahul,0,0.02,Safe (Not Churn)
1621,Ravi,1,0.9,Risk (Churn)
1622,Sneha,1,0.97,Risk (Churn)
Unknown,Kiran,0,0.01,Safe (Not Churn)
C1624,Ankit,0,0.02,Safe (Not Churn)
1625,Amit,0,0.0,Safe (Not Churn)
C1626,Ravi,0,0.02,Safe (Not Churn)
Unknown,Unknown,1,0.95,Risk (Churn)
1628,Neha,0,0.08,Safe (Not Churn)
C1629,Ravi,0,0.07,Safe (Not Churn)
C1630,Pooja,0,0.0,Safe (Not Churn)
1631,Pooja,1,0.94,Risk (Churn)
Unknown,Ankit,0,0.02,Safe (Not Churn)
C1633,Rahul,1,1.0,Risk (Churn)
C1634,Ankit,0,0.09,Safe (Not Churn)
C1635,Amit,0,0.05,Safe (Not Churn)
C1636,Pooja,0,0.06,Safe (Not Churn)
1637,Rahul,0,0.02,Safe (Not Churn)
1638,Ravi,0,0.02,Safe (Not Churn)
1639,Pooja,0,0.02,Safe (Not Churn)
1640,Amit,0,0.02,Safe (Not Churn)
1641,Ravi,1,0.98,Risk (Churn)
C1642,Ankit,0,0.03,Safe (Not Churn)
Unknown,Ankit,0,0.0,Safe (Not Churn)
C1644,Ravi,0,0.05,Safe (Not Churn)
1645,Kiran,0,0.0,Safe (Not Churn)
C1646,Simran,0,0.02,Safe (Not Churn)
1647,Sneha,0,0.05,Safe (Not Churn)
1648,Priya,0,0.0,Safe (Not Churn)
1649,Priya,0,0.01,Safe (Not Churn)
1650,Pooja,0,0.01,Safe (Not Churn)
C1651,Amit,0,0.4,Safe (Not Churn)
1652,Priya,0,0.01,Safe (Not Churn)
1653,Pooja,0,0.01,Safe (Not Churn)
1654,Ankit,0,0.0,Safe (Not Churn)
C1655,Kiran,0,0.02,Safe (Not Churn)
1656,Priya,1,0.97,Risk (Churn)
1657,Priya,0,0.02,Safe (Not Churn)
C1658,Sneha,0,0.01,Safe (Not Churn)
Unknown,Unknown,0,0.01,Safe (Not Churn)
C1660,Pooja,0,0.0,Safe (Not Churn)
C1661,Simran,0,0.06,Safe (Not Churn)
1662,Ankit,0,0.02,Safe (Not Churn)
Unknown,Ankit,0,0.01,Safe (Not Churn)
C1664,Pooja,0,0.01,Safe (Not Churn)
1665,Unknown,0,0.02,Safe (Not Churn)
1666,Amit,0,0.09,Safe (Not Churn)
Unknown,Priya,0,0.03,Safe (Not Churn)
1668,Rahul,0,0.05,Safe (Not Churn)
1669,Amit,0,0.02,Safe (Not Churn)
1670,Neha,0,0.06,Safe (Not Churn)
Unknown,Simran,0,0.01,Safe (Not Churn)
1672,Kiran,0,0.03,Safe (Not Churn)
1673,Unknown,0,0.06,Safe (Not Churn)
1674,Kiran,0,0.01,Safe (Not Churn)
1675,Priya,0,0.02,Safe (Not Churn)
C1676,Ravi,0,0.05,Safe (Not Churn)
1677,Ravi,0,0.01,Safe (Not Churn)
C1678,Sneha,0,0.02,Safe (Not Churn)
1679,Rahul,0,0.04,Safe (Not Churn)
1680,Ankit,0,0.03,Safe (Not Churn)
1681,Kiran,0,0.01,Safe (Not Churn)
1682,Ravi,0,0.1,Safe (Not Churn)
1683,Simran,0,0.06,Safe (Not Churn)
C1684,Pooja,0,0.03,Safe (Not Churn)
1685,Rahul,0,0.02,Safe (Not Churn)
C1686,Unknown,1,0.93,Risk (Churn)
C1687,Unknown,0,0.0,Safe (Not Churn)
1688,Unknown,0,0.03,Safe (Not Churn)
1689,Pooja,0,0.21,Safe (Not Churn)
1690,Unknown,0,0.07,Safe (Not Churn)
C1691,Unknown,0,0.02,Safe (Not Churn)
C1692,Unknown,0,0.01,Safe (Not Churn)
1693,Kiran,0,0.01,Safe (Not Churn)
1694,Simran,0,0.02,Safe (Not Churn)
Unknown,Ankit,0,0.04,Safe (Not Churn)
1696,Unknown,0,0.01,Safe (Not Churn)
1697,Amit,0,0.36,Safe (Not Churn)
C1698,Ankit,0,0.02,Safe (Not Churn)
C1699,Unknown,0,0.01,Safe (Not Churn)
C1700,Rahul,0,0.02,Safe (Not Churn)
1701,Neha,1,0.89,Risk (Churn)
1702,Rahul,0,0.06,Safe (Not Churn)
1703,Unknown,0,0.2,Safe (Not Churn)
Unknown,Pooja,0,0.01,Safe (Not Churn)
1705,Unknown,0,0.01,Safe (Not Churn)
Unknown,Simran,0,0.03,Safe (Not Churn)
1707,Sneha,0,0.02,Safe (Not Churn)
1708,Ravi,1,0.93,Risk (Churn)
1709,Rahul,0,0.0,Safe (Not Churn)
Unknown,Ravi,1,0.96,Risk (Churn)
Unknown,Unknown,0,0.0,Safe (Not Churn)
C1712,Amit,0,0.0,Safe (Not Churn)
C1713,Unknown,0,0.04,Safe (Not Churn)
1714,Amit,0,0.01,Safe (Not Churn)
C1715,Pooja,1,0.96,Risk (Churn)
1716,Unknown,0,0.0,Safe (Not Churn)
C1717,Priya,1,0.99,Risk (Churn)
Unknown,Kiran,0,0.08,Safe (Not Churn)
1719,Sneha,0,0.02,Safe (Not Churn)
C1720,Rahul,0,0.03,Safe (Not Churn)
1721,Amit,1,0.96,Risk (Churn)
1722,Ankit,1,0.98,Risk (Churn)
C1723,Unknown,0,0.01,Safe (Not Churn)
Unknown,Ravi,0,0.01,Safe (Not Churn)
Unknown,Unknown,0,0.01,Safe (Not Churn)
C1726,Kiran,0,0.02,Safe (Not Churn)
1727,Neha,0,0.11,Safe (Not Churn)
1728,Simran,0,0.03,Safe (Not Churn)
C1729,Unknown,0,0.01,Safe (Not Churn)
Unknown,Simran,0,0.11,Safe (Not Churn)
Unknown,Ankit,0,0.06,Safe (Not Churn)
1732,Unknown,0,0.04,Safe (Not Churn)
Unknown,Unknown,0,0.0,Safe (Not Churn)
C1734,Kiran,0,0.04,Safe (Not Churn)
Unknown,Unknown,0,0.01,Safe (Not Churn)
1736,Unknown,0,0.04,Safe (Not Churn)
Unknown,Ravi,0,0.01,Safe (Not Churn)
1738,Amit,0,0.01,Safe (Not Churn)
Unknown,Sneha,1,0.87,Risk (Churn)
Unknown,Priya,0,0.02,Safe (Not Churn)
1741,Kiran,1,0.96,Risk (Churn)
C1742,Sneha,0,0.0,Safe (Not Churn)
1743,Sneha,0,0.03,Safe (Not Churn)
Unknown,Unknown,1,0.68,Risk (Churn)
1745,Unknown,0,0.01,Safe (Not Churn)
1746,Pooja,0,0.09,Safe (Not Churn)
Unknown,Pooja,0,0.31,Safe (Not Churn)
1748,Priya,0,0.04,Safe (Not Churn)
C1749,Pooja,1,0.99,Risk (Churn)
Unknown,Rahul,0,0.01,Safe (Not Churn)
Unknown,Ankit,0,0.03,Safe (Not Churn)
C1752,Kiran,0,0.09,Safe (Not Churn)
Unknown,Ankit,1,0.51,Risk (Churn)
1754,Pooja,0,0.05,Safe (Not Churn)
1755,Pooja,0,0.02,Safe (Not Churn)
1756,Neha,0,0.01,Safe (Not Churn)
1757,Pooja,0,0.03,Safe (Not Churn)
1758,Amit,0,0.02,Safe (Not Churn)
C1759,Unknown,0,0.08,Safe (Not Churn)
Unknown,Ravi,0,0.01,Safe (Not Churn)
1761,Ankit,0,0.02,Safe (Not Churn)
1762,Priya,0,0.11,Safe (Not Churn)
1763,Ankit,1,0.91,Risk (Churn)
Unknown,Pooja,1,0.95,Risk (Churn)
1765,Ravi,0,0.03,Safe (Not Churn)
1766,Ankit,0,0.0,Safe (Not Churn)
Unknown,Unknown,0,0.03,Safe (Not Churn)
1768,Unknown,0,0.05,Safe (Not Churn)
1769,Priya,0,0.01,Safe (Not Churn)
1770,Priya,0,0.03,Safe (Not Churn)
1771,Priya,0,0.03,Safe (Not Churn)
1772,Ravi,0,0.05,Safe (Not Churn)
1773,Unknown,1,0.98,Risk (Churn)
1774,Unknown,0,0.13,Safe (Not Churn)
C1775,Simran,1,1.0,Risk (Churn)
C1776,Unknown,0,0.12,Safe (Not Churn)
1777,Sneha,0,0.05,Safe (Not Churn)
1778,Pooja,0,0.0,Safe (Not Churn)
1779,Rahul,0,0.03,Safe (Not Churn)
1780,Kiran,1,0.93,Risk (Churn)
1781,Neha,0,0.4,Safe (Not Churn)
1782,Amit,1,0.96,Risk (Churn)
1783,Sneha,0,0.04,Safe (Not Churn)
Unknown,Pooja,0,0.01,Safe (Not Churn)
C1785,Unknown,0,0.03,Safe (Not Churn)
1786,Kiran,0,0.0,Safe (Not Churn)
Unknown,Simran,0,0.04,Safe (Not Churn)
1788,Rahul,1,0.94,Risk (Churn)
C1789,Simran,0,0.02,Safe (Not Churn)
1790,Priya,0,0.01,Safe (Not Churn)
C1791,Unknown,1,0.94,Risk (Churn)
Unknown,Rahul,1,0.97,Risk (Churn)
1793,Rahul,0,0.06,Safe (Not Churn)
1794,Amit,0,0.05,Safe (Not Churn)
C1795,Sneha,0,0.36,Safe (Not Churn)
Unknown,Unknown,1,0.99,Risk (Churn)
Unknown,Unknown,0,0.01,Safe (Not Churn)
Unknown,Ravi,0,0.02,Safe (Not Churn)
1799,Sneha,0,0.0,Safe (Not Churn)
1800,Simran,0,0.01,Safe (Not Churn)
1801,Amit,0,0.0,Safe (Not Churn)
Unknown,Priya,0,0.05,Safe (Not Churn)
C1803,Unknown,0,0.04,Safe (Not Churn)
1804,Simran,0,0.08,Safe (Not Churn)
1805,Unknown,0,0.03,Safe (Not Churn)
C1806,Unknown,1,0.98,Risk (Churn)
Unknown,Priya,0,0.02,Safe (Not Churn)
1808,Rahul,0,0.01,Safe (Not Churn)
1809,Simran,0,0.01,Safe (Not Churn)
1810,Unknown,0,0.06,Safe (Not Churn)
1811,Rahul,0,0.03,Safe (Not Churn)
C1812,Kiran,0,0.05,Safe (Not Churn)
Unknown,Simran,0,0.01,Safe (Not Churn)
C1814,Rahul,1,0.73,Risk (Churn)
C1815,Simran,0,0.05,Safe (Not Churn)
1816,Ravi,1,0.66,Risk (Churn)
Unknown,Rahul,0,0.0,Safe (Not Churn)
Unknown,Priya,0,0.03,Safe (Not Churn)
Unknown,Priya,0,0.01,Safe (Not Churn)
Unknown,Kiran,0,0.01,Safe (Not Churn)
Unknown,Ravi,0,0.01,Safe (Not Churn)
1822,Pooja,1,0.85,Risk (Churn)
1823,Priya,0,0.09,Safe (Not Churn)
1824,Ankit,1,0.97,Risk (Churn)
C1825,Ravi,0,0.0,Safe (Not Churn)
1826,Rahul,0,0.0,Safe (Not Churn)
1827,Pooja,1,0.61,Risk (Churn)
Unknown,Rahul,1,0.99,Risk (Churn)
Unknown,Neha,1,0.96,Risk (Churn)
C1830,Rahul,1,1.0,Risk (Churn)
Unknown,Sneha,0,0.0,Safe (Not Churn)
1832,Priya,0,0.01,Safe (Not Churn)
Unknown,Unknown,0,0.02,Safe (Not Churn)
1834,Ravi,0,0.05,Safe (Not Churn)
1835,Sneha,0,0.04,Safe (Not Churn)
1836,Simran,0,0.01,Safe (Not Churn)
1837,Ankit,0,0.01,Safe (Not Churn)
1838,Priya,0,0.02,Safe (Not Churn)
1839,Amit,1,0.7,Risk (Churn)
1840,Priya,1,0.98,Risk (Churn)
C1841,Unknown,1,0.94,Risk (Churn)
1842,Kiran,0,0.0,Safe (Not Churn)
C1843,Simran,0,0.04,Safe (Not Churn)
1844,Unknown,0,0.01,Safe (Not Churn)
Unknown,Rahul,0,0.0,Safe (Not Churn)
1846,Neha,0,0.0,Safe (Not Churn)
1847,Unknown,0,0.03,Safe (Not Churn)
Unknown,Neha,0,0.05,Safe (Not Churn)
C1849,Rahul,0,0.01,Safe (Not Churn)
Unknown,Amit,0,0.01,Safe (Not Churn)
C1851,Amit,0,0.0,Safe (Not Churn)
1852,Sneha,0,0.05,Safe (Not Churn)
Unknown,Unknown,0,0.04,Safe (Not Churn)
Unknown,Priya,0,0.03,Safe (Not Churn)
Unknown,Pooja,0,0.03,Safe (Not Churn)
C1856,Priya,0,0.01,Safe (Not Churn)
C1857,Priya,0,0.1,Safe (Not Churn)
Unknown,Pooja,0,0.0,Safe (Not Churn)
C1859,Unknown,0,0.02,Safe (Not Churn)
C1860,Neha,0,0.0,Safe (Not Churn)
C1861,Sneha,0,0.0,Safe (Not Churn)
C1862,Unknown,1,0.97,Risk (Churn)
1863,Neha,0,0.02,Safe (Not Churn)
C1864,Priya,0,0.01,Safe (Not Churn)
1865,Neha,0,0.07,Safe (Not Churn)
Unknown,Neha,0,0.0,Safe (Not Churn)
1867,Pooja,1,0.69,Risk (Churn)
1868,Priya,0,0.0,Safe (Not Churn)
1869,Kiran,0,0.06,Safe (Not Churn)
1870,Simran,1,0.9,Risk (Churn)
Unknown,Kiran,1,1.0,Risk (Churn)
C1872,Kiran,0,0.0,Safe (Not Churn)
1873,Rahul,0,0.0,Safe (Not Churn)
C1874,Neha,0,0.06,Safe (Not Churn)
Unknown,Priya,0,0.01,Safe (Not Churn)
C1876,Pooja,0,0.01,Safe (Not Churn)
1877,Unknown,0,0.02,Safe (Not Churn)
1878,Unknown,0,0.01,Safe (Not Churn)
C1879,Kiran,1,0.99,Risk (Churn)
Unknown,Simran,0,0.03,Safe (Not Churn)
1881,Unknown,0,0.06,Safe (Not Churn)
Unknown,Ankit,0,0.05,Safe (Not Churn)
C1883,Sneha,0,0.0,Safe (Not Churn)
Unknown,Simran,0,0.03,Safe (Not Churn)
1885,Amit,1,0.92,Risk (Churn)
Unknown,Ravi,0,0.0,Safe (Not Churn)
1887,Pooja,1,0.66,Risk (Churn)
Unknown,Sneha,0,0.02,Safe (Not Churn)
1889,Simran,0,0.03,Safe (Not Churn)
C1890,Unknown,0,0.01,Safe (Not Churn)
C1891,Pooja,0,0.02,Safe (Not Churn)
C1892,Ravi,0,0.08,Safe (Not Churn)
Unknown,Neha,0,0.01,Safe (Not Churn)
C1894,Unknown,0,0.01,Safe (Not Churn)
1895,Simran,0,0.13,Safe (Not Churn)
C1896,Ravi,0,0.06,Safe (Not Churn)
1897,Ravi,0,0.0,Safe (Not Churn)
Unknown,Unknown,1,0.87,Risk (Churn)
Unknown,Ravi,0,0.01,Safe (Not Churn)
C1900,Unknown,1,0.99,Risk (Churn)
1901,Priya,0,0.1,Safe (Not Churn)
C1902,Amit,1,0.63,Risk (Churn)
1903,Ankit,0,0.02,Safe (Not Churn)
Unknown,Unknown,1,0.64,Risk (Churn)
1905,Pooja,0,0.03,Safe (Not Churn)
C1906,Kiran,0,0.02,Safe (Not Churn)
1907,Ankit,0,0.01,Safe (Not Churn)
Unknown,Unknown,0,0.03,Safe (Not Churn)
1909,Amit,0,0.0,Safe (Not Churn)
1910,Neha,0,0.05,Safe (Not Churn)
1911,Unknown,0,0.08,Safe (Not Churn)
C1912,Priya,0,0.02,Safe (Not Churn)
1913,Unknown,0,0.0,Safe (Not Churn)
1914,Amit,0,0.02,Safe (Not Churn)
1915,Sneha,0,0.03,Safe (Not Churn)
C1916,Rahul,1,0.99,Risk (Churn)
1917,Amit,1,0.96,Risk (Churn)
Unknown,Rahul,1,1.0,Risk (Churn)
1919,Unknown,0,0.02,Safe (Not Churn)
C1920,Pooja,0,0.07,Safe (Not Churn)
Unknown,Sneha,0,0.13,Safe (Not Churn)
C1922,Neha,0,0.43,Safe (Not Churn)
C1923,Unknown,0,0.0,Safe (Not Churn)
Unknown,Unknown,0,0.02,Safe (Not Churn)
C1925,Unknown,0,0.06,Safe (Not Churn)
Unknown,Neha,0,0.13,Safe (Not Churn)
C1927,Simran,0,0.02,Safe (Not Churn)
1928,Amit,0,0.08,Safe (Not Churn)
1929,Ravi,0,0.01,Safe (Not Churn)
1930,Amit,0,0.05,Safe (Not Churn)
C1931,Sneha,0,0.0,Safe (Not Churn)
Unknown,Ankit,0,0.01,Safe (Not Churn)
1933,Pooja,0,0.01,Safe (Not Churn)
C1934,Ankit,0,0.01,Safe (Not Churn)
1935,Kiran,0,0.01,Safe (Not Churn)
1936,Unknown,0,0.12,Safe (Not Churn)
C1937,Kiran,1,1.0,Risk (Churn)
Unknown,Rahul,0,0.0,Safe (Not Churn)
Unknown,Unknown,1,0.94,Risk (Churn)
C1940,Ankit,0,0.03,Safe (Not Churn)
Unknown,Ankit,0,0.0,Safe (Not Churn)
1942,Rahul,0,0.01,Safe (Not Churn)
1943,Kiran,0,0.02,Safe (Not Churn)
C1944,Unknown,0,0.03,Safe (Not Churn)
C1945,Unknown,0,0.0,Safe (Not Churn)
Unknown,Kiran,0,0.0,Safe (Not Churn)
Unknown,Neha,0,0.02,Safe (Not Churn)
1948,Rahul,0,0.01,Safe (Not Churn)
C1949,Sneha,0,0.04,Safe (Not Churn)
1950,Sneha,1,0.98,Risk (Churn)
1951,Simran,0,0.08,Safe (Not Churn)
Unknown,Unknown,0,0.08,Safe (Not Churn)
1953,Rahul,1,1.0,Risk (Churn)
1954,Kiran,0,0.06,Safe (Not Churn)
1955,Amit,0,0.05,Safe (Not Churn)
1956,Ravi,0,0.03,Safe (Not Churn)
Unknown,Kiran,0,0.06,Safe (Not Churn)
Unknown,Kiran,0,0.04,Safe (Not Churn)
1959,Ravi,0,0.02,Safe (Not Churn)
1960,Amit,0,0.03,Safe (Not Churn)
C1961,Ravi,0,0.06,Safe (Not Churn)
Unknown,Amit,1,0.91,Risk (Churn)
C1963,Unknown,0,0.06,Safe (Not Churn)
1964,Pooja,0,0.07,Safe (Not Churn)
1965,Sneha,0,0.03,Safe (Not Churn)
1966,Priya,1,0.98,Risk (Churn)
Unknown,Simran,1,0.98,Risk (Churn)
1968,Rahul,1,0.97,Risk (Churn)
1969,Pooja,0,0.06,Safe (Not Churn)
Unknown,Sneha,1,0.57,Risk (Churn)
1971,Priya,0,0.4,Safe (Not Churn)
1972,Ankit,0,0.08,Safe (Not Churn)
1973,Ravi,0,0.0,Safe (Not Churn)
C1974,Priya,0,0.0,Safe (Not Churn)
C1975,Pooja,0,0.02,Safe (Not Churn)
C1976,Unknown,0,0.0,Safe (Not Churn)
1977,Simran,0,0.01,Safe (Not Churn)
1978,Kiran,0,0.0,Safe (Not Churn)
1979,Ankit,0,0.04,Safe (Not Churn)
C1980,Simran,0,0.02,Safe (Not Churn)
Unknown,Amit,0,0.03,Safe (Not Churn)
C1982,Kiran,0,0.03,Safe (Not Churn)
C1983,Kiran,0,0.03,Safe (Not Churn)
1984,Priya,0,0.01,Safe (Not Churn)
Unknown,Ravi,0,0.01,Safe (Not Churn)
1986,Ravi,0,0.02,Safe (Not Churn)
Unknown,Kiran,0,0.1,Safe (Not Churn)
1988,Rahul,0,0.02,Safe (Not Churn)
C1989,Priya,0,0.01,Safe (Not Churn)
C1990,Priya,1,0.94,Risk (Churn)
C1991,Amit,1,0.93,Risk (Churn)
1992,Kiran,1,0.87,Risk (Churn)
Unknown,Neha,0,0.0,Safe (Not Churn)
1994,Unknown,0,0.02,Safe (Not Churn)
C1995,Simran,0,0.01,Safe (Not Churn)
Unknown,Rahul,0,0.03,Safe (Not Churn)
C1997,Neha,0,0.07,Safe (Not Churn)
1998,Ravi,0,0.09,Safe (Not Churn)
Unknown,Amit,0,0.06,Safe (Not Churn)
2000,Simran,0,0.0,Safe (Not Churn)
2001,Neha,0,0.05,Safe (Not Churn)
Unknown,Priya,0,0.07,Safe (Not Churn)
C2003,Unknown,0,0.08,Safe (Not Churn)
C2004,Sneha,0,0.1,Safe (Not Churn)
Unknown,Pooja,1,1.0,Risk (Churn)
Unknown,Unknown,0,0.1,Safe (Not Churn)
C2007,Ravi,0,0.06,Safe (Not Churn)
2008,Sneha,0,0.02,Safe (Not Churn)
C2009,Neha,1,1.0,Risk (Churn)
2010,Ravi,0,0.0,Safe (Not Churn)
C2011,Rahul,1,0.61,Risk (Churn)
2012,Ravi,0,0.02,Safe (Not Churn)
C2013,Unknown,1,0.94,Risk (Churn)
C2014,Unknown,0,0.08,Safe (Not Churn)
Unknown,Simran,0,0.36,Safe (Not Churn)
Unknown,Ravi,1,0.91,Risk (Churn)
Unknown,Sneha,0,0.04,Safe (Not Churn)
2018,Sneha,0,0.02,Safe (Not Churn)
C2019,Ankit,0,0.34,Safe (Not Churn)
C2020,Simran,0,0.02,Safe (Not Churn)
2021,Kiran,0,0.0,Safe (Not Churn)
2022,Sneha,0,0.08,Safe (Not Churn)
2023,Priya,0,0.05,Safe (Not Churn)
C2024,Unknown,1,0.93,Risk (Churn)
2025,Ravi,0,0.03,Safe (Not Churn)
C2026,Unknown,0,0.03,Safe (Not Churn)
2027,Unknown,0,0.02,Safe (Not Churn)
Unknown,Amit,0,0.05,Safe (Not Churn)
2029,Ravi,1,0.82,Risk (Churn)
2030,Simran,0,0.02,Safe (Not Churn)
2031,Kiran,0,0.06,Safe (Not Churn)
Unknown,Unknown,0,0.0,Safe (Not Churn)
C2033,Pooja,0,0.02,Safe (Not Churn)
2034,Pooja,0,0.01,Safe (Not Churn)
2035,Sneha,0,0.0,Safe (Not Churn)
2036,Kiran,0,0.06,Safe (Not Churn)
2037,Ravi,0,0.0,Safe (Not Churn)
Unknown,Unknown,0,0.04,Safe (Not Churn)
2039,Sneha,0,0.07,Safe (Not Churn)
2040,Unknown,1,0.94,Risk (Churn)
2041,Unknown,0,0.05,Safe (Not Churn)
2042,Sneha,0,0.03,Safe (Not Churn)
2043,Priya,0,0.0,Safe (Not Churn)
2044,Ankit,0,0.03,Safe (Not Churn)
2045,Priya,0,0.06,Safe (Not Churn)
2046,Neha,0,0.04,Safe (Not Churn)
2047,Priya,0,0.01,Safe (Not Churn)
C2048,Kiran,0,0.05,Safe (Not Churn)
2049,Ankit,0,0.0,Safe (Not Churn)
2050,Ankit,0,0.1,Safe (Not Churn)
C2051,Simran,1,0.94,Risk (Churn)
2052,Unknown,1,0.88,Risk (Churn)
C2053,Priya,0,0.01,Safe (Not Churn)
Unknown,Rahul,0,0.03,Safe (Not Churn)
2055,Pooja,0,0.0,Safe (Not Churn)
Unknown,Sneha,1,0.9,Risk (Churn)
2057,Kiran,0,0.02,Safe (Not Churn)
C2058,Amit,0,0.03,Safe (Not Churn)
C2059,Kiran,0,0.01,Safe (Not Churn)
Unknown,Neha,0,0.02,Safe (Not Churn)
C2061,Neha,0,0.01,Safe (Not Churn)
2062,Sneha,0,0.05,Safe (Not Churn)
2063,Unknown,0,0.01,Safe (Not Churn)
Unknown,Amit,0,0.1,Safe (Not Churn)
Unknown,Unknown,0,0.0,Safe (Not Churn)
Unknown,Priya,0,0.01,Safe (Not Churn)
2067,Priya,0,0.08,Safe (Not Churn)
2068,Sneha,0,0.03,Safe (Not Churn)
2069,Amit,1,0.89,Risk (Churn)
Unknown,Kiran,0,0.02,Safe (Not Churn)
2071,Ravi,0,0.02,Safe (Not Churn)
2072,Kiran,0,0.0,Safe (Not Churn)
2073,Kiran,0,0.05,Safe (Not Churn)
2074,Simran,0,0.02,Safe (Not Churn)
2075,Kiran,0,0.04,Safe (Not Churn)
C2076,Ankit,1,0.85,Risk (Churn)
C2077,Amit,1,0.99,Risk (Churn)
2078,Unknown,0,0.02,Safe (Not Churn)
2079,Amit,0,0.0,Safe (Not Churn)
2080,Simran,0,0.02,Safe (Not Churn)
Unknown,Unknown,0,0.43,Safe (Not Churn)
2082,Priya,0,0.08,Safe (Not Churn)
2083,Unknown,0,0.05,Safe (Not Churn)
Unknown,Kiran,0,0.0,Safe (Not Churn)
Unknown,Priya,0,0.01,Safe (Not Churn)
C2086,Unknown,0,0.04,Safe (Not Churn)
C2087,Unknown,0,0.08,Safe (Not Churn)
Unknown,Sneha,0,0.01,Safe (Not Churn)
Unknown,Simran,0,0.06,Safe (Not Churn)
C2090,Rahul,0,0.02,Safe (Not Churn)
Unknown,Kiran,0,0.04,Safe (Not Churn)
2092,Simran,1,0.95,Risk (Churn)
C2093,Kiran,0,0.11,Safe (Not Churn)
2094,Unknown,0,0.0,Safe (Not Churn)
2095,Ravi,0,0.02,Safe (Not Churn)
2096,Ankit,0,0.02,Safe (Not Churn)
2097,Ravi,0,0.01,Safe (Not Churn)
2098,Ankit,0,0.06,Safe (Not Churn)
C2099,Priya,0,0.02,Safe (Not Churn)
Unknown,Unknown,0,0.01,Safe (Not Churn)
2101,Rahul,0,0.03,Safe (Not Churn)
2102,Unknown,0,0.07,Safe (Not Churn)
Unknown,Neha,0,0.01,Safe (Not Churn)
2104,Priya,0,0.1,Safe (Not Churn)
C2105,Unknown,0,0.04,Safe (Not Churn)
Unknown,Kiran,0,0.04,Safe (Not Churn)
2107,Unknown,0,0.1,Safe (Not Churn)
2108,Neha,0,0.05,Safe (Not Churn)
C2109,Unknown,0,0.02,Safe (Not Churn)
Unknown,Unknown,0,0.0,Safe (Not Churn)
Unknown,Simran,0,0.0,Safe (Not Churn)
Unknown,Simran,0,0.0,Safe (Not Churn)
2113,Priya,0,0.0,Safe (Not Churn)
Unknown,Pooja,0,0.0,Safe (Not Churn)
Unknown,Kiran,1,0.98,Risk (Churn)
2116,Priya,0,0.07,Safe (Not Churn)
2117,Unknown,0,0.12,Safe (Not Churn)
Unknown,Unknown,0,0.02,Safe (Not Churn)
Unknown,Ravi,0,0.03,Safe (Not Churn)
Unknown,Rahul,0,0.05,Safe (Not Churn)
2121,Ravi,0,0.04,Safe (Not Churn)
2122,Pooja,0,0.07,Safe (Not Churn)
Unknown,Ravi,0,0.0,Safe (Not Churn)
2124,Rahul,0,0.01,Safe (Not Churn)
Unknown,Ankit,0,0.05,Safe (Not Churn)
C2126,Rahul,0,0.03,Safe (Not Churn)
C2127,Pooja,0,0.05,Safe (Not Churn)
Unknown,Rahul,0,0.01,Safe (Not Churn)
2129,Neha,0,0.02,Safe (Not Churn)
C2130,Amit,0,0.0,Safe (Not Churn)
C2131,Sneha,0,0.05,Safe (Not Churn)
2132,Unknown,1,0.61,Risk (Churn)
2133,Pooja,0,0.08,Safe (Not Churn)
2134,Ravi,0,0.02,Safe (Not Churn)
2135,Amit,1,0.8,Risk (Churn)
C2136,Sneha,0,0.0,Safe (Not Churn)
2137,Unknown,0,0.04,Safe (Not Churn)
C2138,Priya,0,0.09,Safe (Not Churn)
2139,Ravi,0,0.02,Safe (Not Churn)
2140,Pooja,0,0.03,Safe (Not Churn)
Unknown,Priya,0,0.06,Safe (Not Churn)
2142,Neha,0,0.05,Safe (Not Churn)
C2143,Pooja,0,0.11,Safe (Not Churn)
2144,Neha,0,0.0,Safe (Not Churn)
C2145,Kiran,0,0.01,Safe (Not Churn)
Unknown,Amit,1,0.8,Risk (Churn)
C2147,Priya,0,0.03,Safe (Not Churn)
2148,Ankit,0,0.03,Safe (Not Churn)
Unknown,Ravi,0,0.01,Safe (Not Churn)
C2150,Pooja,0,0.01,Safe (Not Churn)
Unknown,Rahul,0,0.01,Safe (Not Churn)
2152,Unknown,0,0.01,Safe (Not Churn)
2153,Ravi,0,0.04,Safe (Not Churn)
C2154,Unknown,0,0.04,Safe (Not Churn)
2155,Ankit,0,0.05,Safe (Not Churn)
C2156,Ravi,0,0.04,Safe (Not Churn)
Unknown,Unknown,0,0.01,Safe (Not Churn)
2158,Ravi,0,0.02,Safe (Not Churn)
2159,Simran,0,0.0,Safe (Not Churn)
2160,Ravi,1,0.98,Risk (Churn)
2161,Amit,0,0.03,Safe (Not Churn)
C2162,Kiran,0,0.03,Safe (Not Churn)
2163,Ankit,0,0.0,Safe (Not Churn)
Unknown,Kiran,0,0.03,Safe (Not Churn)
2165,Unknown,0,0.13,Safe (Not Churn)
Unknown,Rahul,0,0.03,Safe (Not Churn)
2167,Ravi,0,0.01,Safe (Not Churn)
Unknown,Kiran,0,0.07,Safe (Not Churn)
2169,Rahul,1,0.98,Risk (Churn)
Unknown,Amit,0,0.01,Safe (Not Churn)
C2171,Unknown,1,0.99,Risk (Churn)
Unknown,Ravi,0,0.01,Safe (Not Churn)
C2173,Rahul,1,0.99,Risk (Churn)
C2174,Sneha,0,0.04,Safe (Not Churn)
2175,Priya,0,0.0,Safe (Not Churn)
Unknown,Simran,0,0.02,Safe (Not Churn)
Unknown,Pooja,0,0.01,Safe (Not Churn)
2178,Priya,0,0.03,Safe (Not Churn)
2179,Amit,1,0.97,Risk (Churn)
C2180,Ravi,0,0.0,Safe (Not Churn)
2181,Neha,0,0.06,Safe (Not Churn)
Unknown,Neha,0,0.04,Safe (Not Churn)
2183,Rahul,0,0.06,Safe (Not Churn)
C2184,Kiran,0,0.03,Safe (Not Churn)
C2185,Kiran,0,0.04,Safe (Not Churn)
2186,Simran,0,0.01,Safe (Not Churn)
2187,Pooja,0,0.0,Safe (Not Churn)
C2188,Sneha,1,0.98,Risk (Churn)
C2189,Simran,0,0.03,Safe (Not Churn)
Unknown,Pooja,0,0.0,Safe (Not Churn)
2191,Simran,0,0.01,Safe (Not Churn)
C2192,Sneha,0,0.02,Safe (Not Churn)
2193,Neha,0,0.01,Safe (Not Churn)
Unknown,Amit,0,0.01,Safe (Not Churn)
C2195,Ankit,0,0.03,Safe (Not Churn)
2196,Pooja,0,0.03,Safe (Not Churn)
C2197,Ravi,0,0.03,Safe (Not Churn)
C2198,Pooja,0,0.06,Safe (Not Churn)
Unknown,Priya,1,1.0,Risk (Churn)
C2200,Priya,1,1.0,Risk (Churn)
2201,Sneha,1,0.96,Risk (Churn)
2202,Ankit,0,0.01,Safe (Not Churn)
2203,Ravi,0,0.08,Safe (Not Churn)
Unknown,Sneha,1,0.69,Risk (Churn)
Unknown,Rahul,0,0.02,Safe (Not Churn)
C2206,Sneha,0,0.01,Safe (Not Churn)
2207,Rahul,0,0.12,Safe (Not Churn)
2208,Simran,0,0.03,Safe (Not Churn)
2209,Kiran,0,0.02,Safe (Not Churn)
2210,Unknown,0,0.0,Safe (Not Churn)
2211,Neha,0,0.02,Safe (Not Churn)
2212,Sneha,0,0.06,Safe (Not Churn)
2213,Rahul,1,0.52,Risk (Churn)
2214,Simran,0,0.0,Safe (Not Churn)
2215,Priya,0,0.17,Safe (Not Churn)
2216,Unknown,1,0.98,Risk (Churn)
2217,Rahul,0,0.04,Safe (Not Churn)
2218,Ankit,0,0.01,Safe (Not Churn)
Unknown,Kiran,0,0.02,Safe (Not Churn)
Unknown,Amit,0,0.03,Safe (Not Churn)
2221,Unknown,0,0.01,Safe (Not Churn)
C2222,Amit,0,0.1,Safe (Not Churn)
2223,Priya,0,0.08,Safe (Not Churn)
2224,Pooja,0,0.05,Safe (Not Churn)
C2225,Amit,1,0.51,Risk (Churn)
2226,Neha,0,0.01,Safe (Not Churn)
Unknown,Amit,0,0.0,Safe (Not Churn)
2228,Ravi,0,0.07,Safe (Not Churn)
2229,Ankit,0,0.02,Safe (Not Churn)
2230,Ankit,0,0.13,Safe (Not Churn)
2231,Rahul,0,0.06,Safe (Not Churn)
Unknown,Neha,0,0.04,Safe (Not Churn)
Unknown,Neha,0,0.02,Safe (Not Churn)
C2234,Neha,0,0.01,Safe (Not Churn)
2235,Amit,1,0.96,Risk (Churn)
2236,Ankit,0,0.03,Safe (Not Churn)
2237,Ankit,1,0.97,Risk (Churn)
C2238,Neha,0,0.0,Safe (Not Churn)
2239,Amit,0,0.04,Safe (Not Churn)
2240,Simran,1,0.92,Risk (Churn)
2241,Ravi,0,0.01,Safe (Not Churn)
C2242,Sneha,1,0.57,Risk (Churn)
2243,Sneha,0,0.01,Safe (Not Churn)
Unknown,Rahul,0,0.0,Safe (Not Churn)
2245,Neha,0,0.02,Safe (Not Churn)
Unknown,Amit,0,0.05,Safe (Not Churn)
2247,Priya,0,0.01,Safe (Not Churn)
C2248,Kiran,0,0.02,Safe (Not Churn)
C2249,Neha,0,0.09,Safe (Not Churn)
2250,Sneha,0,0.02,Safe (Not Churn)
2251,Kiran,1,0.99,Risk (Churn)
Unknown,Ankit,0,0.05,Safe (Not Churn)
2253,Pooja,0,0.02,Safe (Not Churn)
2254,Simran,0,0.0,Safe (Not Churn)
C2255,Sneha,1,0.99,Risk (Churn)
2256,Ravi,0,0.0,Safe (Not Churn)
Unknown,Amit,0,0.0,Safe (Not Churn)
2258,Neha,0,0.01,Safe (Not Churn)
2259,Ravi,0,0.02,Safe (Not Churn)
Unknown,Ravi,1,0.99,Risk (Churn)
C2261,Rahul,0,0.0,Safe (Not Churn)
C2262,Ravi,1,0.95,Risk (Churn)
2263,Pooja,0,0.01,Safe (Not Churn)
2264,Simran,1,0.93,Risk (Churn)
2265,Unknown,0,0.0,Safe (Not Churn)
C2266,Pooja,0,0.0,Safe (Not Churn)
2267,Ravi,0,0.02,Safe (Not Churn)
2268,Rahul,1,0.97,Risk (Churn)
C2269,Rahul,0,0.02,Safe (Not Churn)
2270,Neha,1,0.96,Risk (Churn)
C2271,Priya,0,0.02,Safe (Not Churn)
2272,Priya,1,0.99,Risk (Churn)
2273,Ravi,0,0.04,Safe (Not Churn)
2274,Unknown,0,0.01,Safe (Not Churn)
C2275,Priya,1,0.96,Risk (Churn)
C2276,Amit,0,0.03,Safe (Not Churn)
2277,Ankit,0,0.03,Safe (Not Churn)
C2278,Rahul,1,0.98,Risk (Churn)
C2279,Priya,0,0.0,Safe (Not Churn)
2280,Simran,0,0.07,Safe (Not Churn)
Unknown,Kiran,0,0.02,Safe (Not Churn)
C2282,Priya,0,0.03,Safe (Not Churn)
2283,Simran,0,0.01,Safe (Not Churn)
2284,Simran,0,0.05,Safe (Not Churn)
C2285,Kiran,0,0.0,Safe (Not Churn)
Unknown,Sneha,0,0.0,Safe (Not Churn)
C2287,Amit,0,0.03,Safe (Not Churn)
2288,Ankit,0,0.01,Safe (Not Churn)
C2289,Unknown,0,0.12,Safe (Not Churn)
2290,Pooja,0,0.09,Safe (Not Churn)
2291,Ankit,0,0.0,Safe (Not Churn)
Unknown,Simran,1,0.96,Risk (Churn)
2293,Neha,0,0.02,Safe (Not Churn)
2294,Priya,0,0.04,Safe (Not Churn)
C2295,Rahul,0,0.36,Safe (Not Churn)
C2296,Amit,1,0.57,Risk (Churn)
Unknown,Priya,0,0.0,Safe (Not Churn)
2298,Neha,0,0.37,Safe (Not Churn)
2299,Priya,0,0.02,Safe (Not Churn)
2300,Sneha,0,0.03,Safe (Not Churn)
2301,Unknown,0,0.05,Safe (Not Churn)
C2302,Priya,0,0.02,Safe (Not Churn)
2303,Pooja,0,0.01,Safe (Not Churn)
2304,Rahul,0,0.08,Safe (Not Churn)
Unknown,Ravi,0,0.07,Safe (Not Churn)
2306,Ankit,1,0.88,Risk (Churn)
2307,Pooja,0,0.03,Safe (Not Churn)
2308,Ankit,0,0.06,Safe (Not Churn)
Unknown,Pooja,0,0.02,Safe (Not Churn)
2310,Unknown,0,0.02,Safe (Not Churn)
2311,Ravi,0,0.09,Safe (Not Churn)
C2312,Ankit,0,0.03,Safe (Not Churn)
C2313,Priya,1,0.99,Risk (Churn)
Unknown,Amit,0,0.03,Safe (Not Churn)
Unknown,Priya,0,0.01,Safe (Not Churn)
2316,Simran,0,0.02,Safe (Not Churn)
2317,Simran,0,0.04,Safe (Not Churn)
Unknown,Priya,1,0.99,Risk (Churn)
2319,Priya,0,0.03,Safe (Not Churn)
2320,Kiran,0,0.02,Safe (Not Churn)
2321,Neha,1,0.94,Risk (Churn)
2322,Unknown,1,0.92,Risk (Churn)
C2323,Amit,1,0.97,Risk (Churn)
2324,Unknown,0,0.08,Safe (Not Churn)
Unknown,Ankit,0,0.01,Safe (Not Churn)
2326,Pooja,1,0.97,Risk (Churn)
2327,Ravi,0,0.01,Safe (Not Churn)
2328,Kiran,0,0.05,Safe (Not Churn)
2329,Unknown,0,0.04,Safe (Not Churn)
2330,Unknown,0,0.03,Safe (Not Churn)
2331,Amit,0,0.02,Safe (Not Churn)
2332,Pooja,0,0.05,Safe (Not Churn)
2333,Simran,0,0.04,Safe (Not Churn)
2334,Unknown,0,0.04,Safe (Not Churn)
2335,Ravi,1,0.89,Risk (Churn)
C2336,Rahul,0,0.02,Safe (Not Churn)
2337,Priya,0,0.01,Safe (Not Churn)
2338,Pooja,1,0.98,Risk (Churn)
C2339,Neha,0,0.09,Safe (Not Churn)
2340,Amit,0,0.1,Safe (Not Churn)
Unknown,Unknown,0,0.07,Safe (Not Churn)
2342,Unknown,0,0.07,Safe (Not Churn)
Unknown,Simran,0,0.01,Safe (Not Churn)
C2344,Unknown,0,0.13,Safe (Not Churn)
2345,Pooja,1,0.98,Risk (Churn)
Unknown,Amit,1,0.93,Risk (Churn)
C2347,Unknown,0,0.02,Safe (Not Churn)
Unknown,Unknown,1,0.86,Risk (Churn)
2349,Unknown,0,0.02,Safe (Not Churn)
2350,Neha,0,0.2,Safe (Not Churn)
C2351,Ankit,1,0.99,Risk (Churn)
2352,Amit,0,0.02,Safe (Not Churn)
2353,Unknown,1,0.98,Risk (Churn)
2354,Ankit,1,0.94,Risk (Churn)
2355,Pooja,0,0.05,Safe (Not Churn)
C2356,Ravi,0,0.01,Safe (Not Churn)
Unknown,Neha,0,0.01,Safe (Not Churn)
2358,Rahul,0,0.01,Safe (Not Churn)
2359,Pooja,0,0.07,Safe (Not Churn)
2360,Simran,0,0.06,Safe (Not Churn)
2361,Pooja,1,0.52,Risk (Churn)
2362,Ankit,1,0.98,Risk (Churn)
C2363,Pooja,0,0.13,Safe (Not Churn)
Unknown,Unknown,0,0.03,Safe (Not Churn)
C2365,Kiran,1,0.9,Risk (Churn)
2366,Pooja,1,0.7,Risk (Churn)
Unknown,Neha,0,0.0,Safe (Not Churn)
C2368,Ravi,0,0.04,Safe (Not Churn)
Unknown,Simran,0,0.06,Safe (Not Churn)
2370,Amit,1,0.87,Risk (Churn)
2371,Amit,0,0.03,Safe (Not Churn)
2372,Sneha,0,0.03,Safe (Not Churn)
2373,Neha,0,0.01,Safe (Not Churn)
2374,Neha,0,0.01,Safe (Not Churn)
2375,Unknown,0,0.01,Safe (Not Churn)
C2376,Ravi,0,0.01,Safe (Not Churn)
Unknown,Sneha,0,0.0,Safe (Not Churn)
2378,Sneha,0,0.02,Safe (Not Churn)
C2379,Amit,0,0.02,Safe (Not Churn)
C2380,Kiran,0,0.01,Safe (Not Churn)
2381,Simran,0,0.01,Safe (Not Churn)
2382,Neha,1,0.95,Risk (Churn)
C2383,Unknown,1,0.96,Risk (Churn)
Unknown,Neha,0,0.01,Safe (Not Churn)
2385,Ankit,1,0.69,Risk (Churn)
2386,Rahul,1,0.99,Risk (Churn)
C2387,Ravi,0,0.02,Safe (Not Churn)
C2388,Pooja,0,0.07,Safe (Not Churn)
Unknown,Priya,0,0.03,Safe (Not Churn)
Unknown,Neha,0,0.04,Safe (Not Churn)
C2391,Neha,0,0.01,Safe (Not Churn)
2392,Simran,0,0.03,Safe (Not Churn)
2393,Ravi,0,0.0,Safe (Not Churn)
Unknown,Sneha,1,0.96,Risk (Churn)
2395,Unknown,0,0.0,Safe (Not Churn)
C2396,Ravi,0,0.07,Safe (Not Churn)
2397,Ravi,1,0.83,Risk (Churn)
C2398,Amit,1,0.58,Risk (Churn)
2399,Simran,0,0.01,Safe (Not Churn)
2400,Neha,1,0.97,Risk (Churn)
2401,Neha,0,0.0,Safe (Not Churn)
2402,Neha,1,0.94,Risk (Churn)
Unknown,Ankit,0,0.04,Safe (Not Churn)
C2404,Ravi,0,0.01,Safe (Not Churn)
2405,Amit,0,0.02,Safe (Not Churn)
2406,Rahul,0,0.01,Safe (Not Churn)
2407,Simran,0,0.02,Safe (Not Churn)
C2408,Pooja,1,0.97,Risk (Churn)
C2409,Simran,0,0.08,Safe (Not Churn)
C2410,Ravi,0,0.0,Safe (Not Churn)
C2411,Ankit,0,0.0,Safe (Not Churn)
2412,Kiran,1,0.96,Risk (Churn)
Unknown,Ankit,0,0.08,Safe (Not Churn)
2414,Unknown,0,0.43,Safe (Not Churn)
2415,Ravi,0,0.09,Safe (Not Churn)
2416,Unknown,0,0.02,Safe (Not Churn)
Unknown,Rahul,0,0.04,Safe (Not Churn)
C2418,Priya,1,0.58,Risk (Churn)
C2419,Ankit,0,0.04,Safe (Not Churn)
2420,Pooja,0,0.02,Safe (Not Churn)
2421,Sneha,1,0.99,Risk (Churn)
2422,Amit,1,0.62,Risk (Churn)
2423,Kiran,1,0.96,Risk (Churn)
2424,Simran,1,0.99,Risk (Churn)
Unknown,Unknown,0,0.07,Safe (Not Churn)
Unknown,Rahul,0,0.04,Safe (Not Churn)
Unknown,Rahul,0,0.02,Safe (Not Churn)
2428,Unknown,0,0.01,Safe (Not Churn)
2429,Simran,0,0.1,Safe (Not Churn)
2430,Neha,0,0.0,Safe (Not Churn)
C2431,Rahul,0,0.03,Safe (Not Churn)
2432,Kiran,0,0.1,Safe (Not Churn)
2433,Amit,0,0.01,Safe (Not Churn)
C2434,Unknown,0,0.03,Safe (Not Churn)
2435,Unknown,0,0.04,Safe (Not Churn)
2436,Unknown,0,0.02,Safe (Not Churn)
2437,Ravi,0,0.01,Safe (Not Churn)
2438,Priya,0,0.13,Safe (Not Churn)
2439,Ankit,0,0.01,Safe (Not Churn)
Unknown,Pooja,0,0.0,Safe (Not Churn)
Unknown,Ankit,0,0.03,Safe (Not Churn)
2442,Ankit,0,0.01,Safe (Not Churn)
C2443,Amit,0,0.02,Safe (Not Churn)
2444,Pooja,0,0.03,Safe (Not Churn)
C2445,Pooja,0,0.03,Safe (Not Churn)
C2446,Unknown,0,0.0,Safe (Not Churn)
2447,Ravi,1,0.95,Risk (Churn)
Unknown,Kiran,0,0.02,Safe (Not Churn)
Unknown,Ankit,0,0.0,Safe (Not Churn)
2450,Amit,1,0.95,Risk (Churn)
Unknown,Kiran,0,0.0,Safe (Not Churn)
Unknown,Neha,1,1.0,Risk (Churn)
C2453,Ravi,0,0.02,Safe (Not Churn)
2454,Kiran,0,0.03,Safe (Not Churn)
2455,Neha,0,0.04,Safe (Not Churn)
2456,Sneha,1,0.94,Risk (Churn)
Unknown,Ravi,0,0.0,Safe (Not Churn)
Unknown,Pooja,0,0.03,Safe (Not Churn)
2459,Sneha,1,0.98,Risk (Churn)
2460,Amit,1,0.98,Risk (Churn)
C2461,Unknown,0,0.0,Safe (Not Churn)
C2462,Pooja,0,0.05,Safe (Not Churn)
2463,Sneha,0,0.04,Safe (Not Churn)
C2464,Rahul,0,0.0,Safe (Not Churn)
Unknown,Rahul,0,0.01,Safe (Not Churn)
C2466,Ankit,0,0.01,Safe (Not Churn)
2467,Simran,0,0.04,Safe (Not Churn)
Unknown,Neha,0,0.01,Safe (Not Churn)
2469,Priya,0,0.0,Safe (Not Churn)
C2470,Sneha,1,0.76,Risk (Churn)
Unknown,Rahul,0,0.0,Safe (Not Churn)
2472,Unknown,1,0.98,Risk (Churn)
2473,Kiran,0,0.03,Safe (Not Churn)
C2474,Ankit,1,0.96,Risk (Churn)
2475,Ravi,0,0.0,Safe (Not Churn)
Unknown,Neha,1,0.99,Risk (Churn)
2477,Simran,0,0.04,Safe (Not Churn)
C2478,Pooja,1,0.81,Risk (Churn)
Unknown,Ravi,0,0.06,Safe (Not Churn)
2480,Unknown,0,0.0,Safe (Not Churn)
C2481,Priya,0,0.05,Safe (Not Churn)
C2482,Unknown,0,0.01,Safe (Not Churn)
2483,Sneha,0,0.04,Safe (Not Churn)
Unknown,Unknown,0,0.0,Safe (Not Churn)
Unknown,Ankit,0,0.0,Safe (Not Churn)
Unknown,Pooja,0,0.06,Safe (Not Churn)
Unknown,Neha,1,0.98,Risk (Churn)
2488,Sneha,0,0.03,Safe (Not Churn)
C2489,Ravi,1,0.99,Risk (Churn)
C2490,Ankit,1,0.87,Risk (Churn)
Unknown,Rahul,0,0.02,Safe (Not Churn)
C2492,Simran,0,0.0,Safe (Not Churn)
2493,Sneha,0,0.04,Safe (Not Churn)
Unknown,Ravi,0,0.03,Safe (Not Churn)
Unknown,Neha,0,0.04,Safe (Not Churn)
2496,Kiran,0,0.01,Safe (Not Churn)
2497,Rahul,0,0.03,Safe (Not Churn)
2498,Rahul,0,0.0,Safe (Not Churn)
2499,Neha,0,0.07,Safe (Not Churn)
2500,Priya,1,0.98,Risk (Churn)
Unknown,Kiran,0,0.09,Safe (Not Churn)
Unknown,Simran,1,0.98,Risk (Churn)
2503,Simran,0,0.04,Safe (Not Churn)
2504,Kiran,0,0.04,Safe (Not Churn)
Unknown,Rahul,0,0.01,Safe (Not Churn)
C2506,Unknown,0,0.07,Safe (Not Churn)
2507,Rahul,1,0.9,Risk (Churn)
2508,Unknown,0,0.02,Safe (Not Churn)
2509,Simran,0,0.09,Safe (Not Churn)
2510,Amit,0,0.01,Safe (Not Churn)
2511,Pooja,0,0.0,Safe (Not Churn)
2512,Neha,0,0.01,Safe (Not Churn)
2513,Simran,0,0.01,Safe (Not Churn)
2514,Kiran,0,0.02,Safe (Not Churn)
C2515,Pooja,0,0.0,Safe (Not Churn)
C2516,Unknown,0,0.13,Safe (Not Churn)
C2517,Unknown,1,0.68,Risk (Churn)
Unknown,Rahul,1,0.96,Risk (Churn)
2519,Sneha,0,0.03,Safe (Not Churn)
C2520,Pooja,0,0.05,Safe (Not Churn)
C2521,Unknown,0,0.03,Safe (Not Churn)
2522,Sneha,0,0.07,Safe (Not Churn)
2523,Simran,0,0.02,Safe (Not Churn)
C2524,Pooja,1,0.97,Risk (Churn)
Unknown,Kiran,1,0.99,Risk (Churn)
Unknown,Rahul,0,0.01,Safe (Not Churn)
2527,Pooja,0,0.03,Safe (Not Churn)
2528,Pooja,0,0.13,Safe (Not Churn)
2529,Sneha,1,0.54,Risk (Churn)
C2530,Ankit,0,0.06,Safe (Not Churn)
2531,Sneha,0,0.04,Safe (Not Churn)
2532,Rahul,0,0.09,Safe (Not Churn)
C2533,Neha,0,0.03,Safe (Not Churn)
Unknown,Kiran,1,0.91,Risk (Churn)
C2535,Unknown,0,0.04,Safe (Not Churn)
Unknown,Kiran,0,0.05,Safe (Not Churn)
2537,Kiran,0,0.19,Safe (Not Churn)
C2538,Sneha,0,0.0,Safe (Not Churn)
Unknown,Pooja,0,0.0,Safe (Not Churn)
2540,Priya,0,0.01,Safe (Not Churn)
2541,Pooja,0,0.02,Safe (Not Churn)
Unknown,Amit,0,0.02,Safe (Not Churn)
2543,Unknown,0,0.05,Safe (Not Churn)
2544,Unknown,0,0.0,Safe (Not Churn)
2545,Ravi,0,0.06,Safe (Not Churn)
C2546,Simran,0,0.02,Safe (Not Churn)
C2547,Ankit,0,0.11,Safe (Not Churn)
Unknown,Ravi,0,0.01,Safe (Not Churn)
Unknown,Rahul,0,0.01,Safe (Not Churn)
C2550,Simran,0,0.02,Safe (Not Churn)
2551,Priya,0,0.05,Safe (Not Churn)
2552,Pooja,0,0.09,Safe (Not Churn)
2553,Simran,0,0.04,Safe (Not Churn)
2554,Ravi,0,0.04,Safe (Not Churn)
2555,Unknown,1,0.97,Risk (Churn)
2556,Ankit,1,0.94,Risk (Churn)
2557,Simran,0,0.0,Safe (Not Churn)
Unknown,Sneha,0,0.03,Safe (Not Churn)
C2559,Neha,0,0.03,Safe (Not Churn)
2560,Ankit,0,0.03,Safe (Not Churn)
2561,Sneha,0,0.04,Safe (Not Churn)
2562,Neha,0,0.02,Safe (Not Churn)
2563,Simran,0,0.01,Safe (Not Churn)
Unknown,Unknown,1,0.96,Risk (Churn)
2565,Priya,0,0.04,Safe (Not Churn)
C2566,Priya,0,0.02,Safe (Not Churn)
2567,Amit,0,0.01,Safe (Not Churn)
Unknown,Neha,0,0.05,Safe (Not Churn)
C2569,Neha,0,0.02,Safe (Not Churn)
2570,Unknown,0,0.0,Safe (Not Churn)
2571,Amit,0,0.09,Safe (Not Churn)
2572,Amit,0,0.02,Safe (Not Churn)
2573,Pooja,0,0.02,Safe (Not Churn)
C2574,Amit,0,0.03,Safe (Not Churn)
2575,Rahul,0,0.04,Safe (Not Churn)
2576,Sneha,0,0.02,Safe (Not Churn)
2577,Pooja,1,0.96,Risk (Churn)
C2578,Unknown,0,0.0,Safe (Not Churn)
Unknown,Unknown,0,0.03,Safe (Not Churn)
Unknown,Priya,0,0.01,Safe (Not Churn)
C2581,Rahul,0,0.0,Safe (Not Churn)
2582,Neha,0,0.04,Safe (Not Churn)
2583,Rahul,0,0.03,Safe (Not Churn)
Unknown,Pooja,0,0.07,Safe (Not Churn)
Unknown,Neha,1,0.89,Risk (Churn)
Unknown,Priya,0,0.01,Safe (Not Churn)
C2587,Neha,0,0.02,Safe (Not Churn)
2588,Sneha,0,0.03,Safe (Not Churn)
2589,Unknown,0,0.0,Safe (Not Churn)
2590,Amit,0,0.11,Safe (Not Churn)
2591,Kiran,0,0.05,Safe (Not Churn)
2592,Simran,0,0.04,Safe (Not Churn)
2593,Pooja,0,0.02,Safe (Not Churn)
C2594,Priya,0,0.02,Safe (Not Churn)
2595,Ravi,0,0.04,Safe (Not Churn)
2596,Ravi,0,0.04,Safe (Not Churn)
2597,Priya,0,0.06,Safe (Not Churn)
C2598,Neha,0,0.02,Safe (Not Churn)
Unknown,Kiran,0,0.02,Safe (Not Churn)
C2600,Unknown,0,0.02,Safe (Not Churn)
2601,Rahul,0,0.04,Safe (Not Churn)
C2602,Ravi,0,0.04,Safe (Not Churn)
C2603,Neha,1,1.0,Risk (Churn)
C2604,Simran,0,0.02,Safe (Not Churn)
C2605,Kiran,1,0.59,Risk (Churn)
Unknown,Sneha,0,0.01,Safe (Not Churn)
Unknown,Amit,1,0.88,Risk (Churn)
Unknown,Pooja,1,0.94,Risk (Churn)
Unknown,Priya,0,0.12,Safe (Not Churn)
C2610,Ankit,0,0.05,Safe (Not Churn)
Unknown,Ankit,1,0.98,Risk (Churn)
Unknown,Simran,0,0.45,Safe (Not Churn)
2613,Pooja,0,0.05,Safe (Not Churn)
C2614,Kiran,0,0.01,Safe (Not Churn)
Unknown,Sneha,0,0.01,Safe (Not Churn)
C2616,Sneha,0,0.03,Safe (Not Churn)
2617,Unknown,1,0.96,Risk (Churn)
Unknown,Priya,0,0.0,Safe (Not Churn)
C2619,Ankit,0,0.02,Safe (Not Churn)
2620,Ravi,0,0.03,Safe (Not Churn)
C2621,Neha,0,0.03,Safe (Not Churn)
2622,Ravi,1,0.98,Risk (Churn)
C2623,Rahul,0,0.06,Safe (Not Churn)
2624,Pooja,0,0.09,Safe (Not Churn)
Unknown,Priya,0,0.01,Safe (Not Churn)
2626,Neha,1,0.93,Risk (Churn)
2627,Pooja,0,0.01,Safe (Not Churn)
Unknown,Unknown,0,0.03,Safe (Not Churn)
C2629,Ravi,0,0.03,Safe (Not Churn)
C2630,Kiran,0,0.01,Safe (Not Churn)
C2631,Neha,1,1.0,Risk (Churn)
C2632,Unknown,0,0.03,Safe (Not Churn)
2633,Ankit,1,0.68,Risk (Churn)
Unknown,Priya,0,0.0,Safe (Not Churn)
C2635,Unknown,0,0.0,Safe (Not Churn)
Unknown,Unknown,0,0.04,Safe (Not Churn)
2637,Simran,0,0.01,Safe (Not Churn)
2638,Unknown,0,0.07,Safe (Not Churn)
Unknown,Amit,0,0.01,Safe (Not Churn)
2640,Ravi,0,0.03,Safe (Not Churn)
2641,Simran,0,0.05,Safe (Not Churn)
C2642,Simran,1,0.93,Risk (Churn)
2643,Unknown,0,0.06,Safe (Not Churn)
2644,Pooja,0,0.06,Safe (Not Churn)
2645,Amit,0,0.28,Safe (Not Churn)
2646,Pooja,0,0.01,Safe (Not Churn)
Unknown,Priya,0,0.0,Safe (Not Churn)
2648,Neha,0,0.02,Safe (Not Churn)
Unknown,Simran,0,0.04,Safe (Not Churn)
2650,Simran,0,0.01,Safe (Not Churn)
Unknown,Rahul,0,0.04,Safe (Not Churn)
Unknown,Ankit,0,0.03,Safe (Not Churn)
C2653,Unknown,0,0.04,Safe (Not Churn)
Unknown,Unknown,0,0.01,Safe (Not Churn)
2655,Ankit,1,0.95,Risk (Churn)
2656,Unknown,0,0.0,Safe (Not Churn)
C2657,Unknown,0,0.05,Safe (Not Churn)
2658,Sneha,1,0.96,Risk (Churn)
2659,Simran,0,0.03,Safe (Not Churn)
C2660,Priya,0,0.0,Safe (Not Churn)
2661,Neha,0,0.06,Safe (Not Churn)
C2662,Ravi,0,0.01,Safe (Not Churn)
2663,Simran,0,0.04,Safe (Not Churn)
Unknown,Unknown,1,0.99,Risk (Churn)
Unknown,Unknown,0,0.01,Safe (Not Churn)
2666,Pooja,0,0.01,Safe (Not Churn)
Unknown,Ravi,0,0.02,Safe (Not Churn)
2668,Ravi,0,0.04,Safe (Not Churn)
C2669,Rahul,0,0.02,Safe (Not Churn)
2670,Unknown,0,0.02,Safe (Not Churn)
2671,Amit,0,0.04,Safe (Not Churn)
2672,Kiran,1,0.83,Risk (Churn)
2673,Ravi,0,0.04,Safe (Not Churn)
Unknown,Amit,0,0.0,Safe (Not Churn)
2675,Simran,1,0.97,Risk (Churn)
Unknown,Amit,1,0.97,Risk (Churn)
C2677,Sneha,0,0.04,Safe (Not Churn)
C2678,Neha,0,0.0,Safe (Not Churn)
Unknown,Ravi,0,0.03,Safe (Not Churn)
2680,Pooja,0,0.01,Safe (Not Churn)
Unknown,Unknown,0,0.02,Safe (Not Churn)
2682,Neha,1,0.96,Risk (Churn)
2683,Pooja,0,0.12,Safe (Not Churn)
2684,Sneha,1,0.9,Risk (Churn)
C2685,Unknown,0,0.06,Safe (Not Churn)
2686,Sneha,0,0.42,Safe (Not Churn)
Unknown,Priya,1,1.0,Risk (Churn)
2688,Kiran,1,0.89,Risk (Churn)
2689,Ravi,0,0.02,Safe (Not Churn)
Unknown,Kiran,0,0.0,Safe (Not Churn)
2691,Simran,0,0.03,Safe (Not Churn)
2692,Rahul,1,0.94,Risk (Churn)
Unknown,Kiran,0,0.06,Safe (Not Churn)
Unknown,Ravi,1,0.87,Risk (Churn)
2695,Unknown,1,0.95,Risk (Churn)
C2696,Simran,0,0.05,Safe (Not Churn)
Unknown,Kiran,0,0.01,Safe (Not Churn)
2698,Pooja,0,0.06,Safe (Not Churn)
C2699,Unknown,0,0.0,Safe (Not Churn)
C2700,Ravi,0,0.01,Safe (Not Churn)
2701,Kiran,1,0.95,Risk (Churn)
Unknown,Ravi,0,0.05,Safe (Not Churn)
Unknown,Sneha,1,0.96,Risk (Churn)
Unknown,Priya,1,0.62,Risk (Churn)
2705,Neha,0,0.05,Safe (Not Churn)
C2706,Ankit,0,0.0,Safe (Not Churn)
2707,Unknown,0,0.0,Safe (Not Churn)
2708,Simran,0,0.03,Safe (Not Churn)
Unknown,Unknown,0,0.33,Safe (Not Churn)
2710,Unknown,0,0.04,Safe (Not Churn)
2711,Amit,0,0.02,Safe (Not Churn)
2712,Pooja,1,0.98,Risk (Churn)
Unknown,Sneha,1,0.96,Risk (Churn)
C2714,Unknown,0,0.08,Safe (Not Churn)
2715,Ravi,1,0.51,Risk (Churn)
2716,Unknown,0,0.03,Safe (Not Churn)
Unknown,Unknown,0,0.05,Safe (Not Churn)
Unknown,Ankit,0,0.04,Safe (Not Churn)
C2719,Ankit,0,0.0,Safe (Not Churn)
2720,Kiran,1,0.53,Risk (Churn)
C2721,Ankit,0,0.03,Safe (Not Churn)
2722,Unknown,0,0.03,Safe (Not Churn)
C2723,Ravi,0,0.0,Safe (Not Churn)
Unknown,Unknown,0,0.0,Safe (Not Churn)
2725,Neha,0,0.0,Safe (Not Churn)
2726,Neha,0,0.02,Safe (Not Churn)
2727,Pooja,0,0.02,Safe (Not Churn)
2728,Sneha,0,0.02,Safe (Not Churn)
C2729,Ankit,0,0.03,Safe (Not Churn)
Unknown,Ravi,0,0.05,Safe (Not Churn)
C2731,Priya,1,0.97,Risk (Churn)
2732,Ankit,0,0.06,Safe (Not Churn)
Unknown,Kiran,0,0.0,Safe (Not Churn)
2734,Rahul,0,0.03,Safe (Not Churn)
2735,Ravi,0,0.06,Safe (Not Churn)
2736,Neha,0,0.02,Safe (Not Churn)
2737,Unknown,0,0.08,Safe (Not Churn)
2738,Rahul,0,0.01,Safe (Not Churn)
Unknown,Ravi,0,0.04,Safe (Not Churn)
2740,Ravi,0,0.02,Safe (Not Churn)
2741,Ravi,1,0.97,Risk (Churn)
2742,Kiran,0,0.01,Safe (Not Churn)
C2743,Ankit,1,0.95,Risk (Churn)
2744,Priya,1,0.98,Risk (Churn)
Unknown,Unknown,0,0.04,Safe (Not Churn)
2746,Ravi,1,0.84,Risk (Churn)
Unknown,Ankit,0,0.01,Safe (Not Churn)
Unknown,Unknown,0,0.1,Safe (Not Churn)
Unknown,Priya,0,0.21,Safe (Not Churn)
2750,Simran,0,0.09,Safe (Not Churn)
2751,Priya,1,0.97,Risk (Churn)
C2752,Simran,0,0.01,Safe (Not Churn)
Unknown,Simran,0,0.0,Safe (Not Churn)
2754,Ravi,0,0.03,Safe (Not Churn)
Unknown,Kiran,1,0.92,Risk (Churn)
2756,Rahul,0,0.14,Safe (Not Churn)
Unknown,Neha,1,0.99,Risk (Churn)
Unknown,Sneha,0,0.01,Safe (Not Churn)
2759,Simran,0,0.02,Safe (Not Churn)
Unknown,Priya,0,0.04,Safe (Not Churn)
C2761,Neha,0,0.04,Safe (Not Churn)
2762,Unknown,0,0.46,Safe (Not Churn)
Unknown,Rahul,1,0.99,Risk (Churn)
C2764,Rahul,0,0.02,Safe (Not Churn)
Unknown,Amit,0,0.01,Safe (Not Churn)
2766,Unknown,0,0.05,Safe (Not Churn)
Unknown,Simran,0,0.04,Safe (Not Churn)
2768,Kiran,0,0.05,Safe (Not Churn)
2769,Amit,1,0.83,Risk (Churn)
2770,Priya,1,0.96,Risk (Churn)
2771,Priya,1,0.91,Risk (Churn)
2772,Unknown,0,0.04,Safe (Not Churn)
2773,Pooja,0,0.1,Safe (Not Churn)
Unknown,Kiran,0,0.01,Safe (Not Churn)
C2775,Simran,0,0.0,Safe (Not Churn)
C2776,Ankit,0,0.02,Safe (Not Churn)
2777,Unknown,0,0.4,Safe (Not Churn)
2778,Unknown,0,0.02,Safe (Not Churn)
2779,Rahul,1,0.95,Risk (Churn)
Unknown,Unknown,0,0.04,Safe (Not Churn)
C2781,Amit,1,0.76,Risk (Churn)
2782,Neha,0,0.01,Safe (Not Churn)
2783,Sneha,1,0.98,Risk (Churn)
2784,Ravi,0,0.01,Safe (Not Churn)
Unknown,Priya,1,1.0,Risk (Churn)
C2786,Priya,0,0.02,Safe (Not Churn)
Unknown,Ravi,0,0.14,Safe (Not Churn)
2788,Priya,0,0.05,Safe (Not Churn)
C2789,Pooja,0,0.0,Safe (Not Churn)
2790,Amit,0,0.04,Safe (Not Churn)
2791,Priya,0,0.0,Safe (Not Churn)
Unknown,Simran,0,0.03,Safe (Not Churn)
2793,Unknown,0,0.0,Safe (Not Churn)
C2794,Unknown,1,0.99,Risk (Churn)
2795,Unknown,0,0.03,Safe (Not Churn)
C2796,Priya,0,0.0,Safe (Not Churn)
Unknown,Priya,1,0.98,Risk (Churn)
2798,Ankit,0,0.04,Safe (Not Churn)
C2799,Ravi,0,0.03,Safe (Not Churn)
2800,Pooja,1,0.97,Risk (Churn)
2801,Amit,0,0.11,Safe (Not Churn)
2802,Unknown,0,0.02,Safe (Not Churn)
Unknown,Amit,0,0.05,Safe (Not Churn)
2804,Sneha,1,0.99,Risk (Churn)
C2805,Simran,0,0.02,Safe (Not Churn)
2806,Unknown,1,0.94,Risk (Churn)
2807,Rahul,1,0.93,Risk (Churn)
2808,Unknown,0,0.08,Safe (Not Churn)
C2809,Amit,1,0.99,Risk (Churn)
C2810,Kiran,0,0.13,Safe (Not Churn)
C2811,Simran,1,0.99,Risk (Churn)
Unknown,Ankit,0,0.03,Safe (Not Churn)
2813,Ravi,0,0.03,Safe (Not Churn)
2814,Unknown,0,0.01,Safe (Not Churn)
2815,Priya,0,0.01,Safe (Not Churn)
2816,Neha,1,1.0,Risk (Churn)
2817,Kiran,0,0.02,Safe (Not Churn)
2818,Rahul,1,0.59,Risk (Churn)
C2819,Pooja,1,0.97,Risk (Churn)
2820,Simran,0,0.01,Safe (Not Churn)
2821,Sneha,0,0.01,Safe (Not Churn)
2822,Ravi,0,0.11,Safe (Not Churn)
Unknown,Priya,0,0.08,Safe (Not Churn)
Unknown,Ravi,0,0.03,Safe (Not Churn)
Unknown,Kiran,1,0.91,Risk (Churn)
C2826,Simran,0,0.02,Safe (Not Churn)
2827,Neha,0,0.03,Safe (Not Churn)
2828,Priya,1,0.96,Risk (Churn)
C2829,Priya,0,0.01,Safe (Not Churn)
2830,Unknown,1,0.63,Risk (Churn)
Unknown,Rahul,0,0.01,Safe (Not Churn)
2832,Sneha,0,0.01,Safe (Not Churn)
Unknown,Pooja,0,0.0,Safe (Not Churn)
2834,Simran,1,0.97,Risk (Churn)
C2835,Simran,0,0.02,Safe (Not Churn)
Unknown,Kiran,0,0.01,Safe (Not Churn)
Unknown,Kiran,0,0.08,Safe (Not Churn)
2838,Neha,0,0.43,Safe (Not Churn)
2839,Unknown,0,0.0,Safe (Not Churn)
Unknown,Neha,0,0.06,Safe (Not Churn)
Unknown,Pooja,0,0.01,Safe (Not Churn)
Unknown,Kiran,0,0.0,Safe (Not Churn)
Unknown,Ravi,0,0.03,Safe (Not Churn)
2844,Priya,0,0.0,Safe (Not Churn)
Unknown,Kiran,0,0.02,Safe (Not Churn)
C2846,Amit,0,0.0,Safe (Not Churn)
Unknown,Priya,0,0.0,Safe (Not Churn)
C2848,Simran,0,0.02,Safe (Not Churn)
C2849,Rahul,0,0.01,Safe (Not Churn)
2850,Priya,0,0.0,Safe (Not Churn)
2851,Unknown,1,0.94,Risk (Churn)
C2852,Neha,0,0.01,Safe (Not Churn)
2853,Ravi,0,0.01,Safe (Not Churn)
2854,Ravi,1,0.84,Risk (Churn)
Unknown,Sneha,0,0.01,Safe (Not Churn)
2856,Neha,0,0.07,Safe (Not Churn)
Unknown,Ravi,0,0.01,Safe (Not Churn)
2858,Pooja,0,0.03,Safe (Not Churn)
Unknown,Pooja,1,0.75,Risk (Churn)
Unknown,Neha,0,0.01,Safe (Not Churn)
2861,Sneha,0,0.06,Safe (Not Churn)
C2862,Priya,0,0.0,Safe (Not Churn)
2863,Unknown,0,0.01,Safe (Not Churn)
2864,Ravi,0,0.0,Safe (Not Churn)
Unknown,Ankit,1,0.97,Risk (Churn)
Unknown,Simran,0,0.06,Safe (Not Churn)
Unknown,Sneha,0,0.08,Safe (Not Churn)
2868,Kiran,0,0.04,Safe (Not Churn)
C2869,Simran,0,0.04,Safe (Not Churn)
Unknown,Pooja,0,0.0,Safe (Not Churn)
2871,Neha,0,0.02,Safe (Not Churn)
2872,Unknown,0,0.09,Safe (Not Churn)
C2873,Simran,0,0.03,Safe (Not Churn)
2874,Ankit,1,0.87,Risk (Churn)
C2875,Neha,0,0.05,Safe (Not Churn)
C2876,Priya,0,0.02,Safe (Not Churn)
Unknown,Priya,1,0.95,Risk (Churn)
2878,Unknown,0,0.0,Safe (Not Churn)
2879,Amit,0,0.01,Safe (Not Churn)
2880,Ankit,0,0.06,Safe (Not Churn)
C2881,Unknown,0,0.02,Safe (Not Churn)
2882,Neha,1,0.98,Risk (Churn)
2883,Unknown,0,0.04,Safe (Not Churn)
C2884,Ankit,0,0.02,Safe (Not Churn)
2885,Rahul,0,0.07,Safe (Not Churn)
C2886,Rahul,0,0.01,Safe (Not Churn)
Unknown,Sneha,0,0.0,Safe (Not Churn)
2888,Rahul,1,0.91,Risk (Churn)
2889,Ravi,0,0.01,Safe (Not Churn)
2890,Ravi,0,0.01,Safe (Not Churn)
2891,Sneha,0,0.0,Safe (Not Churn)
Unknown,Neha,0,0.02,Safe (Not Churn)
C2893,Ravi,1,0.93,Risk (Churn)
2894,Ravi,1,0.95,Risk (Churn)
2895,Ravi,0,0.01,Safe (Not Churn)
2896,Neha,1,0.97,Risk (Churn)
Unknown,Unknown,1,0.99,Risk (Churn)
Unknown,Rahul,1,0.96,Risk (Churn)
Unknown,Ankit,0,0.02,Safe (Not Churn)
Unknown,Unknown,0,0.37,Safe (Not Churn)
Unknown,Priya,1,0.97,Risk (Churn)
C2902,Kiran,0,0.02,Safe (Not Churn)
2903,Neha,0,0.29,Safe (Not Churn)
Unknown,Neha,0,0.03,Safe (Not Churn)
2905,Unknown,0,0.07,Safe (Not Churn)
2906,Rahul,0,0.02,Safe (Not Churn)
2907,Ravi,0,0.06,Safe (Not Churn)
Unknown,Rahul,0,0.04,Safe (Not Churn)
2909,Unknown,0,0.06,Safe (Not Churn)
2910,Ravi,0,0.06,Safe (Not Churn)
Unknown,Neha,0,0.03,Safe (Not Churn)
2912,Pooja,1,0.67,Risk (Churn)
2913,Ravi,0,0.02,Safe (Not Churn)
C2914,Kiran,0,0.0,Safe (Not Churn)
2915,Simran,0,0.01,Safe (Not Churn)
2916,Priya,0,0.05,Safe (Not Churn)
2917,Ravi,0,0.0,Safe (Not Churn)
2918,Ravi,0,0.01,Safe (Not Churn)
Unknown,Unknown,0,0.02,Safe (Not Churn)
C2920,Ravi,0,0.02,Safe (Not Churn)
C2921,Amit,1,0.89,Risk (Churn)
2922,Priya,1,0.98,Risk (Churn)
2923,Ravi,0,0.0,Safe (Not Churn)
Unknown,Sneha,0,0.0,Safe (Not Churn)
2925,Ravi,0,0.03,Safe (Not Churn)
Unknown,Neha,0,0.02,Safe (Not Churn)
2927,Unknown,0,0.05,Safe (Not Churn)
C2928,Pooja,0,0.03,Safe (Not Churn)
C2929,Ankit,0,0.18,Safe (Not Churn)
2930,Kiran,0,0.01,Safe (Not Churn)
2931,Neha,0,0.02,Safe (Not Churn)
C2932,Unknown,0,0.03,Safe (Not Churn)
2933,Amit,0,0.0,Safe (Not Churn)
2934,Unknown,1,0.92,Risk (Churn)
C2935,Priya,0,0.0,Safe (Not Churn)
2936,Sneha,1,0.98,Risk (Churn)
C2937,Rahul,0,0.01,Safe (Not Churn)
Unknown,Ankit,0,0.0,Safe (Not Churn)
Unknown,Ankit,0,0.03,Safe (Not Churn)
2940,Neha,1,0.64,Risk (Churn)
2941,Rahul,1,0.92,Risk (Churn)
2942,Kiran,1,0.96,Risk (Churn)
2943,Rahul,0,0.01,Safe (Not Churn)
Unknown,Simran,0,0.04,Safe (Not Churn)
2945,Priya,0,0.01,Safe (Not Churn)
Unknown,Unknown,0,0.01,Safe (Not Churn)
Unknown,Ankit,0,0.04,Safe (Not Churn)
Unknown,Sneha,0,0.05,Safe (Not Churn)
C2949,Kiran,0,0.04,Safe (Not Churn)
Unknown,Pooja,1,0.94,Risk (Churn)
2951,Neha,0,0.04,Safe (Not Churn)
Unknown,Unknown,0,0.0,Safe (Not Churn)
Unknown,Kiran,0,0.0,Safe (Not Churn)
Unknown,Ravi,0,0.01,Safe (Not Churn)
2955,Neha,0,0.11,Safe (Not Churn)
Unknown,Kiran,0,0.0,Safe (Not Churn)
2957,Ravi,0,0.02,Safe (Not Churn)
Unknown,Simran,0,0.01,Safe (Not Churn)
2959,Amit,0,0.08,Safe (Not Churn)
2960,Neha,0,0.03,Safe (Not Churn)
2961,Amit,0,0.02,Safe (Not Churn)
Unknown,Kiran,0,0.01,Safe (Not Churn)
Unknown,Unknown,0,0.05,Safe (Not Churn)
2964,Amit,0,0.0,Safe (Not Churn)
2965,Ravi,0,0.06,Safe (Not Churn)
Unknown,Pooja,1,0.98,Risk (Churn)
2967,Ravi,0,0.01,Safe (Not Churn)
2968,Priya,0,0.01,Safe (Not Churn)
Unknown,Priya,1,0.96,Risk (Churn)
2970,Unknown,0,0.01,Safe (Not Churn)
Unknown,Rahul,1,1.0,Risk (Churn)
2972,Simran,0,0.0,Safe (Not Churn)
C2973,Unknown,0,0.0,Safe (Not Churn)
2974,Neha,0,0.01,Safe (Not Churn)
C2975,Rahul,0,0.05,Safe (Not Churn)
2976,Ravi,1,0.58,Risk (Churn)
2977,Rahul,0,0.03,Safe (Not Churn)
C2978,Unknown,0,0.31,Safe (Not Churn)
C2979,Rahul,0,0.01,Safe (Not Churn)
2980,Neha,0,0.04,Safe (Not Churn)
2981,Kiran,1,0.92,Risk (Churn)
2982,Priya,0,0.11,Safe (Not Churn)
2983,Pooja,0,0.0,Safe (Not Churn)
C2984,Kiran,0,0.01,Safe (Not Churn)
C2985,Pooja,0,0.05,Safe (Not Churn)
2986,Unknown,0,0.02,Safe (Not Churn)
Unknown,Kiran,0,0.05,Safe (Not Churn)
2988,Simran,0,0.07,Safe (Not Churn)
2989,Simran,0,0.0,Safe (Not Churn)
C2990,Rahul,0,0.02,Safe (Not Churn)
C2991,Amit,0,0.16,Safe (Not Churn)
C2992,Pooja,0,0.05,Safe (Not Churn)
2993,Rahul,0,0.08,Safe (Not Churn)
Unknown,Amit,1,0.84,Risk (Churn)
2995,Sneha,1,0.95,Risk (Churn)
2996,Priya,1,0.94,Risk (Churn)
2997,Pooja,0,0.01,Safe (Not Churn)
C2998,Neha,0,0.02,Safe (Not Churn)
2999,Simran,0,0.06,Safe (Not Churn)
C3000,Priya,0,0.07,Safe (Not Churn)
3001,Unknown,0,0.08,Safe (Not Churn)
C3002,Neha,1,0.98,Risk (Churn)
C3003,Unknown,1,0.93,Risk (Churn)
3004,Ankit,0,0.02,Safe (Not Churn)
3005,Kiran,0,0.05,Safe (Not Churn)
3006,Kiran,0,0.03,Safe (Not Churn)
3007,Priya,1,0.98,Risk (Churn)
3008,Priya,0,0.34,Safe (Not Churn)
3009,Unknown,0,0.02,Safe (Not Churn)
C3010,Rahul,0,0.05,Safe (Not Churn)
3011,Unknown,0,0.08,Safe (Not Churn)
3012,Ankit,0,0.0,Safe (Not Churn)
Unknown,Unknown,0,0.02,Safe (Not Churn)
3014,Ravi,0,0.02,Safe (Not Churn)
3015,Rahul,0,0.06,Safe (Not Churn)
3016,Ravi,0,0.01,Safe (Not Churn)
Unknown,Priya,0,0.01,Safe (Not Churn)
C3018,Unknown,0,0.04,Safe (Not Churn)
3019,Simran,0,0.02,Safe (Not Churn)
Unknown,Simran,0,0.03,Safe (Not Churn)
C3021,Simran,0,0.07,Safe (Not Churn)
Unknown,Amit,1,0.78,Risk (Churn)
3023,Unknown,0,0.05,Safe (Not Churn)
3024,Unknown,1,0.94,Risk (Churn)
Unknown,Ravi,0,0.01,Safe (Not Churn)
C3026,Unknown,1,0.95,Risk (Churn)
Unknown,Kiran,0,0.05,Safe (Not Churn)
3028,Ankit,0,0.18,Safe (Not Churn)
3029,Ravi,0,0.0,Safe (Not Churn)
3030,Unknown,0,0.02,Safe (Not Churn)
3031,Ankit,1,0.95,Risk (Churn)
3032,Unknown,1,0.85,Risk (Churn)
Unknown,Rahul,0,0.02,Safe (Not Churn)
3034,Unknown,1,0.94,Risk (Churn)
C3035,Priya,0,0.03,Safe (Not Churn)
3036,Amit,0,0.1,Safe (Not Churn)
3037,Simran,1,0.99,Risk (Churn)
Unknown,Simran,0,0.06,Safe (Not Churn)
3039,Sneha,0,0.03,Safe (Not Churn)
Unknown,Unknown,1,0.97,Risk (Churn)
3041,Kiran,0,0.02,Safe (Not Churn)
3042,Unknown,0,0.03,Safe (Not Churn)
3043,Amit,0,0.06,Safe (Not Churn)
C3044,Priya,0,0.02,Safe (Not Churn)
Unknown,Unknown,0,0.03,Safe (Not Churn)
3046,Ankit,0,0.09,Safe (Not Churn)
3047,Amit,0,0.03,Safe (Not Churn)
Unknown,Neha,0,0.0,Safe (Not Churn)
C3049,Pooja,0,0.04,Safe (Not Churn)
3050,Ankit,0,0.01,Safe (Not Churn)
Unknown,Unknown,1,1.0,Risk (Churn)
3052,Neha,0,0.01,Safe (Not Churn)
Unknown,Unknown,1,0.98,Risk (Churn)
C3054,Priya,0,0.02,Safe (Not Churn)
3055,Ravi,1,0.94,Risk (Churn)
C3056,Unknown,0,0.03,Safe (Not Churn)
Unknown,Amit,0,0.03,Safe (Not Churn)
Unknown,Sneha,0,0.0,Safe (Not Churn)
3059,Ravi,0,0.11,Safe (Not Churn)
3060,Pooja,0,0.04,Safe (Not Churn)
3061,Unknown,1,0.92,Risk (Churn)
Unknown,Rahul,0,0.02,Safe (Not Churn)
3063,Unknown,0,0.02,Safe (Not Churn)
Unknown,Unknown,0,0.03,Safe (Not Churn)
3065,Simran,0,0.08,Safe (Not Churn)
3066,Ankit,0,0.06,Safe (Not Churn)
3067,Ankit,1,0.78,Risk (Churn)
Unknown,Sneha,0,0.01,Safe (Not Churn)
3069,Neha,0,0.06,Safe (Not Churn)
3070,Unknown,0,0.01,Safe (Not Churn)
3071,Ravi,0,0.11,Safe (Not Churn)
Unknown,Sneha,0,0.03,Safe (Not Churn)
3073,Amit,1,0.93,Risk (Churn)
3074,Ravi,0,0.0,Safe (Not Churn)
C3075,Amit,0,0.03,Safe (Not Churn)
3076,Ankit,0,0.02,Safe (Not Churn)
3077,Ankit,0,0.04,Safe (Not Churn)
Unknown,Pooja,0,0.02,Safe (Not Churn)
C3079,Priya,1,0.98,Risk (Churn)
C3080,Simran,0,0.02,Safe (Not Churn)
3081,Pooja,0,0.0,Safe (Not Churn)
3082,Sneha,0,0.03,Safe (Not Churn)
3083,Pooja,0,0.02,Safe (Not Churn)
3084,Pooja,0,0.09,Safe (Not Churn)
C3085,Sneha,0,0.01,Safe (Not Churn)
3086,Neha,0,0.01,Safe (Not Churn)
3087,Priya,0,0.01,Safe (Not Churn)
Unknown,Sneha,0,0.15,Safe (Not Churn)
C3089,Priya,0,0.01,Safe (Not Churn)
3090,Amit,0,0.05,Safe (Not Churn)
Unknown,Neha,0,0.02,Safe (Not Churn)
3092,Simran,0,0.04,Safe (Not Churn)
Unknown,Kiran,0,0.01,Safe (Not Churn)
C3094,Priya,1,0.88,Risk (Churn)
3095,Sneha,0,0.01,Safe (Not Churn)
C3096,Amit,0,0.02,Safe (Not Churn)
C3097,Unknown,0,0.01,Safe (Not Churn)
Unknown,Ankit,0,0.0,Safe (Not Churn)
C3099,Unknown,0,0.4,Safe (Not Churn)
Unknown,Sneha,0,0.07,Safe (Not Churn)
3101,Simran,0,0.01,Safe (Not Churn)
3102,Unknown,0,0.05,Safe (Not Churn)
C3103,Sneha,1,0.89,Risk (Churn)
Unknown,Pooja,0,0.0,Safe (Not Churn)
C3105,Kiran,0,0.05,Safe (Not Churn)
Unknown,Unknown,0,0.08,Safe (Not Churn)
3107,Neha,0,0.01,Safe (Not Churn)
3108,Neha,1,0.62,Risk (Churn)
C3109,Unknown,0,0.03,Safe (Not Churn)
3110,Neha,0,0.02,Safe (Not Churn)
3111,Ankit,0,0.01,Safe (Not Churn)
3112,Pooja,0,0.16,Safe (Not Churn)
Unknown,Rahul,0,0.03,Safe (Not Churn)
C3114,Priya,1,0.93,Risk (Churn)
3115,Kiran,0,0.11,Safe (Not Churn)
3116,Ankit,0,0.0,Safe (Not Churn)
3117,Priya,0,0.0,Safe (Not Churn)
Unknown,Pooja,1,0.74,Risk (Churn)
3119,Amit,0,0.04,Safe (Not Churn)
Unknown,Unknown,0,0.0,Safe (Not Churn)
3121,Amit,0,0.02,Safe (Not Churn)
Unknown,Kiran,1,0.99,Risk (Churn)
C3123,Rahul,1,0.97,Risk (Churn)
C3124,Sneha,1,0.99,Risk (Churn)
Unknown,Sneha,1,0.98,Risk (Churn)
3126,Priya,0,0.03,Safe (Not Churn)
C3127,Sneha,0,0.01,Safe (Not Churn)
Unknown,Unknown,0,0.01,Safe (Not Churn)
C3129,Pooja,0,0.01,Safe (Not Churn)
3130,Amit,0,0.02,Safe (Not Churn)
C3131,Unknown,0,0.04,Safe (Not Churn)
C3132,Pooja,1,0.99,Risk (Churn)
C3133,Rahul,0,0.01,Safe (Not Churn)
3134,Simran,1,0.97,Risk (Churn)
3135,Neha,0,0.03,Safe (Not Churn)
3136,Sneha,1,0.97,Risk (Churn)
3137,Unknown,0,0.1,Safe (Not Churn)
3138,Kiran,0,0.01,Safe (Not Churn)
C3139,Amit,0,0.02,Safe (Not Churn)
3140,Sneha,1,0.97,Risk (Churn)
3141,Rahul,0,0.02,Safe (Not Churn)
3142,Rahul,0,0.05,Safe (Not Churn)
3143,Kiran,0,0.09,Safe (Not Churn)
3144,Neha,0,0.03,Safe (Not Churn)
3145,Unknown,0,0.02,Safe (Not Churn)
3146,Kiran,0,0.07,Safe (Not Churn)
Unknown,Unknown,0,0.05,Safe (Not Churn)
C3148,Ravi,0,0.05,Safe (Not Churn)
3149,Pooja,0,0.05,Safe (Not Churn)
C3150,Rahul,0,0.02,Safe (Not Churn)
C3151,Sneha,0,0.06,Safe (Not Churn)
C3152,Unknown,0,0.0,Safe (Not Churn)
3153,Simran,0,0.0,Safe (Not Churn)
3154,Unknown,0,0.05,Safe (Not Churn)
C3155,Neha,0,0.0,Safe (Not Churn)
3156,Priya,1,1.0,Risk (Churn)
C3157,Ravi,0,0.02,Safe (Not Churn)
Unknown,Sneha,0,0.0,Safe (Not Churn)
3159,Unknown,0,0.03,Safe (Not Churn)
C3160,Simran,0,0.04,Safe (Not Churn)
C3161,Unknown,0,0.04,Safe (Not Churn)
3162,Neha,1,0.67,Risk (Churn)
C3163,Unknown,0,0.05,Safe (Not Churn)
3164,Rahul,1,0.97,Risk (Churn)
3165,Amit,0,0.01,Safe (Not Churn)
C3166,Ravi,0,0.0,Safe (Not Churn)
C3167,Ankit,0,0.03,Safe (Not Churn)
Unknown,Priya,1,0.9,Risk (Churn)
3169,Unknown,0,0.05,Safe (Not Churn)
3170,Ravi,0,0.04,Safe (Not Churn)
Unknown,Ravi,0,0.01,Safe (Not Churn)
3172,Neha,1,0.88,Risk (Churn)
Unknown,Simran,1,0.96,Risk (Churn)
C3174,Neha,0,0.03,Safe (Not Churn)
Unknown,Priya,0,0.02,Safe (Not Churn)
3176,Ravi,0,0.04,Safe (Not Churn)
3177,Rahul,0,0.08,Safe (Not Churn)
3178,Kiran,0,0.0,Safe (Not Churn)
3179,Amit,0,0.02,Safe (Not Churn)
3180,Neha,0,0.06,Safe (Not Churn)
Unknown,Ravi,1,0.97,Risk (Churn)
3182,Pooja,0,0.02,Safe (Not Churn)
3183,Ankit,1,0.97,Risk (Churn)
3184,Pooja,0,0.0,Safe (Not Churn)
Unknown,Kiran,0,0.05,Safe (Not Churn)
3186,Neha,0,0.16,Safe (Not Churn)
C3187,Neha,0,0.04,Safe (Not Churn)
3188,Rahul,0,0.04,Safe (Not Churn)
Unknown,Priya,0,0.0,Safe (Not Churn)
3190,Simran,0,0.03,Safe (Not Churn)
Unknown,Kiran,0,0.0,Safe (Not Churn)
C3192,Rahul,0,0.0,Safe (Not Churn)
3193,Neha,1,0.97,Risk (Churn)
C3194,Kiran,0,0.0,Safe (Not Churn)
3195,Unknown,0,0.02,Safe (Not Churn)
3196,Neha,0,0.0,Safe (Not Churn)
Unknown,Unknown,0,0.06,Safe (Not Churn)
3198,Kiran,0,0.02,Safe (Not Churn)
3199,Amit,1,0.97,Risk (Churn)
C3200,Pooja,0,0.03,Safe (Not Churn)
3201,Amit,0,0.01,Safe (Not Churn)
3202,Neha,1,0.89,Risk (Churn)
C3203,Simran,0,0.1,Safe (Not Churn)
Unknown,Unknown,1,0.97,Risk (Churn)
3205,Unknown,0,0.0,Safe (Not Churn)
C3206,Priya,0,0.0,Safe (Not Churn)
Unknown,Unknown,1,0.95,Risk (Churn)
3208,Sneha,0,0.05,Safe (Not Churn)
Unknown,Sneha,0,0.07,Safe (Not Churn)
C3210,Sneha,0,0.02,Safe (Not Churn)
3211,Unknown,0,0.0,Safe (Not Churn)
Unknown,Priya,0,0.0,Safe (Not Churn)
C3213,Ankit,1,0.98,Risk (Churn)
C3214,Sneha,0,0.06,Safe (Not Churn)
3215,Simran,0,0.01,Safe (Not Churn)
Unknown,Rahul,0,0.04,Safe (Not Churn)
3217,Pooja,0,0.03,Safe (Not Churn)
3218,Priya,1,0.53,Risk (Churn)
Unknown,Sneha,0,0.0,Safe (Not Churn)
Unknown,Sneha,1,0.97,Risk (Churn)
3221,Rahul,0,0.01,Safe (Not Churn)
Unknown,Unknown,1,0.9,Risk (Churn)
3223,Neha,0,0.02,Safe (Not Churn)
C3224,Unknown,1,0.74,Risk (Churn)
Unknown,Rahul,0,0.01,Safe (Not Churn)
Unknown,Simran,0,0.01,Safe (Not Churn)
3227,Rahul,0,0.04,Safe (Not Churn)
Unknown,Unknown,0,0.01,Safe (Not Churn)
Unknown,Priya,0,0.0,Safe (Not Churn)
3230,Rahul,0,0.04,Safe (Not Churn)
Unknown,Amit,0,0.14,Safe (Not Churn)
Unknown,Kiran,0,0.01,Safe (Not Churn)
3233,Ravi,0,0.02,Safe (Not Churn)
Unknown,Pooja,0,0.0,Safe (Not Churn)
Unknown,Unknown,0,0.0,Safe (Not Churn)
Unknown,Unknown,0,0.0,Safe (Not Churn)
Unknown,Amit,0,0.03,Safe (Not Churn)
3238,Neha,0,0.04,Safe (Not Churn)
3239,Neha,0,0.04,Safe (Not Churn)
3240,Neha,0,0.04,Safe (Not Churn)
3241,Priya,0,0.0,Safe (Not Churn)
3242,Rahul,0,0.04,Safe (Not Churn)
C3243,Sneha,0,0.04,Safe (Not Churn)
3244,Pooja,0,0.01,Safe (Not Churn)
Unknown,Pooja,0,0.09,Safe (Not Churn)
3246,Kiran,0,0.0,Safe (Not Churn)
Unknown,Neha,0,0.05,Safe (Not Churn)
3248,Priya,0,0.02,Safe (Not Churn)
Unknown,Ravi,0,0.0,Safe (Not Churn)
3250,Simran,1,0.89,Risk (Churn)
3251,Ravi,0,0.02,Safe (Not Churn)
Unknown,Unknown,0,0.05,Safe (Not Churn)
Unknown,Ankit,0,0.0,Safe (Not Churn)
C3254,Neha,0,0.03,Safe (Not Churn)
3255,Kiran,0,0.0,Safe (Not Churn)
3256,Rahul,1,0.93,Risk (Churn)
3257,Rahul,0,0.04,Safe (Not Churn)
Unknown,Unknown,0,0.03,Safe (Not Churn)
Unknown,Simran,1,0.97,Risk (Churn)
3260,Unknown,1,0.95,Risk (Churn)
Unknown,Neha,0,0.12,Safe (Not Churn)
C3262,Unknown,1,0.99,Risk (Churn)
3263,Priya,0,0.15,Safe (Not Churn)
3264,Unknown,1,0.55,Risk (Churn)
Unknown,Neha,0,0.03,Safe (Not Churn)
3266,Kiran,1,0.99,Risk (Churn)
C3267,Priya,0,0.01,Safe (Not Churn)
C3268,Sneha,0,0.06,Safe (Not Churn)
C3269,Kiran,0,0.23,Safe (Not Churn)
3270,Ankit,0,0.1,Safe (Not Churn)
Unknown,Unknown,0,0.1,Safe (Not Churn)
C3272,Amit,1,0.54,Risk (Churn)
3273,Amit,1,0.96,Risk (Churn)
3274,Unknown,1,0.96,Risk (Churn)
C3275,Kiran,0,0.03,Safe (Not Churn)
Unknown,Sneha,0,0.01,Safe (Not Churn)
C3277,Neha,0,0.04,Safe (Not Churn)
3278,Neha,0,0.02,Safe (Not Churn)
Unknown,Neha,0,0.08,Safe (Not Churn)
3280,Pooja,0,0.03,Safe (Not Churn)
Unknown,Priya,0,0.12,Safe (Not Churn)
3282,Unknown,0,0.04,Safe (Not Churn)
Unknown,Sneha,0,0.02,Safe (Not Churn)
Unknown,Rahul,1,0.98,Risk (Churn)
C3285,Pooja,0,0.01,Safe (Not Churn)
C3286,Sneha,1,0.97,Risk (Churn)
3287,Simran,0,0.01,Safe (Not Churn)
C3288,Rahul,1,0.99,Risk (Churn)
3289,Priya,0,0.01,Safe (Not Churn)
3290,Priya,0,0.06,Safe (Not Churn)
C3291,Priya,0,0.02,Safe (Not Churn)
C3292,Priya,0,0.0,Safe (Not Churn)
3293,Pooja,1,0.97,Risk (Churn)
Unknown,Ankit,0,0.01,Safe (Not Churn)
Unknown,Neha,0,0.0,Safe (Not Churn)
3296,Neha,0,0.0,Safe (Not Churn)
3297,Unknown,0,0.02,Safe (Not Churn)
C3298,Neha,0,0.03,Safe (Not Churn)
3299,Sneha,0,0.04,Safe (Not Churn)
Unknown,Ankit,0,0.03,Safe (Not Churn)
3301,Ankit,0,0.04,Safe (Not Churn)
C3302,Rahul,1,0.98,Risk (Churn)
3303,Rahul,0,0.01,Safe (Not Churn)
3304,Unknown,0,0.08,Safe (Not Churn)
3305,Ravi,0,0.0,Safe (Not Churn)
Unknown,Neha,0,0.02,Safe (Not Churn)
Unknown,Kiran,0,0.07,Safe (Not Churn)
C3308,Kiran,1,1.0,Risk (Churn)
Unknown,Unknown,0,0.04,Safe (Not Churn)
Unknown,Kiran,1,0.93,Risk (Churn)
3311,Neha,0,0.03,Safe (Not Churn)
3312,Sneha,0,0.07,Safe (Not Churn)
C3313,Amit,0,0.0,Safe (Not Churn)
3314,Unknown,1,0.7,Risk (Churn)
Unknown,Pooja,1,0.96,Risk (Churn)
C3316,Rahul,0,0.02,Safe (Not Churn)
C3317,Rahul,0,0.01,Safe (Not Churn)
3318,Amit,0,0.28,Safe (Not Churn)
C3319,Amit,0,0.11,Safe (Not Churn)
3320,Ankit,0,0.0,Safe (Not Churn)
C3321,Sneha,0,0.03,Safe (Not Churn)
Unknown,Priya,0,0.03,Safe (Not Churn)
C3323,Neha,1,0.92,Risk (Churn)
C3324,Kiran,1,0.92,Risk (Churn)
3325,Sneha,0,0.01,Safe (Not Churn)
C3326,Pooja,0,0.04,Safe (Not Churn)
C3327,Rahul,0,0.13,Safe (Not Churn)
3328,Priya,1,0.91,Risk (Churn)
C3329,Pooja,1,0.92,Risk (Churn)
Unknown,Ankit,1,1.0,Risk (Churn)
3331,Unknown,0,0.0,Safe (Not Churn)
3332,Ankit,0,0.0,Safe (Not Churn)
C3333,Simran,0,0.01,Safe (Not Churn)
C3334,Rahul,0,0.0,Safe (Not Churn)
3335,Priya,0,0.13,Safe (Not Churn)
3336,Ankit,1,0.96,Risk (Churn)
3337,Rahul,0,0.04,Safe (Not Churn)
3338,Kiran,0,0.02,Safe (Not Churn)
3339,Ankit,0,0.02,Safe (Not Churn)
C3340,Priya,0,0.06,Safe (Not Churn)
3341,Unknown,0,0.13,Safe (Not Churn)
3342,Kiran,0,0.06,Safe (Not Churn)
Unknown,Priya,0,0.02,Safe (Not Churn)
3344,Unknown,0,0.14,Safe (Not Churn)
3345,Kiran,0,0.04,Safe (Not Churn)
C3346,Sneha,0,0.01,Safe (Not Churn)
Unknown,Priya,1,0.97,Risk (Churn)
3348,Ankit,0,0.03,Safe (Not Churn)
3349,Unknown,0,0.1,Safe (Not Churn)
Unknown,Ravi,1,0.93,Risk (Churn)
3351,Neha,0,0.11,Safe (Not Churn)
3352,Amit,0,0.01,Safe (Not Churn)
3353,Pooja,1,0.92,Risk (Churn)
C3354,Neha,0,0.0,Safe (Not Churn)
3355,Pooja,0,0.01,Safe (Not Churn)
3356,Priya,0,0.02,Safe (Not Churn)
3357,Neha,0,0.02,Safe (Not Churn)
3358,Sneha,0,0.01,Safe (Not Churn)
3359,Unknown,1,0.96,Risk (Churn)
Unknown,Rahul,0,0.0,Safe (Not Churn)
Unknown,Amit,1,0.89,Risk (Churn)
C3362,Rahul,0,0.0,Safe (Not Churn)
Unknown,Amit,0,0.03,Safe (Not Churn)
3364,Simran,0,0.03,Safe (Not Churn)
3365,Rahul,0,0.02,Safe (Not Churn)
3366,Ankit,0,0.01,Safe (Not Churn)
Unknown,Neha,0,0.01,Safe (Not Churn)
3368,Kiran,0,0.01,Safe (Not Churn)
C3369,Simran,0,0.01,Safe (Not Churn)
3370,Neha,0,0.01,Safe (Not Churn)
C3371,Rahul,0,0.02,Safe (Not Churn)
C3372,Kiran,0,0.08,Safe (Not Churn)
3373,Priya,0,0.0,Safe (Not Churn)
3374,Priya,1,0.97,Risk (Churn)
C3375,Priya,0,0.06,Safe (Not Churn)
C3376,Amit,0,0.01,Safe (Not Churn)
3377,Unknown,0,0.02,Safe (Not Churn)
3378,Unknown,0,0.03,Safe (Not Churn)
Unknown,Rahul,0,0.0,Safe (Not Churn)
3380,Rahul,0,0.05,Safe (Not Churn)
Unknown,Simran,0,0.02,Safe (Not Churn)
3382,Pooja,0,0.01,Safe (Not Churn)
Unknown,Unknown,1,0.54,Risk (Churn)
Unknown,Unknown,0,0.03,Safe (Not Churn)
C3385,Unknown,0,0.28,Safe (Not Churn)
Unknown,Ravi,0,0.01,Safe (Not Churn)
Unknown,Priya,0,0.01,Safe (Not Churn)
3388,Amit,1,0.85,Risk (Churn)
C3389,Priya,1,0.68,Risk (Churn)
3390,Amit,0,0.0,Safe (Not Churn)
C3391,Unknown,0,0.02,Safe (Not Churn)
C3392,Ankit,1,0.98,Risk (Churn)
C3393,Simran,0,0.0,Safe (Not Churn)
C3394,Rahul,0,0.01,Safe (Not Churn)
3395,Ankit,0,0.0,Safe (Not Churn)
3396,Sneha,0,0.03,Safe (Not Churn)
3397,Sneha,0,0.02,Safe (Not Churn)
3398,Ankit,0,0.01,Safe (Not Churn)
3399,Amit,0,0.02,Safe (Not Churn)
Unknown,Pooja,1,0.98,Risk (Churn)
C3401,Unknown,1,0.96,Risk (Churn)
C3402,Ankit,0,0.0,Safe (Not Churn)
3403,Amit,1,0.99,Risk (Churn)
3404,Ravi,0,0.04,Safe (Not Churn)
C3405,Neha,1,1.0,Risk (Churn)
3406,Rahul,0,0.07,Safe (Not Churn)
Unknown,Neha,0,0.01,Safe (Not Churn)
Unknown,Kiran,0,0.0,Safe (Not Churn)
3409,Ankit,0,0.01,Safe (Not Churn)
3410,Priya,0,0.48,Safe (Not Churn)
C3411,Simran,0,0.01,Safe (Not Churn)
C3412,Priya,0,0.02,Safe (Not Churn)
Unknown,Simran,0,0.0,Safe (Not Churn)
3414,Neha,0,0.05,Safe (Not Churn)
3415,Kiran,0,0.0,Safe (Not Churn)
3416,Ravi,0,0.04,Safe (Not Churn)
3417,Priya,0,0.01,Safe (Not Churn)
3418,Sneha,1,0.97,Risk (Churn)
Unknown,Unknown,1,0.92,Risk (Churn)
3420,Unknown,0,0.05,Safe (Not Churn)
C3421,Neha,0,0.01,Safe (Not Churn)
3422,Rahul,0,0.04,Safe (Not Churn)
3423,Rahul,1,0.96,Risk (Churn)
3424,Pooja,1,0.68,Risk (Churn)
3425,Unknown,0,0.02,Safe (Not Churn)
Unknown,Ravi,0,0.0,Safe (Not Churn)
3427,Simran,0,0.08,Safe (Not Churn)
C3428,Unknown,0,0.03,Safe (Not Churn)
3429,Neha,1,0.96,Risk (Churn)
Unknown,Unknown,0,0.03,Safe (Not Churn)
3431,Ankit,1,0.91,Risk (Churn)
3432,Ankit,0,0.02,Safe (Not Churn)
C3433,Ravi,0,0.0,Safe (Not Churn)
3434,Amit,0,0.0,Safe (Not Churn)
3435,Neha,0,0.0,Safe (Not Churn)
3436,Sneha,0,0.07,Safe (Not Churn)
C3437,Unknown,0,0.08,Safe (Not Churn)
3438,Unknown,0,0.16,Safe (Not Churn)
Unknown,Neha,0,0.0,Safe (Not Churn)
3440,Amit,0,0.09,Safe (Not Churn)
Unknown,Ravi,0,0.02,Safe (Not Churn)
3442,Simran,0,0.02,Safe (Not Churn)
C3443,Ravi,0,0.0,Safe (Not Churn)
Unknown,Ravi,0,0.04,Safe (Not Churn)
3445,Kiran,0,0.07,Safe (Not Churn)
C3446,Unknown,0,0.0,Safe (Not Churn)
3447,Neha,0,0.0,Safe (Not Churn)
3448,Simran,0,0.14,Safe (Not Churn)
C3449,Kiran,1,0.96,Risk (Churn)
Unknown,Amit,0,0.06,Safe (Not Churn)
C3451,Unknown,0,0.02,Safe (Not Churn)
3452,Sneha,0,0.02,Safe (Not Churn)
C3453,Ravi,0,0.0,Safe (Not Churn)
C3454,Kiran,0,0.01,Safe (Not Churn)
C3455,Unknown,0,0.03,Safe (Not Churn)
3456,Priya,0,0.06,Safe (Not Churn)
3457,Rahul,0,0.02,Safe (Not Churn)
Unknown,Sneha,0,0.02,Safe (Not Churn)
C3459,Priya,0,0.09,Safe (Not Churn)
3460,Unknown,0,0.07,Safe (Not Churn)
C3461,Amit,0,0.06,Safe (Not Churn)
Unknown,Kiran,0,0.04,Safe (Not Churn)
3463,Unknown,1,0.97,Risk (Churn)
3464,Unknown,0,0.02,Safe (Not Churn)
3465,Unknown,0,0.11,Safe (Not Churn)
C3466,Unknown,0,0.05,Safe (Not Churn)
3467,Ankit,0,0.01,Safe (Not Churn)
C3468,Ravi,0,0.02,Safe (Not Churn)
C3469,Sneha,1,0.98,Risk (Churn)
Unknown,Priya,0,0.09,Safe (Not Churn)
3471,Ravi,0,0.35,Safe (Not Churn)
C3472,Simran,1,0.92,Risk (Churn)
3473,Unknown,0,0.04,Safe (Not Churn)
C3474,Rahul,0,0.0,Safe (Not Churn)
C3475,Rahul,0,0.02,Safe (Not Churn)
Unknown,Unknown,1,0.95,Risk (Churn)
C3477,Pooja,1,0.94,Risk (Churn)
Unknown,Priya,0,0.03,Safe (Not Churn)
Unknown,Sneha,0,0.05,Safe (Not Churn)
3480,Amit,1,0.95,Risk (Churn)
C3481,Rahul,0,0.05,Safe (Not Churn)
C3482,Rahul,0,0.03,Safe (Not Churn)
Unknown,Simran,0,0.01,Safe (Not Churn)
Unknown,Simran,0,0.0,Safe (Not Churn)
3485,Simran,0,0.09,Safe (Not Churn)
3486,Simran,0,0.02,Safe (Not Churn)
3487,Kiran,0,0.08,Safe (Not Churn)
3488,Unknown,1,0.92,Risk (Churn)
3489,Rahul,0,0.43,Safe (Not Churn)
C3490,Ankit,0,0.0,Safe (Not Churn)
Unknown,Kiran,0,0.01,Safe (Not Churn)
C3492,Ankit,1,0.96,Risk (Churn)
3493,Simran,1,0.97,Risk (Churn)
C3494,Ravi,1,0.97,Risk (Churn)
C3495,Simran,0,0.0,Safe (Not Churn)
Unknown,Amit,0,0.03,Safe (Not Churn)
C3497,Unknown,0,0.05,Safe (Not Churn)
3498,Ankit,0,0.28,Safe (Not Churn)
3499,Priya,0,0.15,Safe (Not Churn)
3500,Simran,0,0.07,Safe (Not Churn)
3501,Neha,0,0.01,Safe (Not Churn)
3502,Kiran,1,0.97,Risk (Churn)
3503,Sneha,0,0.22,Safe (Not Churn)
3504,Unknown,0,0.43,Safe (Not Churn)
Unknown,Ravi,0,0.05,Safe (Not Churn)
C3506,Simran,0,0.04,Safe (Not Churn)
3507,Pooja,0,0.01,Safe (Not Churn)
C3508,Simran,0,0.01,Safe (Not Churn)
Unknown,Unknown,0,0.08,Safe (Not Churn)
C3510,Amit,0,0.02,Safe (Not Churn)
3511,Neha,0,0.08,Safe (Not Churn)
3512,Kiran,1,0.98,Risk (Churn)
3513,Priya,0,0.02,Safe (Not Churn)
3514,Neha,0,0.02,Safe (Not Churn)
3515,Ravi,1,0.99,Risk (Churn)
C3516,Unknown,0,0.14,Safe (Not Churn)
Unknown,Amit,0,0.13,Safe (Not Churn)
3518,Kiran,0,0.08,Safe (Not Churn)
Unknown,Unknown,0,0.5,Safe (Not Churn)
Unknown,Ravi,0,0.01,Safe (Not Churn)
C3521,Kiran,0,0.03,Safe (Not Churn)
3522,Rahul,1,0.94,Risk (Churn)
3523,Unknown,0,0.01,Safe (Not Churn)
3524,Neha,0,0.0,Safe (Not Churn)
Unknown,Priya,0,0.0,Safe (Not Churn)
Unknown,Neha,1,0.93,Risk (Churn)
3527,Sneha,0,0.02,Safe (Not Churn)
3528,Simran,0,0.03,Safe (Not Churn)
Unknown,Unknown,0,0.01,Safe (Not Churn)
3530,Priya,0,0.04,Safe (Not Churn)
Unknown,Unknown,0,0.08,Safe (Not Churn)
3532,Neha,0,0.02,Safe (Not Churn)
Unknown,Sneha,0,0.0,Safe (Not Churn)
C3534,Kiran,0,0.03,Safe (Not Churn)
3535,Amit,0,0.04,Safe (Not Churn)
Unknown,Ankit,0,0.03,Safe (Not Churn)
Unknown,Unknown,0,0.09,Safe (Not Churn)
3538,Sneha,0,0.0,Safe (Not Churn)
3539,Rahul,0,0.01,Safe (Not Churn)
3540,Priya,1,0.84,Risk (Churn)
3541,Unknown,0,0.04,Safe (Not Churn)
3542,Sneha,0,0.05,Safe (Not Churn)
3543,Sneha,0,0.01,Safe (Not Churn)
C3544,Ankit,0,0.0,Safe (Not Churn)
C3545,Simran,0,0.02,Safe (Not Churn)
Unknown,Unknown,0,0.0,Safe (Not Churn)
3547,Pooja,1,0.74,Risk (Churn)
C3548,Rahul,0,0.01,Safe (Not Churn)
3549,Simran,0,0.01,Safe (Not Churn)
3550,Simran,0,0.14,Safe (Not Churn)
3551,Simran,0,0.01,Safe (Not Churn)
3552,Amit,0,0.01,Safe (Not Churn)
3553,Sneha,0,0.08,Safe (Not Churn)
3554,Simran,1,0.77,Risk (Churn)
C3555,Priya,0,0.08,Safe (Not Churn)
Unknown,Ravi,0,0.03,Safe (Not Churn)
3557,Ravi,1,0.96,Risk (Churn)
3558,Rahul,0,0.05,Safe (Not Churn)
C3559,Priya,0,0.02,Safe (Not Churn)
C3560,Rahul,0,0.01,Safe (Not Churn)
C3561,Priya,0,0.03,Safe (Not Churn)
3562,Rahul,0,0.05,Safe (Not Churn)
Unknown,Rahul,0,0.02,Safe (Not Churn)
3564,Rahul,0,0.05,Safe (Not Churn)
Unknown,Rahul,0,0.09,Safe (Not Churn)
3566,Priya,0,0.01,Safe (Not Churn)
Unknown,Sneha,0,0.01,Safe (Not Churn)
C3568,Sneha,0,0.03,Safe (Not Churn)
3569,Unknown,0,0.18,Safe (Not Churn)
Unknown,Ravi,0,0.01,Safe (Not Churn)
3571,Pooja,0,0.0,Safe (Not Churn)
3572,Unknown,0,0.03,Safe (Not Churn)
Unknown,Ravi,0,0.01,Safe (Not Churn)
C3574,Simran,0,0.01,Safe (Not Churn)
Unknown,Pooja,0,0.01,Safe (Not Churn)
3576,Kiran,0,0.09,Safe (Not Churn)
3577,Ankit,0,0.01,Safe (Not Churn)
C3578,Ankit,0,0.03,Safe (Not Churn)
C3579,Ankit,0,0.03,Safe (Not Churn)
C3580,Ankit,1,0.84,Risk (Churn)
3581,Unknown,0,0.01,Safe (Not Churn)
C3582,Priya,0,0.0,Safe (Not Churn)
C3583,Rahul,0,0.0,Safe (Not Churn)
3584,Sneha,0,0.01,Safe (Not Churn)
3585,Amit,0,0.03,Safe (Not Churn)
Unknown,Rahul,1,0.97,Risk (Churn)
3587,Amit,1,0.99,Risk (Churn)
3588,Neha,0,0.02,Safe (Not Churn)
Unknown,Ravi,0,0.01,Safe (Not Churn)
Unknown,Amit,0,0.04,Safe (Not Churn)
3591,Kiran,0,0.0,Safe (Not Churn)
3592,Pooja,0,0.03,Safe (Not Churn)
3593,Priya,0,0.11,Safe (Not Churn)
3594,Rahul,1,0.9,Risk (Churn)
3595,Unknown,0,0.02,Safe (Not Churn)
3596,Amit,0,0.02,Safe (Not Churn)
C3597,Ankit,0,0.02,Safe (Not Churn)
Unknown,Simran,0,0.02,Safe (Not Churn)
Unknown,Sneha,0,0.05,Safe (Not Churn)
Unknown,Ankit,0,0.03,Safe (Not Churn)
Unknown,Pooja,1,0.99,Risk (Churn)
C3602,Sneha,1,0.99,Risk (Churn)
3603,Ravi,0,0.0,Safe (Not Churn)
Unknown,Ankit,0,0.03,Safe (Not Churn)
3605,Neha,1,0.85,Risk (Churn)
C3606,Amit,0,0.01,Safe (Not Churn)
3607,Unknown,0,0.02,Safe (Not Churn)
Unknown,Simran,0,0.02,Safe (Not Churn)
3609,Neha,0,0.02,Safe (Not Churn)
Unknown,Amit,1,0.98,Risk (Churn)
3611,Amit,0,0.03,Safe (Not Churn)
3612,Pooja,1,1.0,Risk (Churn)
3613,Unknown,0,0.01,Safe (Not Churn)
3614,Kiran,0,0.02,Safe (Not Churn)
3615,Simran,0,0.06,Safe (Not Churn)
Unknown,Amit,0,0.04,Safe (Not Churn)
3617,Unknown,0,0.02,Safe (Not Churn)
C3618,Rahul,0,0.0,Safe (Not Churn)
C3619,Amit,0,0.08,Safe (Not Churn)
3620,Amit,0,0.11,Safe (Not Churn)
C3621,Ankit,0,0.02,Safe (Not Churn)
C3622,Unknown,0,0.04,Safe (Not Churn)
C3623,Simran,0,0.08,Safe (Not Churn)
3624,Simran,0,0.0,Safe (Not Churn)
3625,Unknown,0,0.02,Safe (Not Churn)
C3626,Kiran,0,0.06,Safe (Not Churn)
3627,Rahul,0,0.04,Safe (Not Churn)
3628,Unknown,0,0.02,Safe (Not Churn)
C3629,Neha,0,0.02,Safe (Not Churn)
3630,Amit,1,0.92,Risk (Churn)
Unknown,Ankit,1,0.79,Risk (Churn)
C3632,Kiran,0,0.04,Safe (Not Churn)
3633,Kiran,0,0.0,Safe (Not Churn)
3634,Amit,0,0.06,Safe (Not Churn)
C3635,Amit,0,0.01,Safe (Not Churn)
C3636,Rahul,0,0.01,Safe (Not Churn)
C3637,Ravi,0,0.0,Safe (Not Churn)
C3638,Simran,0,0.32,Safe (Not Churn)
Unknown,Kiran,0,0.0,Safe (Not Churn)
3640,Neha,0,0.0,Safe (Not Churn)
3641,Ravi,1,0.99,Risk (Churn)
3642,Unknown,0,0.13,Safe (Not Churn)
Unknown,Unknown,0,0.0,Safe (Not Churn)
C3644,Neha,0,0.02,Safe (Not Churn)
C3645,Neha,0,0.04,Safe (Not Churn)
C3646,Priya,0,0.04,Safe (Not Churn)
Unknown,Kiran,0,0.01,Safe (Not Churn)
C3648,Simran,0,0.05,Safe (Not Churn)
3649,Neha,0,0.05,Safe (Not Churn)
C3650,Neha,0,0.01,Safe (Not Churn)
C3651,Kiran,0,0.04,Safe (Not Churn)
3652,Ankit,0,0.03,Safe (Not Churn)
Unknown,Ravi,0,0.0,Safe (Not Churn)
3654,Amit,0,0.01,Safe (Not Churn)
C3655,Ravi,0,0.21,Safe (Not Churn)
3656,Ravi,1,0.91,Risk (Churn)
3657,Sneha,0,0.02,Safe (Not Churn)
3658,Kiran,1,0.98,Risk (Churn)
3659,Unknown,0,0.02,Safe (Not Churn)
3660,Ankit,1,0.96,Risk (Churn)
3661,Neha,0,0.11,Safe (Not Churn)
C3662,Amit,1,0.94,Risk (Churn)
C3663,Unknown,0,0.04,Safe (Not Churn)
3664,Unknown,1,0.68,Risk (Churn)
C3665,Ankit,0,0.03,Safe (Not Churn)
Unknown,Pooja,0,0.0,Safe (Not Churn)
3667,Pooja,0,0.0,Safe (Not Churn)
3668,Sneha,0,0.02,Safe (Not Churn)
3669,Kiran,1,0.92,Risk (Churn)
3670,Simran,0,0.05,Safe (Not Churn)
3671,Sneha,0,0.08,Safe (Not Churn)
3672,Rahul,0,0.49,Safe (Not Churn)
Unknown,Rahul,1,0.97,Risk (Churn)
Unknown,Priya,1,0.97,Risk (Churn)
3675,Kiran,0,0.0,Safe (Not Churn)
Unknown,Simran,0,0.02,Safe (Not Churn)
3677,Amit,0,0.02,Safe (Not Churn)
3678,Unknown,0,0.04,Safe (Not Churn)
3679,Simran,0,0.0,Safe (Not Churn)
3680,Amit,0,0.09,Safe (Not Churn)
C3681,Pooja,0,0.02,Safe (Not Churn)
3682,Amit,0,0.02,Safe (Not Churn)
3683,Priya,0,0.0,Safe (Not Churn)
3684,Amit,0,0.03,Safe (Not Churn)
3685,Kiran,0,0.01,Safe (Not Churn)
Unknown,Amit,0,0.07,Safe (Not Churn)
Unknown,Ravi,0,0.0,Safe (Not Churn)
C3688,Priya,0,0.01,Safe (Not Churn)
C3689,Priya,0,0.03,Safe (Not Churn)
3690,Unknown,0,0.42,Safe (Not Churn)
3691,Amit,0,0.22,Safe (Not Churn)
C3692,Rahul,0,0.01,Safe (Not Churn)
3693,Amit,1,0.86,Risk (Churn)
C3694,Neha,1,1.0,Risk (Churn)
3695,Neha,0,0.02,Safe (Not Churn)
3696,Neha,0,0.02,Safe (Not Churn)
3697,Unknown,0,0.19,Safe (Not Churn)
C3698,Rahul,1,0.98,Risk (Churn)
Unknown,Pooja,0,0.03,Safe (Not Churn)
3700,Simran,0,0.05,Safe (Not Churn)
C3701,Unknown,0,0.06,Safe (Not Churn)
Unknown,Unknown,0,0.0,Safe (Not Churn)
C3703,Ankit,0,0.04,Safe (Not Churn)
3704,Ravi,1,0.94,Risk (Churn)
3705,Pooja,0,0.02,Safe (Not Churn)
3706,Amit,1,0.96,Risk (Churn)
Unknown,Unknown,0,0.04,Safe (Not Churn)
3708,Simran,0,0.0,Safe (Not Churn)
3709,Sneha,0,0.07,Safe (Not Churn)
Unknown,Unknown,0,0.13,Safe (Not Churn)
C3711,Ravi,1,0.62,Risk (Churn)
3712,Neha,0,0.04,Safe (Not Churn)
Unknown,Neha,0,0.01,Safe (Not Churn)
3714,Pooja,0,0.05,Safe (Not Churn)
3715,Amit,0,0.02,Safe (Not Churn)
Unknown,Rahul,0,0.01,Safe (Not Churn)
Unknown,Sneha,1,0.99,Risk (Churn)
C3718,Unknown,1,0.97,Risk (Churn)
3719,Sneha,1,0.96,Risk (Churn)
Unknown,Ankit,1,0.98,Risk (Churn)
Unknown,Ravi,0,0.06,Safe (Not Churn)
3722,Kiran,1,1.0,Risk (Churn)
C3723,Ankit,0,0.01,Safe (Not Churn)
3724,Sneha,1,0.98,Risk (Churn)
C3725,Unknown,0,0.01,Safe (Not Churn)
C3726,Amit,0,0.03,Safe (Not Churn)
3727,Sneha,1,1.0,Risk (Churn)
3728,Sneha,0,0.02,Safe (Not Churn)
3729,Priya,0,0.06,Safe (Not Churn)
C3730,Neha,0,0.02,Safe (Not Churn)
C3731,Amit,1,0.98,Risk (Churn)
3732,Kiran,1,0.93,Risk (Churn)
3733,Ravi,1,0.98,Risk (Churn)
C3734,Kiran,0,0.01,Safe (Not Churn)
3735,Rahul,0,0.02,Safe (Not Churn)
3736,Neha,0,0.0,Safe (Not Churn)
C3737,Ravi,0,0.03,Safe (Not Churn)
C3738,Neha,0,0.05,Safe (Not Churn)
3739,Neha,0,0.03,Safe (Not Churn)
3740,Ankit,0,0.03,Safe (Not Churn)
3741,Rahul,0,0.02,Safe (Not Churn)
3742,Rahul,1,0.99,Risk (Churn)
3743,Ankit,1,0.93,Risk (Churn)
3744,Rahul,0,0.05,Safe (Not Churn)
3745,Unknown,0,0.09,Safe (Not Churn)
Unknown,Ravi,1,1.0,Risk (Churn)
3747,Ravi,0,0.13,Safe (Not Churn)
C3748,Unknown,0,0.03,Safe (Not Churn)
C3749,Rahul,0,0.02,Safe (Not Churn)
3750,Kiran,0,0.0,Safe (Not Churn)
C3751,Simran,0,0.04,Safe (Not Churn)
Unknown,Priya,0,0.0,Safe (Not Churn)
3753,Unknown,0,0.04,Safe (Not Churn)
C3754,Simran,0,0.0,Safe (Not Churn)
3755,Ankit,0,0.03,Safe (Not Churn)
3756,Unknown,0,0.01,Safe (Not Churn)
Unknown,Simran,0,0.04,Safe (Not Churn)
3758,Kiran,0,0.02,Safe (Not Churn)
3759,Neha,0,0.03,Safe (Not Churn)
C3760,Rahul,0,0.0,Safe (Not Churn)
3761,Unknown,0,0.01,Safe (Not Churn)
C3762,Priya,0,0.0,Safe (Not Churn)
Unknown,Neha,0,0.01,Safe (Not Churn)
C3764,Priya,0,0.02,Safe (Not Churn)
3765,Amit,0,0.0,Safe (Not Churn)
3766,Unknown,0,0.02,Safe (Not Churn)
Unknown,Sneha,0,0.02,Safe (Not Churn)
C3768,Pooja,0,0.02,Safe (Not Churn)
3769,Rahul,0,0.02,Safe (Not Churn)
3770,Sneha,1,0.95,Risk (Churn)
Unknown,Sneha,1,0.99,Risk (Churn)
Unknown,Ankit,0,0.01,Safe (Not Churn)
3773,Priya,1,0.93,Risk (Churn)
Unknown,Unknown,0,0.08,Safe (Not Churn)
3775,Unknown,0,0.02,Safe (Not Churn)
Unknown,Pooja,0,0.03,Safe (Not Churn)
3777,Sneha,0,0.04,Safe (Not Churn)
C3778,Simran,0,0.02,Safe (Not Churn)
3779,Kiran,1,0.95,Risk (Churn)
C3780,Priya,0,0.0,Safe (Not Churn)
3781,Ankit,0,0.02,Safe (Not Churn)
3782,Amit,0,0.0,Safe (Not Churn)
3783,Rahul,1,0.65,Risk (Churn)
C3784,Pooja,1,0.99,Risk (Churn)
3785,Simran,0,0.0,Safe (Not Churn)
3786,Unknown,1,0.97,Risk (Churn)
3787,Ravi,0,0.08,Safe (Not Churn)
Unknown,Amit,0,0.02,Safe (Not Churn)
C3789,Kiran,0,0.03,Safe (Not Churn)
3790,Unknown,1,0.98,Risk (Churn)
3791,Priya,0,0.09,Safe (Not Churn)
Unknown,Amit,0,0.03,Safe (Not Churn)
Unknown,Rahul,0,0.01,Safe (Not Churn)
C3794,Simran,0,0.04,Safe (Not Churn)
3795,Amit,1,0.53,Risk (Churn)
Unknown,Amit,0,0.0,Safe (Not Churn)
3797,Rahul,0,0.05,Safe (Not Churn)
C3798,Simran,0,0.02,Safe (Not Churn)
Unknown,Unknown,0,0.02,Safe (Not Churn)
3800,Unknown,1,0.97,Risk (Churn)
3801,Kiran,1,0.99,Risk (Churn)
C3802,Sneha,0,0.02,Safe (Not Churn)
3803,Amit,0,0.08,Safe (Not Churn)
3804,Unknown,0,0.03,Safe (Not Churn)
C3805,Pooja,0,0.01,Safe (Not Churn)
3806,Neha,0,0.02,Safe (Not Churn)
C3807,Kiran,0,0.01,Safe (Not Churn)
Unknown,Kiran,0,0.0,Safe (Not Churn)
3809,Ankit,1,0.76,Risk (Churn)
3810,Simran,0,0.06,Safe (Not Churn)
3811,Neha,1,0.97,Risk (Churn)
Unknown,Kiran,0,0.03,Safe (Not Churn)
3813,Amit,0,0.01,Safe (Not Churn)
3814,Ravi,0,0.05,Safe (Not Churn)
C3815,Simran,1,0.98,Risk (Churn)
Unknown,Sneha,0,0.0,Safe (Not Churn)
3817,Kiran,0,0.0,Safe (Not Churn)
Unknown,Ravi,0,0.0,Safe (Not Churn)
C3819,Rahul,0,0.06,Safe (Not Churn)
C3820,Kiran,0,0.02,Safe (Not Churn)
C3821,Rahul,1,1.0,Risk (Churn)
3822,Sneha,1,0.91,Risk (Churn)
C3823,Rahul,0,0.03,Safe (Not Churn)
3824,Sneha,0,0.02,Safe (Not Churn)
3825,Sneha,0,0.04,Safe (Not Churn)
3826,Pooja,0,0.0,Safe (Not Churn)
3827,Kiran,1,0.94,Risk (Churn)
3828,Priya,0,0.04,Safe (Not Churn)
3829,Sneha,1,1.0,Risk (Churn)
3830,Sneha,0,0.01,Safe (Not Churn)
C3831,Unknown,0,0.02,Safe (Not Churn)
Unknown,Priya,0,0.04,Safe (Not Churn)
C3833,Priya,0,0.03,Safe (Not Churn)
3834,Pooja,0,0.02,Safe (Not Churn)
Unknown,Neha,0,0.01,Safe (Not Churn)
C3836,Amit,0,0.08,Safe (Not Churn)
C3837,Ankit,0,0.04,Safe (Not Churn)
Unknown,Neha,0,0.0,Safe (Not Churn)
Unknown,Sneha,0,0.06,Safe (Not Churn)
C3840,Priya,0,0.06,Safe (Not Churn)
3841,Kiran,0,0.03,Safe (Not Churn)
C3842,Kiran,1,0.58,Risk (Churn)
C3843,Pooja,1,0.96,Risk (Churn)
Unknown,Kiran,0,0.01,Safe (Not Churn)
Unknown,Kiran,0,0.0,Safe (Not Churn)
Unknown,Rahul,0,0.04,Safe (Not Churn)
C3847,Rahul,0,0.04,Safe (Not Churn)
C3848,Sneha,0,0.06,Safe (Not Churn)
3849,Pooja,0,0.0,Safe (Not Churn)
C3850,Kiran,0,0.06,Safe (Not Churn)
3851,Simran,0,0.01,Safe (Not Churn)
3852,Kiran,0,0.07,Safe (Not Churn)
C3853,Ankit,0,0.02,Safe (Not Churn)
Unknown,Rahul,0,0.01,Safe (Not Churn)
3855,Pooja,0,0.07,Safe (Not Churn)
3856,Rahul,0,0.03,Safe (Not Churn)
Unknown,Kiran,0,0.04,Safe (Not Churn)
3858,Kiran,0,0.0,Safe (Not Churn)
3859,Ravi,0,0.0,Safe (Not Churn)
C3860,Ankit,0,0.0,Safe (Not Churn)
C3861,Amit,0,0.02,Safe (Not Churn)
3862,Ravi,0,0.08,Safe (Not Churn)
Unknown,Priya,0,0.03,Safe (Not Churn)
C3864,Unknown,0,0.03,Safe (Not Churn)
C3865,Neha,0,0.01,Safe (Not Churn)
3866,Kiran,0,0.03,Safe (Not Churn)
Unknown,Unknown,0,0.04,Safe (Not Churn)
C3868,Rahul,0,0.02,Safe (Not Churn)
3869,Ravi,0,0.03,Safe (Not Churn)
Unknown,Ankit,0,0.01,Safe (Not Churn)
3871,Kiran,1,0.97,Risk (Churn)
Unknown,Neha,0,0.0,Safe (Not Churn)
3873,Sneha,0,0.02,Safe (Not Churn)
Unknown,Sneha,0,0.06,Safe (Not Churn)
C3875,Kiran,1,0.93,Risk (Churn)
Unknown,Unknown,0,0.01,Safe (Not Churn)
Unknown,Simran,1,0.96,Risk (Churn)
Unknown,Ravi,0,0.01,Safe (Not Churn)
Unknown,Priya,1,0.93,Risk (Churn)
3880,Sneha,0,0.09,Safe (Not Churn)
Unknown,Rahul,0,0.02,Safe (Not Churn)
Unknown,Amit,0,0.05,Safe (Not Churn)
3883,Unknown,0,0.06,Safe (Not Churn)
3884,Amit,0,0.07,Safe (Not Churn)
3885,Simran,1,0.99,Risk (Churn)
Unknown,Simran,0,0.02,Safe (Not Churn)
Unknown,Pooja,0,0.06,Safe (Not Churn)
3888,Ravi,0,0.01,Safe (Not Churn)
3889,Unknown,0,0.06,Safe (Not Churn)
C3890,Ravi,0,0.01,Safe (Not Churn)
C3891,Simran,0,0.01,Safe (Not Churn)
3892,Simran,0,0.02,Safe (Not Churn)
3893,Simran,0,0.0,Safe (Not Churn)
Unknown,Unknown,0,0.09,Safe (Not Churn)
Unknown,Amit,0,0.02,Safe (Not Churn)
3896,Pooja,1,0.94,Risk (Churn)
3897,Simran,0,0.03,Safe (Not Churn)
3898,Pooja,0,0.08,Safe (Not Churn)
C3899,Rahul,1,0.93,Risk (Churn)
3900,Sneha,0,0.09,Safe (Not Churn)
3901,Kiran,0,0.07,Safe (Not Churn)
C3902,Unknown,0,0.04,Safe (Not Churn)
3903,Simran,0,0.07,Safe (Not Churn)
3904,Amit,0,0.03,Safe (Not Churn)
3905,Priya,0,0.01,Safe (Not Churn)
C3906,Rahul,0,0.03,Safe (Not Churn)
Unknown,Neha,1,0.82,Risk (Churn)
C3908,Priya,0,0.03,Safe (Not Churn)
3909,Unknown,0,0.04,Safe (Not Churn)
Unknown,Ravi,0,0.04,Safe (Not Churn)
3911,Unknown,1,0.55,Risk (Churn)
Unknown,Sneha,0,0.02,Safe (Not Churn)
Unknown,Simran,0,0.27,Safe (Not Churn)
C3914,Unknown,0,0.04,Safe (Not Churn)
3915,Amit,0,0.04,Safe (Not Churn)
Unknown,Simran,0,0.0,Safe (Not Churn)
3917,Ankit,0,0.01,Safe (Not Churn)
3918,Priya,0,0.06,Safe (Not Churn)
3919,Unknown,0,0.05,Safe (Not Churn)
C3920,Rahul,0,0.1,Safe (Not Churn)
C3921,Ankit,0,0.0,Safe (Not Churn)
3922,Pooja,0,0.04,Safe (Not Churn)
Unknown,Pooja,0,0.13,Safe (Not Churn)
3924,Sneha,1,0.99,Risk (Churn)
Unknown,Unknown,0,0.09,Safe (Not Churn)
C3926,Ravi,1,0.94,Risk (Churn)
3927,Simran,0,0.02,Safe (Not Churn)
Unknown,Priya,0,0.0,Safe (Not Churn)
C3929,Unknown,0,0.0,Safe (Not Churn)
C3930,Kiran,1,0.98,Risk (Churn)
3931,Pooja,1,0.95,Risk (Churn)
3932,Pooja,0,0.0,Safe (Not Churn)
Unknown,Sneha,0,0.05,Safe (Not Churn)
C3934,Ravi,0,0.11,Safe (Not Churn)
3935,Unknown,0,0.04,Safe (Not Churn)
Unknown,Kiran,0,0.07,Safe (Not Churn)
Unknown,Sneha,0,0.0,Safe (Not Churn)
3938,Unknown,0,0.0,Safe (Not Churn)
Unknown,Priya,0,0.04,Safe (Not Churn)
C3940,Priya,0,0.04,Safe (Not Churn)
C3941,Sneha,0,0.04,Safe (Not Churn)
3942,Ravi,0,0.03,Safe (Not Churn)
3943,Rahul,0,0.08,Safe (Not Churn)
C3944,Unknown,0,0.02,Safe (Not Churn)
3945,Unknown,0,0.08,Safe (Not Churn)
3946,Unknown,0,0.2,Safe (Not Churn)
C3947,Ravi,0,0.03,Safe (Not Churn)
C3948,Amit,0,0.04,Safe (Not Churn)
C3949,Amit,0,0.0,Safe (Not Churn)
3950,Ankit,0,0.03,Safe (Not Churn)
3951,Simran,0,0.23,Safe (Not Churn)
3952,Amit,0,0.07,Safe (Not Churn)
3953,Unknown,1,0.99,Risk (Churn)
C3954,Pooja,0,0.01,Safe (Not Churn)
3955,Rahul,0,0.02,Safe (Not Churn)
3956,Unknown,1,0.91,Risk (Churn)
Unknown,Simran,0,0.02,Safe (Not Churn)
Unknown,Neha,0,0.02,Safe (Not Churn)
Unknown,Simran,0,0.0,Safe (Not Churn)
3960,Ravi,1,0.55,Risk (Churn)
3961,Neha,0,0.03,Safe (Not Churn)
3962,Unknown,0,0.01,Safe (Not Churn)
Unknown,Sneha,0,0.31,Safe (Not Churn)
3964,Sneha,1,0.93,Risk (Churn)
C3965,Unknown,0,0.18,Safe (Not Churn)
3966,Amit,0,0.03,Safe (Not Churn)
Unknown,Amit,0,0.06,Safe (Not Churn)
3968,Ankit,0,0.18,Safe (Not Churn)
3969,Amit,0,0.02,Safe (Not Churn)
3970,Unknown,0,0.0,Safe (Not Churn)
Unknown,Priya,0,0.02,Safe (Not Churn)
3972,Amit,0,0.04,Safe (Not Churn)
3973,Pooja,0,0.03,Safe (Not Churn)
3974,Amit,0,0.02,Safe (Not Churn)
3975,Pooja,0,0.02,Safe (Not Churn)
3976,Simran,0,0.03,Safe (Not Churn)
Unknown,Pooja,0,0.03,Safe (Not Churn)
C3978,Unknown,0,0.02,Safe (Not Churn)
3979,Amit,0,0.03,Safe (Not Churn)
Unknown,Unknown,1,0.98,Risk (Churn)
C3981,Ravi,0,0.01,Safe (Not Churn)
3982,Priya,0,0.08,Safe (Not Churn)
3983,Kiran,0,0.07,Safe (Not Churn)
3984,Priya,0,0.0,Safe (Not Churn)
Unknown,Sneha,0,0.01,Safe (Not Churn)
3986,Unknown,0,0.0,Safe (Not Churn)
3987,Neha,0,0.03,Safe (Not Churn)
Unknown,Kiran,0,0.04,Safe (Not Churn)
C3989,Neha,1,0.98,Risk (Churn)
3990,Kiran,1,0.98,Risk (Churn)
C3991,Neha,0,0.08,Safe (Not Churn)
3992,Ankit,0,0.03,Safe (Not Churn)
Unknown,Kiran,0,0.0,Safe (Not Churn)
3994,Amit,0,0.01,Safe (Not Churn)
Unknown,Amit,0,0.01,Safe (Not Churn)
Unknown,Rahul,0,0.03,Safe (Not Churn)
Unknown,Priya,0,0.0,Safe (Not Churn)
3998,Neha,0,0.05,Safe (Not Churn)
3999,Amit,0,0.02,Safe (Not Churn)
Unknown,Unknown,0,0.0,Safe (Not Churn)
Unknown,Unknown,0,0.02,Safe (Not Churn)
4002,Kiran,0,0.02,Safe (Not Churn)
Unknown,Ankit,1,1.0,Risk (Churn)
Unknown,Pooja,0,0.09,Safe (Not Churn)
C4005,Ankit,0,0.01,Safe (Not Churn)
4006,Amit,0,0.02,Safe (Not Churn)
4007,Simran,0,0.02,Safe (Not Churn)
C4008,Amit,0,0.04,Safe (Not Churn)
C4009,Priya,0,0.01,Safe (Not Churn)
Unknown,Ankit,0,0.02,Safe (Not Churn)
Unknown,Amit,1,0.66,Risk (Churn)
4012,Neha,0,0.02,Safe (Not Churn)
4013,Kiran,0,0.02,Safe (Not Churn)
4014,Simran,0,0.0,Safe (Not Churn)
4015,Neha,1,0.98,Risk (Churn)
Unknown,Pooja,0,0.0,Safe (Not Churn)
4017,Amit,0,0.09,Safe (Not Churn)
4018,Kiran,0,0.02,Safe (Not Churn)
Unknown,Sneha,0,0.03,Safe (Not Churn)
4020,Amit,0,0.02,Safe (Not Churn)
4021,Priya,1,0.98,Risk (Churn)
Unknown,Rahul,0,0.04,Safe (Not Churn)
4023,Sneha,0,0.04,Safe (Not Churn)
Unknown,Unknown,0,0.03,Safe (Not Churn)
4025,Ravi,0,0.01,Safe (Not Churn)
4026,Amit,0,0.01,Safe (Not Churn)
4027,Amit,0,0.07,Safe (Not Churn)
4028,Ankit,0,0.03,Safe (Not Churn)
C4029,Simran,0,0.05,Safe (Not Churn)
4030,Pooja,0,0.02,Safe (Not Churn)
Unknown,Rahul,0,0.03,Safe (Not Churn)
4032,Ankit,0,0.02,Safe (Not Churn)
4033,Kiran,1,0.81,Risk (Churn)
C4034,Rahul,0,0.0,Safe (Not Churn)
Unknown,Unknown,0,0.05,Safe (Not Churn)
C4036,Simran,0,0.03,Safe (Not Churn)
C4037,Simran,1,0.97,Risk (Churn)
4038,Rahul,0,0.05,Safe (Not Churn)
4039,Neha,0,0.05,Safe (Not Churn)
Unknown,Rahul,0,0.01,Safe (Not Churn)
4041,Kiran,1,0.96,Risk (Churn)
4042,Ankit,0,0.01,Safe (Not Churn)
4043,Unknown,0,0.01,Safe (Not Churn)
Unknown,Neha,0,0.03,Safe (Not Churn)
Unknown,Sneha,0,0.01,Safe (Not Churn)
Unknown,Pooja,1,0.96,Risk (Churn)
C4047,Unknown,0,0.03,Safe (Not Churn)
4048,Pooja,0,0.03,Safe (Not Churn)
4049,Rahul,0,0.0,Safe (Not Churn)
Unknown,Neha,0,0.03,Safe (Not Churn)
Unknown,Ankit,0,0.04,Safe (Not Churn)
Unknown,Neha,1,0.98,Risk (Churn)
4053,Amit,0,0.15,Safe (Not Churn)
4054,Rahul,0,0.01,Safe (Not Churn)
4055,Priya,0,0.01,Safe (Not Churn)
C4056,Ankit,0,0.34,Safe (Not Churn)
Unknown,Sneha,0,0.0,Safe (Not Churn)
C4058,Priya,0,0.37,Safe (Not Churn)
4059,Ankit,0,0.06,Safe (Not Churn)
Unknown,Simran,0,0.03,Safe (Not Churn)
C4061,Ravi,1,0.97,Risk (Churn)
4062,Kiran,0,0.03,Safe (Not Churn)
4063,Ankit,0,0.07,Safe (Not Churn)
Unknown,Sneha,0,0.04,Safe (Not Churn)
C4065,Ankit,1,0.98,Risk (Churn)
Unknown,Sneha,0,0.02,Safe (Not Churn)
4067,Pooja,0,0.0,Safe (Not Churn)
4068,Kiran,0,0.07,Safe (Not Churn)
4069,Ravi,0,0.03,Safe (Not Churn)
C4070,Simran,1,0.97,Risk (Churn)
C4071,Neha,0,0.03,Safe (Not Churn)
4072,Simran,0,0.1,Safe (Not Churn)
C4073,Kiran,0,0.05,Safe (Not Churn)
4074,Simran,0,0.01,Safe (Not Churn)
4075,Simran,0,0.0,Safe (Not Churn)
4076,Amit,0,0.01,Safe (Not Churn)
4077,Amit,0,0.05,Safe (Not Churn)
C4078,Unknown,0,0.01,Safe (Not Churn)
4079,Sneha,0,0.01,Safe (Not Churn)
4080,Ankit,0,0.05,Safe (Not Churn)
C4081,Sneha,0,0.05,Safe (Not Churn)
Unknown,Rahul,0,0.04,Safe (Not Churn)
C4083,Amit,0,0.03,Safe (Not Churn)
C4084,Sneha,0,0.0,Safe (Not Churn)
4085,Ravi,1,0.99,Risk (Churn)
Unknown,Kiran,0,0.01,Safe (Not Churn)
4087,Pooja,0,0.03,Safe (Not Churn)
Unknown,Unknown,0,0.07,Safe (Not Churn)
Unknown,Sneha,0,0.01,Safe (Not Churn)
C4090,Priya,1,0.61,Risk (Churn)
C4091,Unknown,1,1.0,Risk (Churn)
4092,Pooja,0,0.03,Safe (Not Churn)
4093,Ankit,0,0.02,Safe (Not Churn)
C4094,Kiran,1,0.99,Risk (Churn)
Unknown,Ankit,0,0.0,Safe (Not Churn)
Unknown,Rahul,1,0.96,Risk (Churn)
4097,Rahul,0,0.36,Safe (Not Churn)
4098,Pooja,0,0.07,Safe (Not Churn)
4099,Unknown,0,0.02,Safe (Not Churn)
4100,Neha,0,0.06,Safe (Not Churn)
Unknown,Unknown,0,0.06,Safe (Not Churn)
Unknown,Unknown,1,0.88,Risk (Churn)
C4103,Unknown,0,0.04,Safe (Not Churn)
C4104,Priya,1,0.99,Risk (Churn)
4105,Unknown,1,0.94,Risk (Churn)
4106,Sneha,0,0.03,Safe (Not Churn)
C4107,Ankit,0,0.06,Safe (Not Churn)
4108,Unknown,0,0.11,Safe (Not Churn)
4109,Kiran,0,0.01,Safe (Not Churn)
4110,Unknown,0,0.02,Safe (Not Churn)
Unknown,Sneha,0,0.02,Safe (Not Churn)
4112,Unknown,0,0.05,Safe (Not Churn)
Unknown,Simran,0,0.0,Safe (Not Churn)
4114,Neha,0,0.01,Safe (Not Churn)
C4115,Sneha,0,0.02,Safe (Not Churn)
Unknown,Priya,1,0.99,Risk (Churn)
4117,Ravi,1,0.99,Risk (Churn)
4118,Ankit,0,0.03,Safe (Not Churn)
C4119,Kiran,0,0.04,Safe (Not Churn)
C4120,Ankit,0,0.11,Safe (Not Churn)
4121,Simran,0,0.01,Safe (Not Churn)
4122,Rahul,0,0.08,Safe (Not Churn)
C4123,Unknown,0,0.03,Safe (Not Churn)
4124,Pooja,0,0.03,Safe (Not Churn)
Unknown,Rahul,0,0.01,Safe (Not Churn)
4126,Priya,0,0.03,Safe (Not Churn)
C4127,Pooja,0,0.04,Safe (Not Churn)
C4128,Rahul,0,0.08,Safe (Not Churn)
4129,Rahul,0,0.02,Safe (Not Churn)
4130,Neha,0,0.43,Safe (Not Churn)
Unknown,Rahul,0,0.12,Safe (Not Churn)
C4132,Simran,0,0.01,Safe (Not Churn)
Unknown,Pooja,0,0.01,Safe (Not Churn)
4134,Ankit,0,0.07,Safe (Not Churn)
Unknown,Ankit,0,0.06,Safe (Not Churn)
Unknown,Rahul,0,0.49,Safe (Not Churn)
Unknown,Pooja,0,0.0,Safe (Not Churn)
Unknown,Rahul,1,1.0,Risk (Churn)
Unknown,Priya,0,0.04,Safe (Not Churn)
4140,Unknown,1,0.98,Risk (Churn)
C4141,Kiran,0,0.04,Safe (Not Churn)
4142,Sneha,0,0.05,Safe (Not Churn)
C4143,Pooja,0,0.02,Safe (Not Churn)
C4144,Priya,0,0.08,Safe (Not Churn)
4145,Ankit,0,0.01,Safe (Not Churn)
C4146,Sneha,1,0.99,Risk (Churn)
4147,Rahul,0,0.07,Safe (Not Churn)
C4148,Unknown,0,0.05,Safe (Not Churn)
4149,Kiran,0,0.01,Safe (Not Churn)
Unknown,Amit,0,0.06,Safe (Not Churn)
C4151,Neha,0,0.04,Safe (Not Churn)
4152,Sneha,0,0.36,Safe (Not Churn)
C4153,Amit,0,0.04,Safe (Not Churn)
C4154,Priya,1,0.88,Risk (Churn)
C4155,Neha,0,0.03,Safe (Not Churn)
Unknown,Ankit,0,0.3,Safe (Not Churn)
4157,Ankit,0,0.0,Safe (Not Churn)
C4158,Pooja,0,0.06,Safe (Not Churn)
4159,Priya,0,0.01,Safe (Not Churn)
Unknown,Neha,0,0.03,Safe (Not Churn)
4161,Amit,1,0.95,Risk (Churn)
4162,Priya,1,0.89,Risk (Churn)
C4163,Priya,0,0.07,Safe (Not Churn)
4164,Sneha,0,0.03,Safe (Not Churn)
Unknown,Rahul,0,0.13,Safe (Not Churn)
4166,Ankit,0,0.02,Safe (Not Churn)
C4167,Rahul,1,0.97,Risk (Churn)
4168,Ravi,0,0.09,Safe (Not Churn)
4169,Neha,1,0.98,Risk (Churn)
4170,Rahul,1,0.96,Risk (Churn)
C4171,Ravi,1,0.99,Risk (Churn)
Unknown,Neha,0,0.05,Safe (Not Churn)
C4173,Rahul,0,0.02,Safe (Not Churn)
Unknown,Unknown,1,0.88,Risk (Churn)
Unknown,Pooja,0,0.04,Safe (Not Churn)
4176,Neha,0,0.1,Safe (Not Churn)
C4177,Simran,0,0.03,Safe (Not Churn)
C4178,Amit,0,0.01,Safe (Not Churn)
4179,Unknown,0,0.25,Safe (Not Churn)
Unknown,Sneha,0,0.01,Safe (Not Churn)
C4181,Neha,0,0.03,Safe (Not Churn)
4182,Unknown,0,0.03,Safe (Not Churn)
Unknown,Neha,0,0.0,Safe (Not Churn)
C4184,Kiran,0,0.01,Safe (Not Churn)
4185,Neha,0,0.01,Safe (Not Churn)
4186,Unknown,0,0.01,Safe (Not Churn)
C4187,Unknown,0,0.01,Safe (Not Churn)
C4188,Ravi,0,0.07,Safe (Not Churn)
4189,Rahul,1,0.98,Risk (Churn)
Unknown,Rahul,0,0.03,Safe (Not Churn)
C4191,Sneha,0,0.05,Safe (Not Churn)
4192,Sneha,0,0.01,Safe (Not Churn)
4193,Amit,0,0.02,Safe (Not Churn)
4194,Simran,0,0.05,Safe (Not Churn)
Unknown,Kiran,0,0.02,Safe (Not Churn)
C4196,Rahul,0,0.03,Safe (Not Churn)
C4197,Rahul,0,0.26,Safe (Not Churn)
4198,Unknown,0,0.13,Safe (Not Churn)
Unknown,Ankit,0,0.01,Safe (Not Churn)
Unknown,Simran,0,0.0,Safe (Not Churn)
C4201,Priya,0,0.01,Safe (Not Churn)
C4202,Ankit,0,0.11,Safe (Not Churn)
C4203,Sneha,0,0.02,Safe (Not Churn)
C4204,Unknown,0,0.02,Safe (Not Churn)
4205,Ankit,0,0.01,Safe (Not Churn)
4206,Neha,1,0.98,Risk (Churn)
4207,Ravi,0,0.0,Safe (Not Churn)
C4208,Unknown,1,0.96,Risk (Churn)
4209,Pooja,0,0.05,Safe (Not Churn)
C4210,Ravi,0,0.02,Safe (Not Churn)
Unknown,Unknown,0,0.01,Safe (Not Churn)
Unknown,Neha,0,0.01,Safe (Not Churn)
C4213,Unknown,0,0.05,Safe (Not Churn)
4214,Pooja,1,0.91,Risk (Churn)
4215,Rahul,0,0.01,Safe (Not Churn)
4216,Unknown,0,0.13,Safe (Not Churn)
Unknown,Rahul,0,0.11,Safe (Not Churn)
Unknown,Sneha,0,0.02,Safe (Not Churn)
Unknown,Rahul,1,0.99,Risk (Churn)
Unknown,Unknown,0,0.0,Safe (Not Churn)
C4221,Kiran,0,0.04,Safe (Not Churn)
4222,Amit,0,0.06,Safe (Not Churn)
4223,Simran,1,0.77,Risk (Churn)
4224,Priya,0,0.03,Safe (Not Churn)
Unknown,Kiran,0,0.03,Safe (Not Churn)
4226,Ravi,0,0.0,Safe (Not Churn)
4227,Neha,0,0.04,Safe (Not Churn)
Unknown,Ankit,0,0.08,Safe (Not Churn)
Unknown,Rahul,0,0.08,Safe (Not Churn)
Unknown,Unknown,0,0.0,Safe (Not Churn)
4231,Unknown,0,0.02,Safe (Not Churn)
C4232,Sneha,0,0.02,Safe (Not Churn)
C4233,Simran,0,0.0,Safe (Not Churn)
Unknown,Unknown,0,0.03,Safe (Not Churn)
C4235,Sneha,0,0.36,Safe (Not Churn)
C4236,Priya,0,0.09,Safe (Not Churn)
Unknown,Pooja,0,0.0,Safe (Not Churn)
4238,Unknown,1,0.93,Risk (Churn)
C4239,Pooja,0,0.01,Safe (Not Churn)
4240,Sneha,1,0.99,Risk (Churn)
C4241,Sneha,0,0.04,Safe (Not Churn)
4242,Amit,0,0.13,Safe (Not Churn)
C4243,Kiran,0,0.02,Safe (Not Churn)
4244,Kiran,0,0.01,Safe (Not Churn)
C4245,Kiran,0,0.05,Safe (Not Churn)
Unknown,Rahul,0,0.01,Safe (Not Churn)
4247,Kiran,0,0.0,Safe (Not Churn)
Unknown,Ravi,0,0.02,Safe (Not Churn)
Unknown,Unknown,0,0.01,Safe (Not Churn)
4250,Rahul,0,0.02,Safe (Not Churn)
4251,Kiran,0,0.01,Safe (Not Churn)
4252,Kiran,0,0.01,Safe (Not Churn)
4253,Unknown,0,0.23,Safe (Not Churn)
C4254,Ankit,1,1.0,Risk (Churn)
4255,Amit,0,0.03,Safe (Not Churn)
Unknown,Rahul,1,0.98,Risk (Churn)
C4257,Pooja,0,0.02,Safe (Not Churn)
C4258,Ankit,0,0.02,Safe (Not Churn)
C4259,Rahul,0,0.0,Safe (Not Churn)
C4260,Pooja,0,0.01,Safe (Not Churn)
4261,Neha,0,0.02,Safe (Not Churn)
4262,Rahul,1,0.95,Risk (Churn)
Unknown,Unknown,0,0.06,Safe (Not Churn)
4264,Simran,0,0.07,Safe (Not Churn)
C4265,Unknown,0,0.03,Safe (Not Churn)
Unknown,Ankit,0,0.0,Safe (Not Churn)
Unknown,Sneha,0,0.01,Safe (Not Churn)
4268,Simran,0,0.01,Safe (Not Churn)
C4269,Pooja,0,0.03,Safe (Not Churn)
4270,Unknown,0,0.05,Safe (Not Churn)
4271,Sneha,0,0.01,Safe (Not Churn)
4272,Amit,0,0.01,Safe (Not Churn)
4273,Priya,0,0.0,Safe (Not Churn)
Unknown,Amit,0,0.04,Safe (Not Churn)
4275,Rahul,0,0.06,Safe (Not Churn)
C4276,Simran,1,0.78,Risk (Churn)
4277,Unknown,1,1.0,Risk (Churn)
C4278,Sneha,0,0.01,Safe (Not Churn)
Unknown,Ankit,0,0.15,Safe (Not Churn)
4280,Kiran,0,0.0,Safe (Not Churn)
C4281,Sneha,0,0.01,Safe (Not Churn)
C4282,Simran,0,0.02,Safe (Not Churn)
4283,Simran,0,0.0,Safe (Not Churn)
4284,Kiran,0,0.0,Safe (Not Churn)
4285,Simran,0,0.05,Safe (Not Churn)
4286,Simran,0,0.01,Safe (Not Churn)
C4287,Kiran,1,0.91,Risk (Churn)
C4288,Rahul,0,0.01,Safe (Not Churn)
C4289,Simran,0,0.01,Safe (Not Churn)
4290,Rahul,0,0.07,Safe (Not Churn)
4291,Unknown,0,0.05,Safe (Not Churn)
4292,Unknown,1,0.95,Risk (Churn)
C4293,Unknown,0,0.0,Safe (Not Churn)
Unknown,Kiran,0,0.17,Safe (Not Churn)
4295,Priya,1,0.97,Risk (Churn)
Unknown,Simran,0,0.03,Safe (Not Churn)
C4297,Kiran,0,0.08,Safe (Not Churn)
C4298,Rahul,0,0.04,Safe (Not Churn)
4299,Amit,0,0.02,Safe (Not Churn)
C4300,Kiran,0,0.07,Safe (Not Churn)
Unknown,Sneha,0,0.01,Safe (Not Churn)
C4302,Sneha,1,1.0,Risk (Churn)
4303,Neha,0,0.02,Safe (Not Churn)
Unknown,Amit,0,0.02,Safe (Not Churn)
4305,Priya,0,0.03,Safe (Not Churn)
4306,Kiran,0,0.01,Safe (Not Churn)
Unknown,Ravi,0,0.03,Safe (Not Churn)
C4308,Priya,1,1.0,Risk (Churn)
4309,Kiran,0,0.05,Safe (Not Churn)
C4310,Rahul,0,0.0,Safe (Not Churn)
4311,Ankit,0,0.03,Safe (Not Churn)
4312,Kiran,1,0.87,Risk (Churn)
Unknown,Rahul,0,0.02,Safe (Not Churn)
Unknown,Rahul,0,0.14,Safe (Not Churn)
C4315,Pooja,0,0.03,Safe (Not Churn)
C4316,Amit,0,0.03,Safe (Not Churn)
4317,Sneha,0,0.0,Safe (Not Churn)
Unknown,Sneha,0,0.01,Safe (Not Churn)
4319,Neha,0,0.12,Safe (Not Churn)
4320,Amit,0,0.03,Safe (Not Churn)
4321,Ravi,0,0.08,Safe (Not Churn)
4322,Sneha,0,0.02,Safe (Not Churn)
4323,Pooja,1,0.98,Risk (Churn)
4324,Neha,1,0.99,Risk (Churn)
4325,Priya,0,0.01,Safe (Not Churn)
4326,Sneha,1,0.98,Risk (Churn)
4327,Ravi,0,0.47,Safe (Not Churn)
4328,Simran,1,0.99,Risk (Churn)
C4329,Rahul,0,0.03,Safe (Not Churn)
Unknown,Rahul,0,0.06,Safe (Not Churn)
C4331,Simran,1,0.97,Risk (Churn)
Unknown,Amit,0,0.03,Safe (Not Churn)
4333,Unknown,0,0.29,Safe (Not Churn)
4334,Priya,1,1.0,Risk (Churn)
C4335,Simran,0,0.02,Safe (Not Churn)
4336,Rahul,0,0.0,Safe (Not Churn)
Unknown,Kiran,1,0.95,Risk (Churn)
4338,Sneha,0,0.04,Safe (Not Churn)
4339,Simran,0,0.03,Safe (Not Churn)
4340,Ankit,0,0.0,Safe (Not Churn)
4341,Unknown,0,0.03,Safe (Not Churn)
C4342,Ankit,1,0.73,Risk (Churn)
Unknown,Rahul,0,0.01,Safe (Not Churn)
4344,Unknown,1,0.97,Risk (Churn)
4345,Unknown,0,0.03,Safe (Not Churn)
4346,Unknown,0,0.05,Safe (Not Churn)
Unknown,Unknown,0,0.07,Safe (Not Churn)
4348,Unknown,0,0.0,Safe (Not Churn)
C4349,Neha,0,0.03,Safe (Not Churn)
4350,Unknown,0,0.02,Safe (Not Churn)
4351,Ravi,0,0.0,Safe (Not Churn)
4352,Simran,1,0.79,Risk (Churn)
C4353,Priya,0,0.01,Safe (Not Churn)
4354,Sneha,0,0.0,Safe (Not Churn)
4355,Ankit,0,0.0,Safe (Not Churn)
Unknown,Sneha,1,0.97,Risk (Churn)
C4357,Unknown,0,0.0,Safe (Not Churn)
Unknown,Kiran,0,0.01,Safe (Not Churn)
Unknown,Kiran,0,0.08,Safe (Not Churn)
Unknown,Unknown,0,0.06,Safe (Not Churn)
Unknown,Pooja,1,0.97,Risk (Churn)
Unknown,Ankit,0,0.04,Safe (Not Churn)
C4363,Sneha,1,1.0,Risk (Churn)
C4364,Amit,1,0.96,Risk (Churn)
4365,Sneha,0,0.01,Safe (Not Churn)
4366,Rahul,0,0.01,Safe (Not Churn)
4367,Ravi,0,0.05,Safe (Not Churn)
C4368,Kiran,0,0.02,Safe (Not Churn)
C4369,Pooja,0,0.01,Safe (Not Churn)
Unknown,Priya,0,0.0,Safe (Not Churn)
4371,Sneha,0,0.01,Safe (Not Churn)
Unknown,Ravi,0,0.03,Safe (Not Churn)
4373,Amit,0,0.02,Safe (Not Churn)
C4374,Rahul,1,0.99,Risk (Churn)
Unknown,Priya,0,0.03,Safe (Not Churn)
4376,Amit,0,0.0,Safe (Not Churn)
Unknown,Sneha,0,0.01,Safe (Not Churn)
4378,Ravi,0,0.1,Safe (Not Churn)
4379,Amit,0,0.0,Safe (Not Churn)
4380,Sneha,1,0.95,Risk (Churn)
Unknown,Pooja,0,0.0,Safe (Not Churn)
4382,Simran,0,0.02,Safe (Not Churn)
Unknown,Priya,0,0.02,Safe (Not Churn)
4384,Neha,0,0.04,Safe (Not Churn)
C4385,Sneha,0,0.01,Safe (Not Churn)
Unknown,Neha,1,0.97,Risk (Churn)
Unknown,Unknown,0,0.04,Safe (Not Churn)
4388,Unknown,0,0.03,Safe (Not Churn)
4389,Rahul,1,0.81,Risk (Churn)
4390,Pooja,1,0.98,Risk (Churn)
4391,Neha,0,0.01,Safe (Not Churn)
C4392,Ankit,0,0.0,Safe (Not Churn)
4393,Neha,0,0.01,Safe (Not Churn)
C4394,Simran,0,0.48,Safe (Not Churn)
Unknown,Ravi,0,0.01,Safe (Not Churn)
C4396,Ravi,0,0.04,Safe (Not Churn)
4397,Kiran,1,0.98,Risk (Churn)
Unknown,Rahul,0,0.01,Safe (Not Churn)
Unknown,Unknown,0,0.0,Safe (Not Churn)
4400,Priya,0,0.03,Safe (Not Churn)
4401,Unknown,0,0.02,Safe (Not Churn)
C4402,Unknown,0,0.04,Safe (Not Churn)
4403,Rahul,0,0.08,Safe (Not Churn)
4404,Sneha,0,0.01,Safe (Not Churn)
Unknown,Amit,0,0.06,Safe (Not Churn)
4406,Amit,1,0.94,Risk (Churn)
Unknown,Priya,0,0.03,Safe (Not Churn)
C4408,Amit,0,0.02,Safe (Not Churn)
4409,Simran,0,0.05,Safe (Not Churn)
Unknown,Unknown,0,0.09,Safe (Not Churn)
C4411,Pooja,0,0.07,Safe (Not Churn)
4412,Sneha,0,0.47,Safe (Not Churn)
4413,Unknown,0,0.03,Safe (Not Churn)
4414,Simran,0,0.0,Safe (Not Churn)
C4415,Pooja,0,0.06,Safe (Not Churn)
4416,Unknown,1,0.83,Risk (Churn)
4417,Ravi,0,0.03,Safe (Not Churn)
C4418,Unknown,1,0.64,Risk (Churn)
4419,Unknown,0,0.04,Safe (Not Churn)
C4420,Ankit,0,0.0,Safe (Not Churn)
4421,Neha,0,0.02,Safe (Not Churn)
Unknown,Neha,1,0.96,Risk (Churn)
C4423,Neha,0,0.07,Safe (Not Churn)
4424,Kiran,0,0.0,Safe (Not Churn)
4425,Unknown,0,0.03,Safe (Not Churn)
C4426,Amit,0,0.08,Safe (Not Churn)
C4427,Unknown,0,0.01,Safe (Not Churn)
Unknown,Sneha,0,0.01,Safe (Not Churn)
4429,Sneha,0,0.02,Safe (Not Churn)
4430,Priya,0,0.0,Safe (Not Churn)
4431,Sneha,1,0.98,Risk (Churn)
4432,Kiran,0,0.01,Safe (Not Churn)
Unknown,Pooja,0,0.04,Safe (Not Churn)
Unknown,Unknown,0,0.08,Safe (Not Churn)
Unknown,Ankit,0,0.02,Safe (Not Churn)
4436,Pooja,0,0.01,Safe (Not Churn)
4437,Neha,1,0.99,Risk (Churn)
4438,Ravi,0,0.01,Safe (Not Churn)
Unknown,Priya,0,0.05,Safe (Not Churn)
C4440,Neha,0,0.02,Safe (Not Churn)
Unknown,Simran,0,0.02,Safe (Not Churn)
C4442,Pooja,1,0.99,Risk (Churn)
C4443,Kiran,1,0.93,Risk (Churn)
4444,Rahul,0,0.0,Safe (Not Churn)
C4445,Simran,0,0.05,Safe (Not Churn)
C4446,Rahul,0,0.01,Safe (Not Churn)
4447,Unknown,0,0.06,Safe (Not Churn)
C4448,Unknown,0,0.01,Safe (Not Churn)
4449,Ravi,0,0.03,Safe (Not Churn)
4450,Simran,0,0.01,Safe (Not Churn)
C4451,Unknown,1,0.96,Risk (Churn)
Unknown,Kiran,0,0.04,Safe (Not Churn)
Unknown,Neha,0,0.01,Safe (Not Churn)
4454,Unknown,0,0.0,Safe (Not Churn)
4455,Priya,0,0.02,Safe (Not Churn)
C4456,Unknown,0,0.01,Safe (Not Churn)
C4457,Pooja,0,0.07,Safe (Not Churn)
Unknown,Simran,1,0.97,Risk (Churn)
4459,Amit,0,0.01,Safe (Not Churn)
4460,Kiran,0,0.0,Safe (Not Churn)
C4461,Simran,0,0.05,Safe (Not Churn)
4462,Unknown,0,0.07,Safe (Not Churn)
4463,Unknown,0,0.05,Safe (Not Churn)
Unknown,Ankit,0,0.02,Safe (Not Churn)
4465,Sneha,1,0.98,Risk (Churn)
4466,Priya,1,0.98,Risk (Churn)
Unknown,Amit,1,0.92,Risk (Churn)
4468,Pooja,0,0.02,Safe (Not Churn)
4469,Neha,0,0.02,Safe (Not Churn)
4470,Simran,0,0.04,Safe (Not Churn)
C4471,Unknown,0,0.01,Safe (Not Churn)
C4472,Sneha,1,0.94,Risk (Churn)
4473,Sneha,0,0.11,Safe (Not Churn)
4474,Ankit,1,0.95,Risk (Churn)
Unknown,Sneha,1,1.0,Risk (Churn)
4476,Unknown,1,0.95,Risk (Churn)
Unknown,Unknown,0,0.04,Safe (Not Churn)
4478,Unknown,0,0.09,Safe (Not Churn)
4479,Pooja,0,0.01,Safe (Not Churn)
C4480,Ankit,0,0.08,Safe (Not Churn)
4481,Sneha,0,0.0,Safe (Not Churn)
4482,Simran,0,0.1,Safe (Not Churn)
4483,Priya,0,0.01,Safe (Not Churn)
4484,Unknown,0,0.08,Safe (Not Churn)
Unknown,Ankit,0,0.0,Safe (Not Churn)
C4486,Sneha,0,0.01,Safe (Not Churn)
4487,Ankit,1,0.93,Risk (Churn)
Unknown,Kiran,0,0.02,Safe (Not Churn)
C4489,Priya,0,0.01,Safe (Not Churn)
4490,Priya,1,0.85,Risk (Churn)
C4491,Neha,0,0.02,Safe (Not Churn)
Unknown,Ravi,0,0.03,Safe (Not Churn)
4493,Amit,1,0.99,Risk (Churn)
4494,Sneha,0,0.06,Safe (Not Churn)
C4495,Unknown,0,0.01,Safe (Not Churn)
C4496,Ravi,0,0.01,Safe (Not Churn)
Unknown,Simran,0,0.06,Safe (Not Churn)
C4498,Unknown,0,0.01,Safe (Not Churn)
4499,Rahul,0,0.01,Safe (Not Churn)
C4500,Unknown,0,0.02,Safe (Not Churn)
4501,Neha,1,0.97,Risk (Churn)
Unknown,Unknown,0,0.06,Safe (Not Churn)
4503,Neha,0,0.01,Safe (Not Churn)
4504,Ravi,1,0.7,Risk (Churn)
4505,Unknown,0,0.09,Safe (Not Churn)
4506,Amit,1,0.88,Risk (Churn)
C4507,Priya,1,0.96,Risk (Churn)
4508,Rahul,0,0.5,Safe (Not Churn)
4509,Kiran,0,0.01,Safe (Not Churn)
4510,Sneha,0,0.07,Safe (Not Churn)
4511,Unknown,0,0.02,Safe (Not Churn)
4512,Rahul,0,0.01,Safe (Not Churn)
4513,Rahul,0,0.0,Safe (Not Churn)
4514,Unknown,0,0.03,Safe (Not Churn)
Unknown,Ravi,0,0.01,Safe (Not Churn)
C4516,Rahul,0,0.07,Safe (Not Churn)
C4517,Unknown,0,0.01,Safe (Not Churn)
4518,Ankit,0,0.0,Safe (Not Churn)
4519,Amit,0,0.0,Safe (Not Churn)
Unknown,Rahul,0,0.34,Safe (Not Churn)
4521,Amit,0,0.04,Safe (Not Churn)
4522,Unknown,0,0.01,Safe (Not Churn)
4523,Priya,0,0.03,Safe (Not Churn)
4524,Amit,0,0.01,Safe (Not Churn)
4525,Neha,0,0.01,Safe (Not Churn)
4526,Rahul,0,0.01,Safe (Not Churn)
4527,Neha,0,0.02,Safe (Not Churn)
Unknown,Unknown,0,0.0,Safe (Not Churn)
Unknown,Neha,0,0.0,Safe (Not Churn)
4530,Unknown,1,0.92,Risk (Churn)
4531,Ankit,0,0.0,Safe (Not Churn)
4532,Sneha,1,1.0,Risk (Churn)
4533,Neha,1,0.97,Risk (Churn)
4534,Neha,0,0.0,Safe (Not Churn)
4535,Ravi,0,0.05,Safe (Not Churn)
Unknown,Neha,0,0.02,Safe (Not Churn)
4537,Ravi,0,0.07,Safe (Not Churn)
Unknown,Pooja,1,0.91,Risk (Churn)
4539,Kiran,0,0.02,Safe (Not Churn)
Unknown,Ravi,1,0.96,Risk (Churn)
Unknown,Unknown,0,0.02,Safe (Not Churn)
C4542,Ankit,0,0.05,Safe (Not Churn)
4543,Kiran,0,0.01,Safe (Not Churn)
C4544,Ravi,0,0.01,Safe (Not Churn)
Unknown,Priya,0,0.06,Safe (Not Churn)
C4546,Pooja,0,0.0,Safe (Not Churn)
Unknown,Unknown,0,0.33,Safe (Not Churn)
C4548,Kiran,0,0.01,Safe (Not Churn)
4549,Unknown,1,0.96,Risk (Churn)
C4550,Ankit,0,0.03,Safe (Not Churn)
4551,Simran,0,0.01,Safe (Not Churn)
Unknown,Amit,0,0.39,Safe (Not Churn)
4553,Rahul,0,0.01,Safe (Not Churn)
4554,Ankit,1,0.96,Risk (Churn)
4555,Kiran,0,0.01,Safe (Not Churn)
Unknown,Neha,1,0.91,Risk (Churn)
C4557,Ankit,0,0.03,Safe (Not Churn)
Unknown,Simran,0,0.04,Safe (Not Churn)
4559,Unknown,0,0.05,Safe (Not Churn)
C4560,Unknown,0,0.02,Safe (Not Churn)
4561,Pooja,0,0.02,Safe (Not Churn)
4562,Unknown,0,0.01,Safe (Not Churn)
4563,Priya,1,1.0,Risk (Churn)
Unknown,Ankit,0,0.07,Safe (Not Churn)
4565,Pooja,0,0.03,Safe (Not Churn)
C4566,Unknown,0,0.06,Safe (Not Churn)
C4567,Pooja,0,0.06,Safe (Not Churn)
C4568,Pooja,0,0.0,Safe (Not Churn)
4569,Unknown,0,0.09,Safe (Not Churn)
4570,Rahul,0,0.08,Safe (Not Churn)
4571,Unknown,0,0.06,Safe (Not Churn)
4572,Priya,0,0.01,Safe (Not Churn)
Unknown,Rahul,0,0.04,Safe (Not Churn)
4574,Simran,0,0.03,Safe (Not Churn)
4575,Rahul,0,0.04,Safe (Not Churn)
Unknown,Kiran,0,0.01,Safe (Not Churn)
4577,Rahul,0,0.07,Safe (Not Churn)
4578,Unknown,0,0.06,Safe (Not Churn)
Unknown,Simran,1,0.95,Risk (Churn)
Unknown,Ravi,1,1.0,Risk (Churn)
4581,Pooja,0,0.01,Safe (Not Churn)
4582,Pooja,1,0.97,Risk (Churn)
C4583,Pooja,0,0.01,Safe (Not Churn)
Unknown,Pooja,0,0.01,Safe (Not Churn)
4585,Sneha,1,0.91,Risk (Churn)
4586,Neha,0,0.03,Safe (Not Churn)
C4587,Pooja,0,0.11,Safe (Not Churn)
Unknown,Unknown,0,0.0,Safe (Not Churn)
4589,Kiran,0,0.0,Safe (Not Churn)
C4590,Simran,0,0.02,Safe (Not Churn)
C4591,Ravi,0,0.01,Safe (Not Churn)
4592,Priya,0,0.0,Safe (Not Churn)
4593,Neha,0,0.01,Safe (Not Churn)
4594,Neha,0,0.04,Safe (Not Churn)
4595,Priya,0,0.06,Safe (Not Churn)
4596,Amit,0,0.06,Safe (Not Churn)
C4597,Sneha,1,0.95,Risk (Churn)
4598,Priya,0,0.0,Safe (Not Churn)
Unknown,Unknown,0,0.0,Safe (Not Churn)
4600,Priya,0,0.0,Safe (Not Churn)
C4601,Sneha,1,0.83,Risk (Churn)
4602,Neha,0,0.02,Safe (Not Churn)
Unknown,Simran,0,0.0,Safe (Not Churn)
4604,Ankit,0,0.02,Safe (Not Churn)
C4605,Unknown,0,0.0,Safe (Not Churn)
4606,Neha,1,1.0,Risk (Churn)
C4607,Ankit,0,0.01,Safe (Not Churn)
4608,Ankit,1,0.87,Risk (Churn)
4609,Kiran,0,0.0,Safe (Not Churn)
4610,Sneha,0,0.01,Safe (Not Churn)
4611,Ravi,0,0.03,Safe (Not Churn)
C4612,Unknown,1,0.97,Risk (Churn)
C4613,Ankit,1,0.97,Risk (Churn)
4614,Simran,1,0.96,Risk (Churn)
4615,Sneha,0,0.03,Safe (Not Churn)
C4616,Sneha,0,0.06,Safe (Not Churn)
4617,Sneha,0,0.06,Safe (Not Churn)
4618,Ankit,0,0.0,Safe (Not Churn)
4619,Sneha,0,0.02,Safe (Not Churn)
4620,Simran,0,0.0,Safe (Not Churn)
4621,Simran,0,0.0,Safe (Not Churn)
C4622,Ankit,0,0.02,Safe (Not Churn)
4623,Rahul,0,0.0,Safe (Not Churn)
4624,Kiran,0,0.01,Safe (Not Churn)
C4625,Unknown,0,0.03,Safe (Not Churn)
Unknown,Kiran,0,0.03,Safe (Not Churn)
C4627,Rahul,0,0.03,Safe (Not Churn)
4628,Priya,1,0.93,Risk (Churn)
Unknown,Simran,0,0.08,Safe (Not Churn)
Unknown,Simran,1,0.93,Risk (Churn)
C4631,Sneha,0,0.03,Safe (Not Churn)
Unknown,Unknown,0,0.01,Safe (Not Churn)
4633,Simran,1,0.89,Risk (Churn)
4634,Ravi,0,0.01,Safe (Not Churn)
4635,Kiran,0,0.01,Safe (Not Churn)
C4636,Neha,0,0.09,Safe (Not Churn)
Unknown,Ankit,0,0.02,Safe (Not Churn)
4638,Ravi,0,0.03,Safe (Not Churn)
4639,Neha,0,0.02,Safe (Not Churn)
4640,Rahul,0,0.14,Safe (Not Churn)
C4641,Amit,0,0.01,Safe (Not Churn)
Unknown,Sneha,0,0.0,Safe (Not Churn)
C4643,Kiran,0,0.01,Safe (Not Churn)
4644,Unknown,1,0.97,Risk (Churn)
4645,Priya,0,0.03,Safe (Not Churn)
4646,Sneha,0,0.0,Safe (Not Churn)
4647,Rahul,0,0.04,Safe (Not Churn)
C4648,Simran,0,0.02,Safe (Not Churn)
Unknown,Priya,0,0.03,Safe (Not Churn)
Unknown,Pooja,0,0.04,Safe (Not Churn)
Unknown,Kiran,0,0.0,Safe (Not Churn)
C4652,Neha,1,0.98,Risk (Churn)
4653,Unknown,0,0.0,Safe (Not Churn)
4654,Priya,0,0.06,Safe (Not Churn)
4655,Priya,0,0.01,Safe (Not Churn)
C4656,Unknown,0,0.02,Safe (Not Churn)
Unknown,Pooja,0,0.03,Safe (Not Churn)
Unknown,Sneha,0,0.01,Safe (Not Churn)
Unknown,Unknown,0,0.01,Safe (Not Churn)
4660,Ankit,0,0.04,Safe (Not Churn)
4661,Sneha,1,0.86,Risk (Churn)
4662,Ravi,0,0.05,Safe (Not Churn)
C4663,Unknown,0,0.0,Safe (Not Churn)
C4664,Sneha,0,0.06,Safe (Not Churn)
4665,Unknown,0,0.05,Safe (Not Churn)
Unknown,Rahul,0,0.0,Safe (Not Churn)
C4667,Unknown,0,0.0,Safe (Not Churn)
4668,Rahul,0,0.04,Safe (Not Churn)
4669,Priya,0,0.02,Safe (Not Churn)
4670,Ravi,0,0.03,Safe (Not Churn)
Unknown,Kiran,0,0.04,Safe (Not Churn)
4672,Ravi,0,0.0,Safe (Not Churn)
4673,Unknown,0,0.01,Safe (Not Churn)
C4674,Unknown,0,0.01,Safe (Not Churn)
4675,Neha,1,0.96,Risk (Churn)
4676,Kiran,0,0.02,Safe (Not Churn)
4677,Kiran,0,0.39,Safe (Not Churn)
Unknown,Pooja,0,0.02,Safe (Not Churn)
Unknown,Ankit,0,0.0,Safe (Not Churn)
4680,Pooja,0,0.02,Safe (Not Churn)
4681,Unknown,0,0.02,Safe (Not Churn)
C4682,Pooja,0,0.03,Safe (Not Churn)
4683,Priya,0,0.02,Safe (Not Churn)
4684,Kiran,0,0.05,Safe (Not Churn)
4685,Sneha,0,0.01,Safe (Not Churn)
C4686,Unknown,0,0.02,Safe (Not Churn)
4687,Pooja,0,0.0,Safe (Not Churn)
4688,Amit,0,0.04,Safe (Not Churn)
4689,Kiran,1,0.97,Risk (Churn)
Unknown,Priya,0,0.0,Safe (Not Churn)
4691,Ravi,1,0.96,Risk (Churn)
4692,Unknown,0,0.01,Safe (Not Churn)
Unknown,Priya,0,0.02,Safe (Not Churn)
Unknown,Pooja,0,0.03,Safe (Not Churn)
4695,Simran,1,0.97,Risk (Churn)
Unknown,Ankit,0,0.0,Safe (Not Churn)
4697,Ankit,0,0.04,Safe (Not Churn)
4698,Ravi,0,0.0,Safe (Not Churn)
4699,Simran,1,0.87,Risk (Churn)
4700,Sneha,0,0.05,Safe (Not Churn)
4701,Rahul,1,0.97,Risk (Churn)
Unknown,Priya,0,0.05,Safe (Not Churn)
Unknown,Pooja,0,0.02,Safe (Not Churn)
C4704,Amit,0,0.01,Safe (Not Churn)
Unknown,Neha,0,0.0,Safe (Not Churn)
4706,Kiran,0,0.01,Safe (Not Churn)
4707,Simran,1,0.92,Risk (Churn)
Unknown,Kiran,0,0.04,Safe (Not Churn)
4709,Unknown,1,0.94,Risk (Churn)
C4710,Amit,0,0.0,Safe (Not Churn)
C4711,Unknown,0,0.11,Safe (Not Churn)
Unknown,Rahul,0,0.0,Safe (Not Churn)
4713,Ravi,1,0.79,Risk (Churn)
Unknown,Neha,0,0.08,Safe (Not Churn)
4715,Unknown,0,0.02,Safe (Not Churn)
C4716,Amit,0,0.1,Safe (Not Churn)
C4717,Pooja,1,0.98,Risk (Churn)
C4718,Simran,1,0.94,Risk (Churn)
C4719,Kiran,0,0.03,Safe (Not Churn)
4720,Priya,1,0.98,Risk (Churn)
4721,Unknown,1,1.0,Risk (Churn)
C4722,Ravi,0,0.03,Safe (Not Churn)
Unknown,Unknown,0,0.08,Safe (Not Churn)
C4724,Rahul,1,0.95,Risk (Churn)
Unknown,Priya,0,0.04,Safe (Not Churn)
Unknown,Amit,0,0.36,Safe (Not Churn)
C4727,Rahul,0,0.01,Safe (Not Churn)
4728,Rahul,0,0.01,Safe (Not Churn)
4729,Kiran,1,0.95,Risk (Churn)
Unknown,Ankit,1,0.97,Risk (Churn)
Unknown,Rahul,0,0.01,Safe (Not Churn)
4732,Simran,0,0.05,Safe (Not Churn)
C4733,Kiran,0,0.02,Safe (Not Churn)
Unknown,Ankit,1,0.99,Risk (Churn)
4735,Ravi,0,0.08,Safe (Not Churn)
4736,Sneha,0,0.01,Safe (Not Churn)
C4737,Ankit,0,0.02,Safe (Not Churn)
4738,Unknown,0,0.01,Safe (Not Churn)
4739,Unknown,0,0.01,Safe (Not Churn)
4740,Unknown,0,0.0,Safe (Not Churn)
4741,Neha,0,0.0,Safe (Not Churn)
C4742,Kiran,0,0.0,Safe (Not Churn)
4743,Unknown,0,0.36,Safe (Not Churn)
4744,Ravi,0,0.05,Safe (Not Churn)
4745,Unknown,1,0.87,Risk (Churn)
4746,Ankit,0,0.03,Safe (Not Churn)
Unknown,Priya,1,0.94,Risk (Churn)
4748,Kiran,1,0.7,Risk (Churn)
4749,Priya,0,0.06,Safe (Not Churn)
4750,Sneha,0,0.01,Safe (Not Churn)
Unknown,Simran,0,0.0,Safe (Not Churn)
C4752,Neha,0,0.01,Safe (Not Churn)
4753,Ravi,1,0.96,Risk (Churn)
4754,Ravi,0,0.01,Safe (Not Churn)
Unknown,Sneha,1,0.98,Risk (Churn)
Unknown,Neha,0,0.01,Safe (Not Churn)
4757,Priya,0,0.5,Safe (Not Churn)
4758,Sneha,1,0.97,Risk (Churn)
Unknown,Simran,0,0.0,Safe (Not Churn)
C4760,Priya,0,0.02,Safe (Not Churn)
4761,Unknown,0,0.09,Safe (Not Churn)
4762,Priya,0,0.01,Safe (Not Churn)
4763,Rahul,0,0.01,Safe (Not Churn)
4764,Kiran,0,0.01,Safe (Not Churn)
4765,Ankit,0,0.03,Safe (Not Churn)
C4766,Unknown,0,0.05,Safe (Not Churn)
4767,Ankit,0,0.03,Safe (Not Churn)
4768,Kiran,0,0.0,Safe (Not Churn)
4769,Priya,0,0.01,Safe (Not Churn)
Unknown,Unknown,1,0.97,Risk (Churn)
4771,Priya,1,0.56,Risk (Churn)
4772,Simran,0,0.04,Safe (Not Churn)
C4773,Sneha,0,0.01,Safe (Not Churn)
C4774,Neha,0,0.03,Safe (Not Churn)
Unknown,Unknown,1,0.95,Risk (Churn)
4776,Unknown,0,0.1,Safe (Not Churn)
4777,Sneha,0,0.45,Safe (Not Churn)
4778,Ravi,0,0.07,Safe (Not Churn)
C4779,Simran,1,0.99,Risk (Churn)
4780,Pooja,1,0.95,Risk (Churn)
4781,Sneha,0,0.01,Safe (Not Churn)
4782,Priya,0,0.04,Safe (Not Churn)
4783,Kiran,0,0.05,Safe (Not Churn)
4784,Amit,0,0.12,Safe (Not Churn)
Unknown,Kiran,0,0.04,Safe (Not Churn)
4786,Rahul,0,0.01,Safe (Not Churn)
Unknown,Ankit,0,0.02,Safe (Not Churn)
4788,Amit,1,0.88,Risk (Churn)
4789,Rahul,0,0.0,Safe (Not Churn)
4790,Ravi,0,0.0,Safe (Not Churn)
4791,Kiran,0,0.02,Safe (Not Churn)
4792,Amit,0,0.01,Safe (Not Churn)
C4793,Rahul,1,0.97,Risk (Churn)
Unknown,Neha,0,0.07,Safe (Not Churn)
4795,Amit,0,0.0,Safe (Not Churn)
4796,Sneha,0,0.01,Safe (Not Churn)
Unknown,Amit,0,0.03,Safe (Not Churn)
4798,Simran,0,0.02,Safe (Not Churn)
Unknown,Amit,1,0.88,Risk (Churn)
4800,Priya,0,0.0,Safe (Not Churn)
C4801,Simran,0,0.07,Safe (Not Churn)
Unknown,Ravi,0,0.14,Safe (Not Churn)
4803,Pooja,0,0.05,Safe (Not Churn)
C4804,Ankit,0,0.01,Safe (Not Churn)
Unknown,Unknown,0,0.08,Safe (Not Churn)
4806,Unknown,0,0.03,Safe (Not Churn)
4807,Unknown,0,0.0,Safe (Not Churn)
C4808,Simran,0,0.07,Safe (Not Churn)
4809,Unknown,0,0.01,Safe (Not Churn)
4810,Amit,0,0.0,Safe (Not Churn)
4811,Amit,1,0.95,Risk (Churn)
4812,Ravi,0,0.02,Safe (Not Churn)
4813,Pooja,1,0.68,Risk (Churn)
C4814,Priya,0,0.02,Safe (Not Churn)
Unknown,Amit,0,0.12,Safe (Not Churn)
4816,Kiran,0,0.0,Safe (Not Churn)
Unknown,Unknown,0,0.02,Safe (Not Churn)
4818,Unknown,0,0.09,Safe (Not Churn)
C4819,Kiran,0,0.02,Safe (Not Churn)
4820,Neha,0,0.01,Safe (Not Churn)
Unknown,Simran,0,0.02,Safe (Not Churn)
4822,Unknown,0,0.03,Safe (Not Churn)
4823,Neha,0,0.03,Safe (Not Churn)
4824,Neha,0,0.0,Safe (Not Churn)
4825,Amit,0,0.0,Safe (Not Churn)
4826,Sneha,0,0.05,Safe (Not Churn)
4827,Sneha,0,0.07,Safe (Not Churn)
C4828,Pooja,0,0.03,Safe (Not Churn)
C4829,Simran,0,0.02,Safe (Not Churn)
Unknown,Pooja,0,0.01,Safe (Not Churn)
4831,Simran,1,0.93,Risk (Churn)
4832,Amit,1,0.97,Risk (Churn)
4833,Ravi,0,0.0,Safe (Not Churn)
Unknown,Neha,0,0.05,Safe (Not Churn)
Unknown,Simran,0,0.02,Safe (Not Churn)
Unknown,Sneha,0,0.0,Safe (Not Churn)
Unknown,Priya,1,0.99,Risk (Churn)
4838,Kiran,0,0.05,Safe (Not Churn)
4839,Rahul,1,0.55,Risk (Churn)
4840,Simran,0,0.01,Safe (Not Churn)
4841,Ankit,0,0.01,Safe (Not Churn)
C4842,Kiran,0,0.03,Safe (Not Churn)
4843,Pooja,0,0.09,Safe (Not Churn)
C4844,Unknown,0,0.12,Safe (Not Churn)
4845,Unknown,0,0.03,Safe (Not Churn)
Unknown,Kiran,0,0.06,Safe (Not Churn)
C4847,Pooja,0,0.01,Safe (Not Churn)
C4848,Pooja,0,0.01,Safe (Not Churn)
4849,Priya,1,0.96,Risk (Churn)
Unknown,Ankit,0,0.04,Safe (Not Churn)
4851,Unknown,0,0.03,Safe (Not Churn)
4852,Rahul,0,0.02,Safe (Not Churn)
C4853,Ankit,1,0.98,Risk (Churn)
4854,Priya,0,0.02,Safe (Not Churn)
4855,Unknown,0,0.02,Safe (Not Churn)
4856,Simran,1,0.97,Risk (Churn)
4857,Ravi,1,0.91,Risk (Churn)
C4858,Priya,0,0.0,Safe (Not Churn)
C4859,Amit,0,0.03,Safe (Not Churn)
C4860,Neha,1,0.96,Risk (Churn)
4861,Rahul,1,0.92,Risk (Churn)
Unknown,Sneha,0,0.05,Safe (Not Churn)
C4863,Pooja,1,0.98,Risk (Churn)
4864,Neha,0,0.04,Safe (Not Churn)
C4865,Ravi,0,0.06,Safe (Not Churn)
4866,Simran,0,0.0,Safe (Not Churn)
Unknown,Ankit,0,0.01,Safe (Not Churn)
4868,Ankit,0,0.01,Safe (Not Churn)
C4869,Ravi,0,0.05,Safe (Not Churn)
C4870,Kiran,1,0.97,Risk (Churn)
Unknown,Rahul,0,0.0,Safe (Not Churn)
Unknown,Neha,0,0.02,Safe (Not Churn)
C4873,Pooja,0,0.04,Safe (Not Churn)
C4874,Sneha,0,0.06,Safe (Not Churn)
4875,Priya,0,0.0,Safe (Not Churn)
4876,Unknown,1,0.97,Risk (Churn)
Unknown,Pooja,0,0.01,Safe (Not Churn)
4878,Unknown,0,0.02,Safe (Not Churn)
4879,Priya,1,0.95,Risk (Churn)
Unknown,Kiran,0,0.0,Safe (Not Churn)
Unknown,Neha,0,0.01,Safe (Not Churn)
C4882,Pooja,1,0.98,Risk (Churn)
Unknown,Ravi,0,0.02,Safe (Not Churn)
4884,Rahul,0,0.01,Safe (Not Churn)
4885,Ankit,0,0.02,Safe (Not Churn)
Unknown,Sneha,0,0.05,Safe (Not Churn)
4887,Unknown,0,0.02,Safe (Not Churn)
4888,Amit,0,0.01,Safe (Not Churn)
C4889,Priya,1,0.54,Risk (Churn)
4890,Ravi,0,0.01,Safe (Not Churn)
C4891,Amit,0,0.15,Safe (Not Churn)
C4892,Sneha,0,0.0,Safe (Not Churn)
Unknown,Unknown,0,0.06,Safe (Not Churn)
4894,Neha,0,0.02,Safe (Not Churn)
Unknown,Ravi,0,0.03,Safe (Not Churn)
4896,Rahul,0,0.01,Safe (Not Churn)
C4897,Rahul,0,0.13,Safe (Not Churn)
Unknown,Neha,0,0.02,Safe (Not Churn)
Unknown,Unknown,0,0.03,Safe (Not Churn)
4900,Unknown,0,0.03,Safe (Not Churn)
C4901,Simran,0,0.3,Safe (Not Churn)
Unknown,Priya,0,0.0,Safe (Not Churn)
Unknown,Pooja,0,0.01,Safe (Not Churn)
4904,Ankit,0,0.04,Safe (Not Churn)
4905,Rahul,1,0.99,Risk (Churn)
C4906,Ankit,0,0.02,Safe (Not Churn)
4907,Unknown,0,0.0,Safe (Not Churn)
C4908,Unknown,0,0.03,Safe (Not Churn)
C4909,Sneha,0,0.06,Safe (Not Churn)
C4910,Pooja,0,0.07,Safe (Not Churn)
4911,Ankit,1,0.96,Risk (Churn)
Unknown,Sneha,0,0.01,Safe (Not Churn)
4913,Unknown,0,0.03,Safe (Not Churn)
4914,Kiran,0,0.02,Safe (Not Churn)
4915,Unknown,0,0.03,Safe (Not Churn)
4916,Neha,0,0.0,Safe (Not Churn)
4917,Rahul,1,0.95,Risk (Churn)
4918,Unknown,0,0.01,Safe (Not Churn)
4919,Rahul,0,0.02,Safe (Not Churn)
C4920,Sneha,1,0.98,Risk (Churn)
4921,Simran,0,0.05,Safe (Not Churn)
C4922,Sneha,0,0.01,Safe (Not Churn)
4923,Kiran,0,0.01,Safe (Not Churn)
Unknown,Neha,0,0.0,Safe (Not Churn)
C4925,Unknown,0,0.48,Safe (Not Churn)
C4926,Unknown,0,0.0,Safe (Not Churn)
Unknown,Unknown,0,0.01,Safe (Not Churn)
4928,Ankit,0,0.03,Safe (Not Churn)
4929,Priya,0,0.03,Safe (Not Churn)
C4930,Unknown,0,0.01,Safe (Not Churn)
4931,Ankit,0,0.03,Safe (Not Churn)
4932,Unknown,1,0.89,Risk (Churn)
C4933,Priya,0,0.03,Safe (Not Churn)
Unknown,Unknown,1,0.99,Risk (Churn)
Unknown,Simran,0,0.06,Safe (Not Churn)
4936,Ankit,0,0.04,Safe (Not Churn)
C4937,Ravi,0,0.03,Safe (Not Churn)
C4938,Kiran,0,0.02,Safe (Not Churn)
C4939,Priya,0,0.01,Safe (Not Churn)
Unknown,Kiran,0,0.03,Safe (Not Churn)
4941,Kiran,0,0.0,Safe (Not Churn)
4942,Priya,0,0.0,Safe (Not Churn)
Unknown,Unknown,0,0.05,Safe (Not Churn)
C4944,Ravi,0,0.01,Safe (Not Churn)
4945,Neha,0,0.03,Safe (Not Churn)
Unknown,Simran,0,0.06,Safe (Not Churn)
4947,Unknown,0,0.01,Safe (Not Churn)
C4948,Kiran,0,0.0,Safe (Not Churn)
4949,Sneha,1,0.96,Risk (Churn)
Unknown,Rahul,0,0.0,Safe (Not Churn)
Unknown,Kiran,1,0.9,Risk (Churn)
4952,Sneha,1,0.89,Risk (Churn)
C4953,Sneha,0,0.06,Safe (Not Churn)
4954,Ankit,0,0.0,Safe (Not Churn)
Unknown,Amit,0,0.0,Safe (Not Churn)
Unknown,Unknown,0,0.0,Safe (Not Churn)
4957,Neha,0,0.0,Safe (Not Churn)
4958,Ravi,0,0.01,Safe (Not Churn)
4959,Unknown,0,0.0,Safe (Not Churn)
C4960,Pooja,0,0.05,Safe (Not Churn)
C4961,Priya,0,0.03,Safe (Not Churn)
4962,Kiran,0,0.0,Safe (Not Churn)
C4963,Ankit,1,0.99,Risk (Churn)
4964,Sneha,1,0.95,Risk (Churn)
C4965,Priya,0,0.06,Safe (Not Churn)
Unknown,Kiran,0,0.06,Safe (Not Churn)
4967,Neha,0,0.1,Safe (Not Churn)
4968,Rahul,0,0.01,Safe (Not Churn)
Unknown,Kiran,0,0.04,Safe (Not Churn)
Unknown,Neha,0,0.02,Safe (Not Churn)
4971,Simran,0,0.02,Safe (Not Churn)
Unknown,Amit,1,0.92,Risk (Churn)
4973,Priya,0,0.02,Safe (Not Churn)
4974,Kiran,0,0.0,Safe (Not Churn)
C4975,Kiran,0,0.02,Safe (Not Churn)
C4976,Unknown,0,0.02,Safe (Not Churn)
4977,Amit,0,0.06,Safe (Not Churn)
4978,Unknown,0,0.01,Safe (Not Churn)
Unknown,Kiran,1,0.52,Risk (Churn)
C4980,Ankit,0,0.38,Safe (Not Churn)
4981,Sneha,0,0.03,Safe (Not Churn)
Unknown,Neha,1,1.0,Risk (Churn)
4983,Sneha,0,0.0,Safe (Not Churn)
C4984,Simran,1,0.99,Risk (Churn)
4985,Sneha,0,0.0,Safe (Not Churn)
4986,Neha,0,0.0,Safe (Not Churn)
4987,Simran,0,0.0,Safe (Not Churn)
C4988,Sneha,0,0.04,Safe (Not Churn)
Unknown,Simran,0,0.04,Safe (Not Churn)
C4990,Pooja,0,0.02,Safe (Not Churn)
4991,Ankit,1,0.72,Risk (Churn)
4992,Priya,0,0.0,Safe (Not Churn)
C4993,Simran,0,0.03,Safe (Not Churn)
C4994,Rahul,1,0.81,Risk (Churn)
Unknown,Priya,0,0.01,Safe (Not Churn)
Unknown,Sneha,0,0.01,Safe (Not Churn)
C4997,Ravi,0,0.06,Safe (Not Churn)
4998,Amit,0,0.01,Safe (Not Churn)
4999,Pooja,0,0.01,Safe (Not Churn)
5000,Neha,0,0.04,Safe (Not Churn)
5001,Neha,0,0.07,Safe (Not Churn)
5002,Amit,0,0.06,Safe (Not Churn)
Unknown,Ankit,0,0.0,Safe (Not Churn)
5004,Rahul,1,0.96,Risk (Churn)
5005,Sneha,0,0.05,Safe (Not Churn)
5006,Ankit,0,0.03,Safe (Not Churn)
C5007,Unknown,0,0.06,Safe (Not Churn)
5008,Ravi,0,0.06,Safe (Not Churn)
Unknown,Unknown,0,0.08,Safe (Not Churn)
5010,Simran,0,0.0,Safe (Not Churn)
5011,Simran,0,0.0,Safe (Not Churn)
5012,Sneha,1,0.98,Risk (Churn)
C5013,Unknown,0,0.01,Safe (Not Churn)
5014,Sneha,0,0.05,Safe (Not Churn)
5015,Unknown,0,0.01,Safe (Not Churn)
Unknown,Simran,1,0.99,Risk (Churn)
5017,Ravi,1,0.65,Risk (Churn)
Unknown,Unknown,0,0.04,Safe (Not Churn)
C5019,Neha,0,0.03,Safe (Not Churn)
5020,Neha,0,0.02,Safe (Not Churn)
C5021,Unknown,0,0.02,Safe (Not Churn)
Unknown,Ankit,1,0.85,Risk (Churn)
5023,Unknown,0,0.0,Safe (Not Churn)
5024,Rahul,1,0.85,Risk (Churn)
C5025,Pooja,0,0.05,Safe (Not Churn)
C5026,Amit,0,0.0,Safe (Not Churn)
5027,Ankit,1,0.9,Risk (Churn)
Unknown,Sneha,1,0.9,Risk (Churn)
5029,Rahul,0,0.02,Safe (Not Churn)
5030,Rahul,0,0.02,Safe (Not Churn)
5031,Priya,0,0.03,Safe (Not Churn)
Unknown,Unknown,0,0.05,Safe (Not Churn)
C5033,Sneha,0,0.01,Safe (Not Churn)
Unknown,Unknown,0,0.04,Safe (Not Churn)
Unknown,Neha,0,0.0,Safe (Not Churn)
5036,Unknown,0,0.01,Safe (Not Churn)
5037,Unknown,0,0.03,Safe (Not Churn)
C5038,Amit,0,0.02,Safe (Not Churn)
Unknown,Ankit,1,0.97,Risk (Churn)
5040,Pooja,1,0.99,Risk (Churn)
C5041,Unknown,0,0.03,Safe (Not Churn)
5042,Sneha,0,0.04,Safe (Not Churn)
C5043,Unknown,0,0.02,Safe (Not Churn)
C5044,Ankit,0,0.03,Safe (Not Churn)
5045,Unknown,0,0.03,Safe (Not Churn)
5046,Pooja,0,0.01,Safe (Not Churn)
C5047,Neha,0,0.02,Safe (Not Churn)
Unknown,Kiran,0,0.01,Safe (Not Churn)
C5049,Amit,0,0.05,Safe (Not Churn)
C5050,Simran,0,0.0,Safe (Not Churn)
5051,Rahul,1,0.95,Risk (Churn)
C5052,Sneha,0,0.02,Safe (Not Churn)
5053,Sneha,0,0.06,Safe (Not Churn)
5054,Unknown,0,0.01,Safe (Not Churn)
C5055,Rahul,0,0.05,Safe (Not Churn)
5056,Amit,0,0.02,Safe (Not Churn)
5057,Amit,0,0.04,Safe (Not Churn)
Unknown,Unknown,0,0.0,Safe (Not Churn)
5059,Unknown,0,0.02,Safe (Not Churn)
C5060,Ankit,0,0.03,Safe (Not Churn)
5061,Neha,0,0.01,Safe (Not Churn)
5062,Pooja,0,0.03,Safe (Not Churn)
5063,Sneha,0,0.01,Safe (Not Churn)
5064,Kiran,0,0.0,Safe (Not Churn)
5065,Simran,0,0.01,Safe (Not Churn)
5066,Rahul,1,0.67,Risk (Churn)
Unknown,Ankit,0,0.0,Safe (Not Churn)
5068,Kiran,0,0.0,Safe (Not Churn)
5069,Sneha,0,0.02,Safe (Not Churn)
C5070,Amit,0,0.45,Safe (Not Churn)
5071,Pooja,0,0.0,Safe (Not Churn)
5072,Rahul,0,0.03,Safe (Not Churn)
5073,Neha,0,0.03,Safe (Not Churn)
C5074,Ravi,0,0.03,Safe (Not Churn)
Unknown,Ravi,0,0.05,Safe (Not Churn)
5076,Sneha,0,0.01,Safe (Not Churn)
5077,Unknown,1,0.94,Risk (Churn)
5078,Rahul,0,0.04,Safe (Not Churn)
C5079,Neha,0,0.01,Safe (Not Churn)
5080,Pooja,1,0.97,Risk (Churn)
C5081,Ankit,0,0.07,Safe (Not Churn)
5082,Unknown,0,0.02,Safe (Not Churn)
C5083,Unknown,0,0.01,Safe (Not Churn)
C5084,Neha,0,0.04,Safe (Not Churn)
5085,Priya,0,0.03,Safe (Not Churn)
Unknown,Ankit,0,0.08,Safe (Not Churn)
5087,Sneha,1,0.98,Risk (Churn)
5088,Neha,0,0.01,Safe (Not Churn)
5089,Ravi,0,0.01,Safe (Not Churn)
C5090,Amit,0,0.0,Safe (Not Churn)
5091,Pooja,0,0.07,Safe (Not Churn)
5092,Priya,0,0.05,Safe (Not Churn)
Unknown,Unknown,0,0.02,Safe (Not Churn)
5094,Ankit,1,0.79,Risk (Churn)
Unknown,Unknown,0,0.33,Safe (Not Churn)
C5096,Rahul,0,0.07,Safe (Not Churn)
Unknown,Simran,0,0.0,Safe (Not Churn)
5098,Ankit,0,0.03,Safe (Not Churn)
5099,Unknown,1,0.97,Risk (Churn)
5100,Rahul,0,0.31,Safe (Not Churn)
5101,Rahul,0,0.0,Safe (Not Churn)
5102,Unknown,0,0.06,Safe (Not Churn)
C5103,Sneha,0,0.01,Safe (Not Churn)
C5104,Pooja,0,0.08,Safe (Not Churn)
5105,Amit,1,0.91,Risk (Churn)
5106,Unknown,0,0.02,Safe (Not Churn)
5107,Unknown,0,0.0,Safe (Not Churn)
Unknown,Kiran,0,0.05,Safe (Not Churn)
C5109,Ankit,0,0.0,Safe (Not Churn)
5110,Simran,1,0.8,Risk (Churn)
C5111,Priya,0,0.0,Safe (Not Churn)
5112,Unknown,0,0.04,Safe (Not Churn)
5113,Unknown,0,0.0,Safe (Not Churn)
5114,Sneha,0,0.01,Safe (Not Churn)
5115,Rahul,0,0.02,Safe (Not Churn)
Unknown,Sneha,0,0.07,Safe (Not Churn)
5117,Pooja,0,0.01,Safe (Not Churn)
5118,Kiran,1,0.96,Risk (Churn)
5119,Ravi,0,0.03,Safe (Not Churn)
C5120,Unknown,0,0.04,Safe (Not Churn)
C5121,Rahul,0,0.04,Safe (Not Churn)
Unknown,Unknown,0,0.0,Safe (Not Churn)
Unknown,Ravi,0,0.02,Safe (Not Churn)
5124,Kiran,0,0.02,Safe (Not Churn)
5125,Neha,0,0.03,Safe (Not Churn)
5126,Rahul,0,0.0,Safe (Not Churn)
5127,Pooja,0,0.03,Safe (Not Churn)
5128,Ravi,0,0.03,Safe (Not Churn)
Unknown,Neha,0,0.07,Safe (Not Churn)
5130,Rahul,1,0.99,Risk (Churn)
5131,Rahul,0,0.03,Safe (Not Churn)
Unknown,Pooja,1,0.99,Risk (Churn)
5133,Amit,0,0.08,Safe (Not Churn)
5134,Pooja,0,0.3,Safe (Not Churn)
5135,Neha,0,0.02,Safe (Not Churn)
Unknown,Unknown,0,0.07,Safe (Not Churn)
C5137,Pooja,1,0.99,Risk (Churn)
5138,Simran,0,0.02,Safe (Not Churn)
5139,Ravi,0,0.05,Safe (Not Churn)
Unknown,Simran,0,0.0,Safe (Not Churn)
Unknown,Priya,0,0.0,Safe (Not Churn)
C5142,Priya,0,0.01,Safe (Not Churn)
5143,Ankit,0,0.01,Safe (Not Churn)
C5144,Priya,0,0.01,Safe (Not Churn)
5145,Rahul,0,0.02,Safe (Not Churn)
Unknown,Pooja,0,0.25,Safe (Not Churn)
5147,Kiran,0,0.17,Safe (Not Churn)
5148,Kiran,0,0.02,Safe (Not Churn)
5149,Unknown,0,0.0,Safe (Not Churn)
C5150,Priya,0,0.01,Safe (Not Churn)
5151,Ankit,0,0.02,Safe (Not Churn)
5152,Ankit,0,0.0,Safe (Not Churn)
5153,Rahul,0,0.0,Safe (Not Churn)
5154,Sneha,0,0.02,Safe (Not Churn)
C5155,Ravi,0,0.04,Safe (Not Churn)
5156,Unknown,0,0.01,Safe (Not Churn)
5157,Simran,0,0.03,Safe (Not Churn)
5158,Amit,0,0.02,Safe (Not Churn)
C5159,Priya,0,0.03,Safe (Not Churn)
C5160,Sneha,1,0.88,Risk (Churn)
5161,Rahul,1,0.95,Risk (Churn)
5162,Unknown,0,0.07,Safe (Not Churn)
5163,Unknown,0,0.0,Safe (Not Churn)
C5164,Priya,0,0.07,Safe (Not Churn)
5165,Unknown,1,0.96,Risk (Churn)
C5166,Amit,0,0.08,Safe (Not Churn)
5167,Simran,1,0.84,Risk (Churn)
5168,Sneha,0,0.0,Safe (Not Churn)
C5169,Pooja,1,0.95,Risk (Churn)
Unknown,Amit,0,0.01,Safe (Not Churn)
C5171,Ravi,1,1.0,Risk (Churn)
5172,Ravi,0,0.03,Safe (Not Churn)
Unknown,Sneha,0,0.35,Safe (Not Churn)
5174,Pooja,0,0.41,Safe (Not Churn)
5175,Ankit,0,0.01,Safe (Not Churn)
C5176,Unknown,0,0.03,Safe (Not Churn)
5177,Unknown,0,0.07,Safe (Not Churn)
5178,Unknown,1,0.94,Risk (Churn)
Unknown,Kiran,0,0.03,Safe (Not Churn)
5180,Sneha,0,0.01,Safe (Not Churn)
5181,Rahul,1,0.93,Risk (Churn)
5182,Neha,0,0.0,Safe (Not Churn)
5183,Sneha,0,0.01,Safe (Not Churn)
5184,Rahul,0,0.05,Safe (Not Churn)
5185,Sneha,0,0.05,Safe (Not Churn)
5186,Neha,0,0.02,Safe (Not Churn)
5187,Ravi,0,0.0,Safe (Not Churn)
5188,Priya,0,0.02,Safe (Not Churn)
5189,Priya,0,0.0,Safe (Not Churn)
Unknown,Amit,0,0.0,Safe (Not Churn)
5191,Priya,0,0.01,Safe (Not Churn)
Unknown,Unknown,0,0.01,Safe (Not Churn)
Unknown,Unknown,0,0.03,Safe (Not Churn)
C5194,Unknown,0,0.0,Safe (Not Churn)
Unknown,Unknown,0,0.02,Safe (Not Churn)
Unknown,Sneha,0,0.03,Safe (Not Churn)
5197,Ravi,0,0.02,Safe (Not Churn)
Unknown,Simran,1,0.98,Risk (Churn)
5199,Ravi,0,0.01,Safe (Not Churn)
5200,Amit,0,0.01,Safe (Not Churn)
5201,Neha,0,0.01,Safe (Not Churn)
5202,Kiran,0,0.0,Safe (Not Churn)
Unknown,Kiran,0,0.01,Safe (Not Churn)
Unknown,Rahul,0,0.01,Safe (Not Churn)
C5205,Pooja,0,0.06,Safe (Not Churn)
5206,Priya,0,0.01,Safe (Not Churn)
5207,Unknown,0,0.0,Safe (Not Churn)
C5208,Pooja,0,0.04,Safe (Not Churn)
5209,Ankit,0,0.05,Safe (Not Churn)
5210,Simran,0,0.01,Safe (Not Churn)
Unknown,Unknown,0,0.03,Safe (Not Churn)
C5212,Rahul,0,0.02,Safe (Not Churn)
C5213,Kiran,0,0.01,Safe (Not Churn)
C5214,Ankit,0,0.05,Safe (Not Churn)
5215,Unknown,0,0.05,Safe (Not Churn)
C5216,Ankit,1,0.95,Risk (Churn)
5217,Rahul,0,0.0,Safe (Not Churn)
C5218,Pooja,0,0.04,Safe (Not Churn)
C5219,Unknown,0,0.02,Safe (Not Churn)
5220,Amit,0,0.01,Safe (Not Churn)
5221,Priya,0,0.01,Safe (Not Churn)
5222,Unknown,0,0.03,Safe (Not Churn)
5223,Ravi,0,0.0,Safe (Not Churn)
5224,Unknown,0,0.0,Safe (Not Churn)
C5225,Rahul,0,0.01,Safe (Not Churn)
C5226,Rahul,0,0.01,Safe (Not Churn)
5227,Pooja,0,0.02,Safe (Not Churn)
Unknown,Priya,1,0.98,Risk (Churn)
C5229,Unknown,1,0.95,Risk (Churn)
5230,Rahul,0,0.01,Safe (Not Churn)
Unknown,Priya,0,0.03,Safe (Not Churn)
Unknown,Sneha,0,0.01,Safe (Not Churn)
C5233,Priya,0,0.0,Safe (Not Churn)
Unknown,Neha,0,0.0,Safe (Not Churn)
Unknown,Ankit,0,0.04,Safe (Not Churn)
C5236,Kiran,1,0.6,Risk (Churn)
Unknown,Unknown,0,0.02,Safe (Not Churn)
5238,Kiran,0,0.02,Safe (Not Churn)
5239,Pooja,1,0.61,Risk (Churn)
C5240,Neha,0,0.01,Safe (Not Churn)
Unknown,Unknown,0,0.04,Safe (Not Churn)
5242,Unknown,0,0.07,Safe (Not Churn)
C5243,Priya,0,0.03,Safe (Not Churn)
C5244,Pooja,0,0.0,Safe (Not Churn)
5245,Kiran,0,0.03,Safe (Not Churn)
C5246,Sneha,0,0.0,Safe (Not Churn)
5247,Sneha,0,0.01,Safe (Not Churn)
5248,Kiran,0,0.01,Safe (Not Churn)
5249,Unknown,1,0.88,Risk (Churn)
Unknown,Ravi,0,0.0,Safe (Not Churn)
C5251,Ankit,0,0.02,Safe (Not Churn)
5252,Unknown,1,0.92,Risk (Churn)
5253,Priya,0,0.02,Safe (Not Churn)
5254,Neha,0,0.05,Safe (Not Churn)
Unknown,Pooja,0,0.04,Safe (Not Churn)
5256,Simran,0,0.01,Safe (Not Churn)
5257,Rahul,0,0.04,Safe (Not Churn)
Unknown,Unknown,0,0.12,Safe (Not Churn)
Unknown,Rahul,0,0.0,Safe (Not Churn)
Unknown,Priya,0,0.03,Safe (Not Churn)
5261,Rahul,0,0.03,Safe (Not Churn)
5262,Ravi,0,0.01,Safe (Not Churn)
5263,Kiran,0,0.03,Safe (Not Churn)
5264,Unknown,0,0.05,Safe (Not Churn)
C5265,Pooja,0,0.02,Safe (Not Churn)
C5266,Ankit,0,0.04,Safe (Not Churn)
Unknown,Pooja,0,0.05,Safe (Not Churn)
C5268,Kiran,0,0.01,Safe (Not Churn)
5269,Ankit,0,0.02,Safe (Not Churn)
5270,Ankit,0,0.02,Safe (Not Churn)
C5271,Ankit,1,0.99,Risk (Churn)
5272,Rahul,0,0.02,Safe (Not Churn)
Unknown,Sneha,1,0.92,Risk (Churn)
5274,Simran,1,0.97,Risk (Churn)
5275,Ravi,0,0.07,Safe (Not Churn)
Unknown,Ravi,0,0.02,Safe (Not Churn)
5277,Unknown,0,0.02,Safe (Not Churn)
5278,Amit,0,0.02,Safe (Not Churn)
5279,Amit,0,0.03,Safe (Not Churn)
Unknown,Kiran,0,0.03,Safe (Not Churn)
5281,Ravi,0,0.04,Safe (Not Churn)
5282,Neha,1,0.96,Risk (Churn)
5283,Ravi,0,0.01,Safe (Not Churn)
Unknown,Unknown,0,0.06,Safe (Not Churn)
Unknown,Ravi,1,0.98,Risk (Churn)
C5286,Ankit,1,0.92,Risk (Churn)
5287,Simran,0,0.06,Safe (Not Churn)
C5288,Neha,0,0.08,Safe (Not Churn)
Unknown,Pooja,1,1.0,Risk (Churn)
5290,Rahul,1,0.98,Risk (Churn)
Unknown,Rahul,0,0.01,Safe (Not Churn)
Unknown,Unknown,0,0.08,Safe (Not Churn)
Unknown,Amit,0,0.04,Safe (Not Churn)
Unknown,Kiran,0,0.45,Safe (Not Churn)
5295,Kiran,0,0.02,Safe (Not Churn)
C5296,Rahul,0,0.01,Safe (Not Churn)
5297,Sneha,0,0.01,Safe (Not Churn)
C5298,Ankit,0,0.0,Safe (Not Churn)
C5299,Unknown,1,0.99,Risk (Churn)
C5300,Ankit,0,0.03,Safe (Not Churn)
5301,Unknown,0,0.0,Safe (Not Churn)
C5302,Kiran,1,0.71,Risk (Churn)
Unknown,Simran,0,0.39,Safe (Not Churn)
C5304,Simran,0,0.01,Safe (Not Churn)
C5305,Simran,1,0.98,Risk (Churn)
5306,Kiran,0,0.05,Safe (Not Churn)
5307,Sneha,0,0.03,Safe (Not Churn)
Unknown,Unknown,0,0.03,Safe (Not Churn)
5309,Simran,0,0.01,Safe (Not Churn)
C5310,Ravi,0,0.02,Safe (Not Churn)
5311,Rahul,0,0.02,Safe (Not Churn)
5312,Amit,0,0.08,Safe (Not Churn)
Unknown,Neha,0,0.04,Safe (Not Churn)
Unknown,Amit,0,0.09,Safe (Not Churn)
5315,Ankit,0,0.01,Safe (Not Churn)
5316,Neha,0,0.01,Safe (Not Churn)
5317,Kiran,0,0.04,Safe (Not Churn)
C5318,Rahul,0,0.05,Safe (Not Churn)
5319,Simran,0,0.01,Safe (Not Churn)
5320,Ankit,0,0.0,Safe (Not Churn)
5321,Kiran,0,0.02,Safe (Not Churn)
5322,Pooja,0,0.05,Safe (Not Churn)
5323,Simran,0,0.02,Safe (Not Churn)
Unknown,Amit,0,0.04,Safe (Not Churn)
5325,Rahul,1,0.97,Risk (Churn)
Unknown,Pooja,0,0.08,Safe (Not Churn)
5327,Simran,0,0.03,Safe (Not Churn)
5328,Pooja,0,0.0,Safe (Not Churn)
C5329,Priya,0,0.04,Safe (Not Churn)
5330,Priya,0,0.0,Safe (Not Churn)
C5331,Kiran,0,0.0,Safe (Not Churn)
5332,Neha,0,0.02,Safe (Not Churn)
5333,Amit,0,0.03,Safe (Not Churn)
Unknown,Rahul,0,0.05,Safe (Not Churn)
5335,Simran,1,0.94,Risk (Churn)
5336,Ankit,1,0.88,Risk (Churn)
Unknown,Ravi,1,0.99,Risk (Churn)
C5338,Priya,0,0.07,Safe (Not Churn)
Unknown,Priya,0,0.05,Safe (Not Churn)
C5340,Simran,0,0.4,Safe (Not Churn)
Unknown,Ankit,0,0.18,Safe (Not Churn)
5342,Amit,0,0.03,Safe (Not Churn)
5343,Unknown,1,0.91,Risk (Churn)
C5344,Unknown,0,0.0,Safe (Not Churn)
5345,Ravi,0,0.17,Safe (Not Churn)
C5346,Neha,0,0.01,Safe (Not Churn)
5347,Priya,0,0.09,Safe (Not Churn)
5348,Priya,0,0.05,Safe (Not Churn)
C5349,Rahul,0,0.0,Safe (Not Churn)
C5350,Simran,0,0.03,Safe (Not Churn)
5351,Priya,0,0.04,Safe (Not Churn)
5352,Amit,1,0.97,Risk (Churn)
5353,Priya,1,0.91,Risk (Churn)
Unknown,Neha,0,0.01,Safe (Not Churn)
Unknown,Unknown,0,0.01,Safe (Not Churn)
C5356,Unknown,0,0.01,Safe (Not Churn)
C5357,Ravi,0,0.01,Safe (Not Churn)
Unknown,Unknown,0,0.05,Safe (Not Churn)
5359,Priya,1,1.0,Risk (Churn)
5360,Kiran,1,0.95,Risk (Churn)
5361,Rahul,0,0.02,Safe (Not Churn)
5362,Unknown,0,0.02,Safe (Not Churn)
C5363,Sneha,0,0.02,Safe (Not Churn)
5364,Rahul,0,0.02,Safe (Not Churn)
Unknown,Pooja,0,0.01,Safe (Not Churn)
C5366,Ankit,0,0.09,Safe (Not Churn)
C5367,Ravi,1,0.95,Risk (Churn)
Unknown,Unknown,1,0.97,Risk (Churn)
5369,Unknown,1,0.81,Risk (Churn)
C5370,Unknown,0,0.05,Safe (Not Churn)
5371,Unknown,0,0.0,Safe (Not Churn)
5372,Unknown,0,0.05,Safe (Not Churn)
5373,Unknown,0,0.05,Safe (Not Churn)
5374,Neha,0,0.0,Safe (Not Churn)
5375,Ankit,0,0.01,Safe (Not Churn)
5376,Priya,0,0.04,Safe (Not Churn)
Unknown,Ankit,0,0.02,Safe (Not Churn)
Unknown,Sneha,0,0.01,Safe (Not Churn)
5379,Simran,1,0.9,Risk (Churn)
Unknown,Ankit,0,0.01,Safe (Not Churn)
C5381,Neha,0,0.03,Safe (Not Churn)
C5382,Ravi,1,0.99,Risk (Churn)
5383,Unknown,1,0.96,Risk (Churn)
5384,Simran,1,0.55,Risk (Churn)
Unknown,Amit,0,0.02,Safe (Not Churn)
5386,Priya,0,0.02,Safe (Not Churn)
5387,Ravi,0,0.02,Safe (Not Churn)
C5388,Sneha,0,0.08,Safe (Not Churn)
Unknown,Unknown,1,0.99,Risk (Churn)
5390,Neha,1,0.97,Risk (Churn)
C5391,Unknown,0,0.03,Safe (Not Churn)
5392,Ravi,0,0.0,Safe (Not Churn)
5393,Unknown,0,0.02,Safe (Not Churn)
5394,Ankit,1,0.96,Risk (Churn)
C5395,Ravi,0,0.01,Safe (Not Churn)
Unknown,Sneha,0,0.01,Safe (Not Churn)
5397,Amit,0,0.0,Safe (Not Churn)
5398,Ankit,0,0.02,Safe (Not Churn)
5399,Unknown,0,0.02,Safe (Not Churn)
5400,Ankit,0,0.06,Safe (Not Churn)
5401,Unknown,0,0.07,Safe (Not Churn)
5402,Pooja,0,0.01,Safe (Not Churn)
5403,Rahul,0,0.01,Safe (Not Churn)
5404,Sneha,0,0.02,Safe (Not Churn)
5405,Simran,0,0.02,Safe (Not Churn)
Unknown,Unknown,0,0.03,Safe (Not Churn)
Unknown,Neha,0,0.03,Safe (Not Churn)
5408,Simran,0,0.02,Safe (Not Churn)
Unknown,Amit,0,0.0,Safe (Not Churn)
C5410,Unknown,0,0.02,Safe (Not Churn)
5411,Priya,1,0.84,Risk (Churn)
C5412,Ankit,0,0.07,Safe (Not Churn)
Unknown,Simran,0,0.01,Safe (Not Churn)
5414,Rahul,0,0.01,Safe (Not Churn)
C5415,Rahul,0,0.41,Safe (Not Churn)
C5416,Ravi,1,0.87,Risk (Churn)
5417,Rahul,1,0.91,Risk (Churn)
5418,Pooja,0,0.0,Safe (Not Churn)
5419,Ankit,0,0.0,Safe (Not Churn)
Unknown,Kiran,0,0.02,Safe (Not Churn)
Unknown,Amit,0,0.02,Safe (Not Churn)
5422,Kiran,0,0.01,Safe (Not Churn)
5423,Kiran,0,0.02,Safe (Not Churn)
5424,Ravi,0,0.02,Safe (Not Churn)
5425,Ankit,0,0.13,Safe (Not Churn)
5426,Unknown,0,0.01,Safe (Not Churn)
C5427,Simran,1,0.97,Risk (Churn)
5428,Unknown,0,0.01,Safe (Not Churn)
5429,Priya,0,0.05,Safe (Not Churn)
5430,Neha,0,0.0,Safe (Not Churn)
Unknown,Sneha,0,0.08,Safe (Not Churn)
5432,Unknown,0,0.07,Safe (Not Churn)
Unknown,Ankit,0,0.04,Safe (Not Churn)
C5434,Amit,0,0.04,Safe (Not Churn)
C5435,Priya,0,0.02,Safe (Not Churn)
C5436,Unknown,0,0.07,Safe (Not Churn)
Unknown,Sneha,0,0.02,Safe (Not Churn)
5438,Pooja,0,0.03,Safe (Not Churn)
5439,Sneha,0,0.2,Safe (Not Churn)
5440,Ankit,0,0.05,Safe (Not Churn)
C5441,Kiran,0,0.03,Safe (Not Churn)
C5442,Ankit,0,0.06,Safe (Not Churn)
5443,Ravi,1,0.97,Risk (Churn)
5444,Ankit,0,0.06,Safe (Not Churn)
5445,Simran,0,0.0,Safe (Not Churn)
Unknown,Ankit,0,0.01,Safe (Not Churn)
5447,Ravi,0,0.08,Safe (Not Churn)
5448,Ankit,0,0.02,Safe (Not Churn)
5449,Unknown,0,0.02,Safe (Not Churn)
5450,Ravi,1,0.96,Risk (Churn)
Unknown,Ankit,0,0.12,Safe (Not Churn)
C5452,Neha,0,0.02,Safe (Not Churn)
5453,Kiran,0,0.01,Safe (Not Churn)
5454,Ravi,1,0.93,Risk (Churn)
5455,Unknown,0,0.01,Safe (Not Churn)
Unknown,Pooja,0,0.07,Safe (Not Churn)
C5457,Pooja,0,0.05,Safe (Not Churn)
5458,Amit,0,0.02,Safe (Not Churn)
5459,Ravi,0,0.04,Safe (Not Churn)
5460,Rahul,1,0.92,Risk (Churn)
Unknown,Unknown,0,0.06,Safe (Not Churn)
Unknown,Amit,0,0.04,Safe (Not Churn)
5463,Sneha,0,0.04,Safe (Not Churn)
5464,Amit,0,0.04,Safe (Not Churn)
5465,Amit,1,0.99,Risk (Churn)
Unknown,Ankit,0,0.13,Safe (Not Churn)
5467,Rahul,0,0.02,Safe (Not Churn)
Unknown,Sneha,1,0.97,Risk (Churn)
5469,Ankit,0,0.01,Safe (Not Churn)
C5470,Neha,0,0.06,Safe (Not Churn)
C5471,Unknown,0,0.0,Safe (Not Churn)
5472,Unknown,0,0.03,Safe (Not Churn)
5473,Simran,1,0.99,Risk (Churn)
5474,Simran,1,0.97,Risk (Churn)
Unknown,Unknown,0,0.42,Safe (Not Churn)
5476,Simran,0,0.0,Safe (Not Churn)
Unknown,Kiran,0,0.04,Safe (Not Churn)
5478,Neha,0,0.01,Safe (Not Churn)
Unknown,Pooja,1,1.0,Risk (Churn)
5480,Priya,0,0.03,Safe (Not Churn)
5481,Amit,0,0.04,Safe (Not Churn)
5482,Priya,0,0.0,Safe (Not Churn)
5483,Neha,0,0.02,Safe (Not Churn)
5484,Amit,0,0.02,Safe (Not Churn)
Unknown,Ankit,0,0.02,Safe (Not Churn)
5486,Rahul,1,0.89,Risk (Churn)
5487,Unknown,0,0.24,Safe (Not Churn)
Unknown,Unknown,1,0.97,Risk (Churn)
Unknown,Priya,0,0.0,Safe (Not Churn)
C5490,Unknown,0,0.0,Safe (Not Churn)
C5491,Simran,0,0.05,Safe (Not Churn)
C5492,Sneha,0,0.02,Safe (Not Churn)
5493,Ravi,1,0.99,Risk (Churn)
C5494,Rahul,0,0.06,Safe (Not Churn)
5495,Unknown,0,0.06,Safe (Not Churn)
5496,Unknown,0,0.01,Safe (Not Churn)
C5497,Priya,0,0.03,Safe (Not Churn)
5498,Ankit,0,0.0,Safe (Not Churn)
C5499,Priya,0,0.0,Safe (Not Churn)
Unknown,Amit,0,0.02,Safe (Not Churn)
Unknown,Sneha,0,0.06,Safe (Not Churn)
C5502,Sneha,0,0.06,Safe (Not Churn)
C5503,Priya,0,0.03,Safe (Not Churn)
Unknown,Kiran,0,0.02,Safe (Not Churn)
C5505,Unknown,1,0.97,Risk (Churn)
Unknown,Unknown,0,0.01,Safe (Not Churn)
5507,Rahul,0,0.03,Safe (Not Churn)
C5508,Amit,0,0.12,Safe (Not Churn)
C5509,Priya,0,0.02,Safe (Not Churn)
5510,Pooja,1,0.99,Risk (Churn)
5511,Sneha,1,0.95,Risk (Churn)
Unknown,Sneha,0,0.06,Safe (Not Churn)
5513,Simran,0,0.02,Safe (Not Churn)
5514,Kiran,0,0.03,Safe (Not Churn)
C5515,Ravi,0,0.01,Safe (Not Churn)
5516,Priya,0,0.01,Safe (Not Churn)
5517,Sneha,0,0.0,Safe (Not Churn)
C5518,Sneha,0,0.01,Safe (Not Churn)
5519,Rahul,0,0.03,Safe (Not Churn)
5520,Rahul,0,0.01,Safe (Not Churn)
5521,Unknown,0,0.07,Safe (Not Churn)
Unknown,Ravi,1,0.96,Risk (Churn)
5523,Kiran,0,0.05,Safe (Not Churn)
Unknown,Amit,0,0.02,Safe (Not Churn)
C5525,Ankit,0,0.07,Safe (Not Churn)
C5526,Unknown,0,0.48,Safe (Not Churn)
C5527,Amit,0,0.03,Safe (Not Churn)
Unknown,Unknown,0,0.0,Safe (Not Churn)
5529,Neha,0,0.01,Safe (Not Churn)
5530,Priya,0,0.01,Safe (Not Churn)
Unknown,Priya,0,0.0,Safe (Not Churn)
5532,Rahul,0,0.0,Safe (Not Churn)
C5533,Pooja,0,0.03,Safe (Not Churn)
Unknown,Unknown,0,0.18,Safe (Not Churn)
5535,Sneha,0,0.01,Safe (Not Churn)
Unknown,Sneha,0,0.05,Safe (Not Churn)
5537,Ravi,0,0.01,Safe (Not Churn)
C5538,Priya,0,0.06,Safe (Not Churn)
5539,Neha,1,0.96,Risk (Churn)
C5540,Rahul,1,0.97,Risk (Churn)
C5541,Pooja,0,0.02,Safe (Not Churn)
5542,Neha,0,0.0,Safe (Not Churn)
5543,Rahul,1,0.98,Risk (Churn)
Unknown,Unknown,1,0.93,Risk (Churn)
5545,Unknown,0,0.0,Safe (Not Churn)
5546,Sneha,0,0.01,Safe (Not Churn)
5547,Unknown,0,0.01,Safe (Not Churn)
Unknown,Amit,1,0.67,Risk (Churn)
Unknown,Rahul,1,0.98,Risk (Churn)
C5550,Unknown,1,0.99,Risk (Churn)
5551,Unknown,0,0.01,Safe (Not Churn)
5552,Rahul,0,0.01,Safe (Not Churn)
5553,Neha,0,0.03,Safe (Not Churn)
5554,Neha,0,0.04,Safe (Not Churn)
Unknown,Ravi,0,0.02,Safe (Not Churn)
5556,Unknown,0,0.02,Safe (Not Churn)
5557,Unknown,1,0.98,Risk (Churn)
Unknown,Ravi,0,0.01,Safe (Not Churn)
Unknown,Amit,0,0.02,Safe (Not Churn)
C5560,Ravi,0,0.05,Safe (Not Churn)
5561,Rahul,1,0.92,Risk (Churn)
5562,Unknown,0,0.03,Safe (Not Churn)
5563,Unknown,0,0.0,Safe (Not Churn)
5564,Sneha,0,0.0,Safe (Not Churn)
5565,Unknown,0,0.04,Safe (Not Churn)
C5566,Rahul,0,0.41,Safe (Not Churn)
5567,Unknown,0,0.02,Safe (Not Churn)
5568,Priya,0,0.05,Safe (Not Churn)
5569,Amit,0,0.0,Safe (Not Churn)
5570,Ravi,1,0.86,Risk (Churn)
5571,Priya,0,0.01,Safe (Not Churn)
Unknown,Sneha,0,0.02,Safe (Not Churn)
5573,Rahul,0,0.07,Safe (Not Churn)
C5574,Sneha,0,0.03,Safe (Not Churn)
C5575,Rahul,0,0.04,Safe (Not Churn)
C5576,Unknown,0,0.03,Safe (Not Churn)
5577,Ravi,0,0.02,Safe (Not Churn)
5578,Kiran,0,0.01,Safe (Not Churn)
5579,Unknown,0,0.05,Safe (Not Churn)
5580,Unknown,0,0.02,Safe (Not Churn)
5581,Ankit,1,0.53,Risk (Churn)
C5582,Unknown,0,0.05,Safe (Not Churn)
5583,Ravi,0,0.06,Safe (Not Churn)
5584,Neha,1,0.97,Risk (Churn)
Unknown,Kiran,0,0.02,Safe (Not Churn)
5586,Pooja,0,0.06,Safe (Not Churn)
5587,Pooja,0,0.03,Safe (Not Churn)
5588,Amit,0,0.03,Safe (Not Churn)
Unknown,Priya,0,0.0,Safe (Not Churn)
C5590,Sneha,1,0.92,Risk (Churn)
C5591,Kiran,0,0.04,Safe (Not Churn)
5592,Sneha,0,0.02,Safe (Not Churn)
5593,Sneha,1,0.83,Risk (Churn)
5594,Neha,0,0.03,Safe (Not Churn)
5595,Sneha,0,0.01,Safe (Not Churn)
C5596,Ravi,0,0.06,Safe (Not Churn)
5597,Unknown,0,0.0,Safe (Not Churn)
5598,Sneha,0,0.05,Safe (Not Churn)
5599,Rahul,0,0.05,Safe (Not Churn)
Unknown,Unknown,0,0.09,Safe (Not Churn)
Unknown,Ravi,0,0.03,Safe (Not Churn)
Unknown,Ravi,0,0.0,Safe (Not Churn)
Unknown,Priya,0,0.04,Safe (Not Churn)
C5604,Sneha,0,0.01,Safe (Not Churn)
Unknown,Sneha,1,0.6,Risk (Churn)
5606,Ankit,0,0.01,Safe (Not Churn)
5607,Priya,0,0.06,Safe (Not Churn)
5608,Kiran,1,0.95,Risk (Churn)
5609,Neha,1,0.96,Risk (Churn)
5610,Ankit,0,0.0,Safe (Not Churn)
5611,Pooja,0,0.03,Safe (Not Churn)
C5612,Ravi,0,0.15,Safe (Not Churn)
C5613,Kiran,0,0.01,Safe (Not Churn)
5614,Ankit,0,0.01,Safe (Not Churn)
C5615,Kiran,0,0.25,Safe (Not Churn)
Unknown,Simran,0,0.02,Safe (Not Churn)
C5617,Unknown,0,0.04,Safe (Not Churn)
5618,Priya,0,0.04,Safe (Not Churn)
5619,Sneha,0,0.01,Safe (Not Churn)
5620,Rahul,0,0.0,Safe (Not Churn)
C5621,Unknown,0,0.04,Safe (Not Churn)
C5622,Rahul,0,0.14,Safe (Not Churn)
C5623,Kiran,0,0.02,Safe (Not Churn)
C5624,Rahul,1,0.97,Risk (Churn)
Unknown,Neha,0,0.42,Safe (Not Churn)
5626,Unknown,1,0.93,Risk (Churn)
Unknown,Ravi,1,0.94,Risk (Churn)
5628,Ravi,0,0.01,Safe (Not Churn)
5629,Unknown,0,0.07,Safe (Not Churn)
5630,Ravi,1,0.99,Risk (Churn)
5631,Simran,1,0.96,Risk (Churn)
5632,Ankit,1,0.96,Risk (Churn)
C5633,Unknown,0,0.01,Safe (Not Churn)
5634,Sneha,1,0.95,Risk (Churn)
C5635,Simran,0,0.02,Safe (Not Churn)
5636,Pooja,1,0.98,Risk (Churn)
5637,Rahul,0,0.03,Safe (Not Churn)
5638,Sneha,0,0.0,Safe (Not Churn)
5639,Amit,0,0.46,Safe (Not Churn)
C5640,Pooja,1,0.73,Risk (Churn)
Unknown,Kiran,1,0.98,Risk (Churn)
C5642,Rahul,0,0.01,Safe (Not Churn)
5643,Simran,0,0.02,Safe (Not Churn)
5644,Sneha,0,0.0,Safe (Not Churn)
Unknown,Neha,0,0.01,Safe (Not Churn)
C5646,Kiran,1,0.99,Risk (Churn)
Unknown,Pooja,0,0.04,Safe (Not Churn)
5648,Kiran,1,0.91,Risk (Churn)
C5649,Ravi,0,0.03,Safe (Not Churn)
5650,Ankit,0,0.01,Safe (Not Churn)
Unknown,Rahul,0,0.0,Safe (Not Churn)
C5652,Amit,0,0.0,Safe (Not Churn)
5653,Pooja,1,0.97,Risk (Churn)
5654,Ravi,0,0.02,Safe (Not Churn)
C5655,Amit,0,0.03,Safe (Not Churn)
Unknown,Ravi,0,0.05,Safe (Not Churn)
5657,Pooja,0,0.01,Safe (Not Churn)
5658,Sneha,0,0.02,Safe (Not Churn)
5659,Pooja,0,0.0,Safe (Not Churn)
C5660,Pooja,0,0.11,Safe (Not Churn)
5661,Priya,1,0.98,Risk (Churn)
Unknown,Ravi,0,0.0,Safe (Not Churn)
5663,Unknown,1,0.98,Risk (Churn)
5664,Rahul,0,0.01,Safe (Not Churn)
5665,Rahul,0,0.02,Safe (Not Churn)
Unknown,Ankit,0,0.05,Safe (Not Churn)
5667,Ankit,0,0.02,Safe (Not Churn)
C5668,Sneha,0,0.13,Safe (Not Churn)
5669,Sneha,0,0.02,Safe (Not Churn)
5670,Pooja,0,0.03,Safe (Not Churn)
5671,Simran,0,0.02,Safe (Not Churn)
5672,Kiran,0,0.01,Safe (Not Churn)
C5673,Unknown,0,0.02,Safe (Not Churn)
C5674,Neha,1,0.93,Risk (Churn)
C5675,Sneha,0,0.06,Safe (Not Churn)
C5676,Neha,0,0.36,Safe (Not Churn)
5677,Sneha,0,0.0,Safe (Not Churn)
Unknown,Amit,0,0.01,Safe (Not Churn)
5679,Simran,0,0.1,Safe (Not Churn)
Unknown,Pooja,1,0.99,Risk (Churn)
C5681,Simran,1,0.96,Risk (Churn)
Unknown,Amit,0,0.02,Safe (Not Churn)
C5683,Unknown,0,0.03,Safe (Not Churn)
5684,Amit,0,0.02,Safe (Not Churn)
5685,Pooja,0,0.04,Safe (Not Churn)
5686,Amit,0,0.03,Safe (Not Churn)
5687,Unknown,1,0.97,Risk (Churn)
5688,Rahul,0,0.01,Safe (Not Churn)
C5689,Sneha,0,0.03,Safe (Not Churn)
C5690,Ravi,0,0.01,Safe (Not Churn)
Unknown,Unknown,0,0.16,Safe (Not Churn)
5692,Rahul,0,0.0,Safe (Not Churn)
C5693,Unknown,0,0.06,Safe (Not Churn)
Unknown,Rahul,1,0.99,Risk (Churn)
5695,Priya,0,0.0,Safe (Not Churn)
5696,Unknown,0,0.04,Safe (Not Churn)
5697,Unknown,0,0.09,Safe (Not Churn)
Unknown,Unknown,0,0.02,Safe (Not Churn)
C5699,Kiran,0,0.06,Safe (Not Churn)
C5700,Sneha,0,0.02,Safe (Not Churn)
C5701,Amit,0,0.01,Safe (Not Churn)
5702,Sneha,0,0.02,Safe (Not Churn)
5703,Ankit,0,0.03,Safe (Not Churn)
C5704,Rahul,0,0.02,Safe (Not Churn)
5705,Neha,1,0.82,Risk (Churn)
Unknown,Neha,1,1.0,Risk (Churn)
5707,Pooja,0,0.01,Safe (Not Churn)
5708,Unknown,1,0.96,Risk (Churn)
5709,Ravi,0,0.01,Safe (Not Churn)
C5710,Pooja,0,0.06,Safe (Not Churn)
Unknown,Rahul,0,0.03,Safe (Not Churn)
C5712,Rahul,0,0.01,Safe (Not Churn)
Unknown,Unknown,0,0.02,Safe (Not Churn)
5714,Ankit,0,0.03,Safe (Not Churn)
5715,Ravi,0,0.0,Safe (Not Churn)
Unknown,Neha,0,0.04,Safe (Not Churn)
5717,Rahul,0,0.03,Safe (Not Churn)
Unknown,Ankit,0,0.09,Safe (Not Churn)
5719,Priya,0,0.38,Safe (Not Churn)
5720,Kiran,0,0.0,Safe (Not Churn)
C5721,Ankit,0,0.02,Safe (Not Churn)
Unknown,Unknown,0,0.05,Safe (Not Churn)
Unknown,Simran,0,0.07,Safe (Not Churn)
5724,Amit,1,0.97,Risk (Churn)
5725,Sneha,0,0.0,Safe (Not Churn)
Unknown,Rahul,1,0.95,Risk (Churn)
Unknown,Rahul,0,0.06,Safe (Not Churn)
C5728,Kiran,1,0.99,Risk (Churn)
Unknown,Priya,0,0.03,Safe (Not Churn)
Unknown,Amit,0,0.01,Safe (Not Churn)
5731,Priya,0,0.01,Safe (Not Churn)
5732,Neha,0,0.02,Safe (Not Churn)
5733,Ankit,0,0.0,Safe (Not Churn)
5734,Unknown,0,0.0,Safe (Not Churn)
5735,Neha,0,0.05,Safe (Not Churn)
5736,Neha,0,0.01,Safe (Not Churn)
Unknown,Priya,0,0.0,Safe (Not Churn)
C5738,Unknown,0,0.01,Safe (Not Churn)
5739,Ravi,1,0.66,Risk (Churn)
5740,Neha,0,0.01,Safe (Not Churn)
5741,Rahul,1,0.91,Risk (Churn)
C5742,Unknown,0,0.03,Safe (Not Churn)
Unknown,Rahul,0,0.01,Safe (Not Churn)
C5744,Ravi,0,0.09,Safe (Not Churn)
Unknown,Unknown,0,0.01,Safe (Not Churn)
C5746,Simran,0,0.02,Safe (Not Churn)
Unknown,Sneha,0,0.04,Safe (Not Churn)
5748,Priya,1,0.98,Risk (Churn)
Unknown,Unknown,0,0.01,Safe (Not Churn)
Unknown,Rahul,0,0.01,Safe (Not Churn)
5751,Priya,0,0.01,Safe (Not Churn)
5752,Unknown,0,0.01,Safe (Not Churn)
5753,Amit,0,0.01,Safe (Not Churn)
5754,Rahul,0,0.0,Safe (Not Churn)
5755,Unknown,1,0.9,Risk (Churn)
Unknown,Pooja,0,0.06,Safe (Not Churn)
C5757,Sneha,0,0.01,Safe (Not Churn)
C5758,Sneha,0,0.01,Safe (Not Churn)
Unknown,Kiran,0,0.01,Safe (Not Churn)
C5760,Amit,0,0.04,Safe (Not Churn)
5761,Pooja,0,0.02,Safe (Not Churn)
5762,Kiran,0,0.07,Safe (Not Churn)
C5763,Priya,1,0.97,Risk (Churn)
C5764,Neha,0,0.01,Safe (Not Churn)
Unknown,Pooja,1,0.99,Risk (Churn)
C5766,Kiran,1,0.94,Risk (Churn)
Unknown,Rahul,0,0.01,Safe (Not Churn)
C5768,Simran,0,0.09,Safe (Not Churn)
5769,Sneha,0,0.0,Safe (Not Churn)
5770,Priya,1,0.96,Risk (Churn)
Unknown,Pooja,0,0.05,Safe (Not Churn)
Unknown,Rahul,0,0.0,Safe (Not Churn)
5773,Simran,0,0.03,Safe (Not Churn)
Unknown,Sneha,1,0.95,Risk (Churn)
5775,Neha,0,0.24,Safe (Not Churn)
Unknown,Simran,0,0.0,Safe (Not Churn)
5777,Pooja,0,0.04,Safe (Not Churn)
C5778,Unknown,0,0.02,Safe (Not Churn)
5779,Kiran,0,0.03,Safe (Not Churn)
Unknown,Ankit,1,0.89,Risk (Churn)
5781,Kiran,0,0.13,Safe (Not Churn)
Unknown,Simran,0,0.02,Safe (Not Churn)
Unknown,Amit,0,0.1,Safe (Not Churn)
5784,Ravi,0,0.02,Safe (Not Churn)
Unknown,Amit,0,0.43,Safe (Not Churn)
Unknown,Neha,0,0.01,Safe (Not Churn)
C5787,Rahul,0,0.07,Safe (Not Churn)
Unknown,Sneha,1,0.99,Risk (Churn)
Unknown,Kiran,0,0.02,Safe (Not Churn)
Unknown,Rahul,0,0.04,Safe (Not Churn)
C5791,Kiran,0,0.08,Safe (Not Churn)
Unknown,Amit,0,0.02,Safe (Not Churn)
Unknown,Neha,0,0.03,Safe (Not Churn)
5794,Ankit,0,0.0,Safe (Not Churn)
5795,Unknown,0,0.02,Safe (Not Churn)
5796,Neha,0,0.04,Safe (Not Churn)
C5797,Rahul,0,0.02,Safe (Not Churn)
C5798,Kiran,0,0.01,Safe (Not Churn)
5799,Sneha,0,0.03,Safe (Not Churn)
Unknown,Pooja,0,0.04,Safe (Not Churn)
5801,Kiran,1,0.92,Risk (Churn)
5802,Unknown,0,0.03,Safe (Not Churn)
5803,Kiran,0,0.01,Safe (Not Churn)
5804,Simran,1,0.78,Risk (Churn)
Unknown,Neha,0,0.0,Safe (Not Churn)
5806,Pooja,0,0.06,Safe (Not Churn)
C5807,Unknown,0,0.05,Safe (Not Churn)
Unknown,Sneha,0,0.02,Safe (Not Churn)
C5809,Rahul,0,0.01,Safe (Not Churn)
5810,Ravi,0,0.0,Safe (Not Churn)
5811,Unknown,0,0.04,Safe (Not Churn)
5812,Ankit,0,0.02,Safe (Not Churn)
Unknown,Priya,1,0.97,Risk (Churn)
5814,Rahul,0,0.02,Safe (Not Churn)
Unknown,Kiran,0,0.03,Safe (Not Churn)
Unknown,Kiran,0,0.0,Safe (Not Churn)
5817,Kiran,0,0.0,Safe (Not Churn)
5818,Sneha,0,0.06,Safe (Not Churn)
5819,Ravi,0,0.01,Safe (Not Churn)
Unknown,Pooja,0,0.04,Safe (Not Churn)
5821,Ankit,0,0.02,Safe (Not Churn)
C5822,Sneha,0,0.03,Safe (Not Churn)
5823,Ravi,0,0.07,Safe (Not Churn)
5824,Ravi,1,0.97,Risk (Churn)
Unknown,Pooja,1,0.97,Risk (Churn)
Unknown,Unknown,0,0.02,Safe (Not Churn)
C5827,Unknown,0,0.03,Safe (Not Churn)
Unknown,Ravi,0,0.05,Safe (Not Churn)
5829,Sneha,0,0.02,Safe (Not Churn)
C5830,Unknown,0,0.01,Safe (Not Churn)
Unknown,Ravi,0,0.01,Safe (Not Churn)
C5832,Simran,0,0.06,Safe (Not Churn)
5833,Unknown,0,0.03,Safe (Not Churn)
5834,Unknown,0,0.0,Safe (Not Churn)
C5835,Unknown,1,0.66,Risk (Churn)
5836,Pooja,0,0.02,Safe (Not Churn)
5837,Ravi,0,0.03,Safe (Not Churn)
Unknown,Unknown,1,1.0,Risk (Churn)
C5839,Rahul,0,0.05,Safe (Not Churn)
5840,Priya,0,0.05,Safe (Not Churn)
5841,Simran,0,0.02,Safe (Not Churn)
C5842,Priya,1,0.95,Risk (Churn)
C5843,Kiran,0,0.06,Safe (Not Churn)
5844,Simran,1,0.6,Risk (Churn)
C5845,Simran,0,0.03,Safe (Not Churn)
5846,Priya,0,0.0,Safe (Not Churn)
Unknown,Rahul,0,0.1,Safe (Not Churn)
Unknown,Amit,0,0.01,Safe (Not Churn)
5849,Kiran,0,0.05,Safe (Not Churn)
Unknown,Priya,0,0.02,Safe (Not Churn)
5851,Priya,1,0.95,Risk (Churn)
Unknown,Unknown,0,0.03,Safe (Not Churn)
Unknown,Kiran,0,0.02,Safe (Not Churn)
5854,Simran,0,0.01,Safe (Not Churn)
5855,Rahul,1,0.99,Risk (Churn)
C5856,Amit,0,0.04,Safe (Not Churn)
5857,Neha,0,0.04,Safe (Not Churn)
C5858,Pooja,0,0.34,Safe (Not Churn)
5859,Sneha,1,0.71,Risk (Churn)
Unknown,Unknown,0,0.03,Safe (Not Churn)
5861,Kiran,0,0.03,Safe (Not Churn)
Unknown,Rahul,1,0.98,Risk (Churn)
Unknown,Amit,0,0.34,Safe (Not Churn)
5864,Amit,0,0.01,Safe (Not Churn)
5865,Amit,0,0.01,Safe (Not Churn)
5866,Kiran,0,0.15,Safe (Not Churn)
5867,Rahul,0,0.03,Safe (Not Churn)
5868,Ankit,0,0.0,Safe (Not Churn)
Unknown,Sneha,0,0.05,Safe (Not Churn)
C5870,Ankit,0,0.03,Safe (Not Churn)
Unknown,Unknown,0,0.03,Safe (Not Churn)
C5872,Kiran,0,0.0,Safe (Not Churn)
Unknown,Neha,0,0.03,Safe (Not Churn)
5874,Priya,0,0.0,Safe (Not Churn)
Unknown,Simran,0,0.09,Safe (Not Churn)
Unknown,Unknown,0,0.04,Safe (Not Churn)
Unknown,Ankit,0,0.05,Safe (Not Churn)
5878,Unknown,0,0.04,Safe (Not Churn)
5879,Ravi,0,0.21,Safe (Not Churn)
5880,Unknown,0,0.01,Safe (Not Churn)
Unknown,Ankit,0,0.09,Safe (Not Churn)
C5882,Priya,0,0.04,Safe (Not Churn)
5883,Amit,0,0.01,Safe (Not Churn)
5884,Simran,0,0.06,Safe (Not Churn)
5885,Pooja,0,0.02,Safe (Not Churn)
Unknown,Ankit,0,0.05,Safe (Not Churn)
5887,Amit,0,0.04,Safe (Not Churn)
5888,Rahul,0,0.0,Safe (Not Churn)
5889,Neha,0,0.07,Safe (Not Churn)
C5890,Pooja,0,0.13,Safe (Not Churn)
5891,Amit,0,0.14,Safe (Not Churn)
C5892,Ankit,1,0.95,Risk (Churn)
Unknown,Sneha,0,0.01,Safe (Not Churn)
5894,Priya,0,0.0,Safe (Not Churn)
C5895,Rahul,0,0.01,Safe (Not Churn)
5896,Unknown,0,0.04,Safe (Not Churn)
C5897,Unknown,0,0.08,Safe (Not Churn)
Unknown,Sneha,0,0.02,Safe (Not Churn)
Unknown,Unknown,0,0.05,Safe (Not Churn)
Unknown,Sneha,0,0.01,Safe (Not Churn)
5901,Rahul,0,0.05,Safe (Not Churn)
C5902,Ankit,0,0.0,Safe (Not Churn)
5903,Priya,0,0.01,Safe (Not Churn)
Unknown,Unknown,0,0.03,Safe (Not Churn)
5905,Amit,0,0.02,Safe (Not Churn)
Unknown,Sneha,0,0.01,Safe (Not Churn)
Unknown,Sneha,0,0.04,Safe (Not Churn)
5908,Simran,0,0.0,Safe (Not Churn)
C5909,Kiran,0,0.15,Safe (Not Churn)
5910,Priya,1,0.91,Risk (Churn)
C5911,Rahul,0,0.05,Safe (Not Churn)
5912,Sneha,0,0.0,Safe (Not Churn)
C5913,Ravi,0,0.03,Safe (Not Churn)
5914,Unknown,0,0.14,Safe (Not Churn)
5915,Ankit,0,0.1,Safe (Not Churn)
5916,Unknown,1,0.8,Risk (Churn)
5917,Rahul,1,0.95,Risk (Churn)
C5918,Neha,0,0.04,Safe (Not Churn)
Unknown,Sneha,0,0.05,Safe (Not Churn)
5920,Rahul,0,0.0,Safe (Not Churn)
5921,Unknown,0,0.0,Safe (Not Churn)
Unknown,Pooja,1,0.99,Risk (Churn)
C5923,Neha,0,0.02,Safe (Not Churn)
C5924,Unknown,0,0.04,Safe (Not Churn)
Unknown,Ankit,0,0.07,Safe (Not Churn)
5926,Simran,0,0.03,Safe (Not Churn)
5927,Ankit,0,0.01,Safe (Not Churn)
C5928,Sneha,0,0.04,Safe (Not Churn)
5929,Amit,1,0.91,Risk (Churn)
Unknown,Pooja,0,0.07,Safe (Not Churn)
Unknown,Neha,0,0.02,Safe (Not Churn)
Unknown,Neha,1,0.99,Risk (Churn)
Unknown,Amit,0,0.02,Safe (Not Churn)
C5934,Unknown,1,0.99,Risk (Churn)
Unknown,Priya,0,0.07,Safe (Not Churn)
Unknown,Amit,0,0.02,Safe (Not Churn)
Unknown,Rahul,0,0.04,Safe (Not Churn)
Unknown,Unknown,1,0.95,Risk (Churn)
Unknown,Ravi,0,0.02,Safe (Not Churn)
Unknown,Neha,0,0.0,Safe (Not Churn)
5941,Amit,1,0.94,Risk (Churn)
5942,Unknown,0,0.01,Safe (Not Churn)
Unknown,Unknown,1,0.73,Risk (Churn)
Unknown,Rahul,1,0.97,Risk (Churn)
5945,Ravi,1,0.97,Risk (Churn)
C5946,Ankit,0,0.02,Safe (Not Churn)
5947,Unknown,0,0.02,Safe (Not Churn)
5948,Pooja,0,0.07,Safe (Not Churn)
5949,Priya,1,1.0,Risk (Churn)
C5950,Sneha,0,0.0,Safe (Not Churn)
Unknown,Priya,0,0.06,Safe (Not Churn)
5952,Simran,0,0.12,Safe (Not Churn)
Unknown,Amit,1,0.93,Risk (Churn)
C5954,Ravi,0,0.02,Safe (Not Churn)
C5955,Neha,1,0.61,Risk (Churn)
5956,Unknown,1,0.94,Risk (Churn)
C5957,Unknown,0,0.03,Safe (Not Churn)
C5958,Unknown,0,0.01,Safe (Not Churn)
5959,Sneha,1,0.96,Risk (Churn)
5960,Kiran,0,0.01,Safe (Not Churn)
5961,Priya,0,0.02,Safe (Not Churn)
5962,Kiran,0,0.0,Safe (Not Churn)
C5963,Priya,0,0.04,Safe (Not Churn)
Unknown,Sneha,0,0.0,Safe (Not Churn)
5965,Kiran,0,0.01,Safe (Not Churn)
C5966,Neha,1,0.95,Risk (Churn)
5967,Pooja,0,0.04,Safe (Not Churn)
5968,Amit,0,0.02,Safe (Not Churn)
5969,Amit,0,0.01,Safe (Not Churn)
Unknown,Amit,1,0.96,Risk (Churn)
C5971,Unknown,1,0.97,Risk (Churn)
C5972,Unknown,0,0.03,Safe (Not Churn)
5973,Kiran,0,0.01,Safe (Not Churn)
5974,Ravi,0,0.0,Safe (Not Churn)
Unknown,Rahul,0,0.05,Safe (Not Churn)
5976,Neha,0,0.03,Safe (Not Churn)
C5977,Simran,1,0.66,Risk (Churn)
5978,Pooja,0,0.02,Safe (Not Churn)
5979,Ravi,0,0.01,Safe (Not Churn)
C5980,Ravi,0,0.02,Safe (Not Churn)
C5981,Amit,0,0.06,Safe (Not Churn)
Unknown,Simran,1,0.51,Risk (Churn)
Unknown,Ankit,0,0.05,Safe (Not Churn)
C5984,Simran,1,0.59,Risk (Churn)
C5985,Sneha,1,0.97,Risk (Churn)
C5986,Ravi,1,0.51,Risk (Churn)
5987,Pooja,0,0.01,Safe (Not Churn)
5988,Sneha,1,0.88,Risk (Churn)
5989,Unknown,0,0.05,Safe (Not Churn)
C5990,Amit,0,0.0,Safe (Not Churn)
Unknown,Neha,1,0.71,Risk (Churn)
C5992,Ankit,0,0.02,Safe (Not Churn)
5993,Simran,0,0.01,Safe (Not Churn)
5994,Unknown,1,0.94,Risk (Churn)
Unknown,Rahul,0,0.07,Safe (Not Churn)
Unknown,Ankit,0,0.01,Safe (Not Churn)
5997,Ankit,1,1.0,Risk (Churn)
C5998,Sneha,0,0.05,Safe (Not Churn)
C5999,Sneha,0,0.03,Safe (Not Churn)
6000,Rahul,0,0.02,Safe (Not Churn)
Unknown,Unknown,0,0.05,Safe (Not Churn)
Unknown,Neha,0,0.03,Safe (Not Churn)
6003,Neha,0,0.21,Safe (Not Churn)
6004,Amit,1,0.86,Risk (Churn)
Unknown,Ravi,1,0.98,Risk (Churn)
C6006,Sneha,0,0.09,Safe (Not Churn)
C6007,Pooja,0,0.05,Safe (Not Churn)
C6008,Pooja,0,0.06,Safe (Not Churn)
6009,Unknown,0,0.06,Safe (Not Churn)
C6010,Rahul,0,0.08,Safe (Not Churn)
6011,Unknown,0,0.03,Safe (Not Churn)
C6012,Sneha,0,0.01,Safe (Not Churn)
6013,Ravi,0,0.04,Safe (Not Churn)
C6014,Rahul,0,0.03,Safe (Not Churn)
C6015,Sneha,1,0.99,Risk (Churn)
C6016,Kiran,0,0.01,Safe (Not Churn)
6017,Kiran,0,0.12,Safe (Not Churn)
6018,Ravi,0,0.01,Safe (Not Churn)
Unknown,Simran,0,0.01,Safe (Not Churn)
6020,Amit,0,0.01,Safe (Not Churn)
C6021,Sneha,0,0.01,Safe (Not Churn)
Unknown,Unknown,0,0.03,Safe (Not Churn)
6023,Rahul,0,0.04,Safe (Not Churn)
C6024,Priya,0,0.04,Safe (Not Churn)
C6025,Ankit,0,0.08,Safe (Not Churn)
C6026,Simran,0,0.04,Safe (Not Churn)
6027,Kiran,0,0.01,Safe (Not Churn)
Unknown,Unknown,0,0.0,Safe (Not Churn)
6029,Neha,0,0.0,Safe (Not Churn)
6030,Kiran,0,0.04,Safe (Not Churn)
C6031,Pooja,0,0.01,Safe (Not Churn)
6032,Priya,1,0.98,Risk (Churn)
Unknown,Unknown,0,0.12,Safe (Not Churn)
6034,Pooja,0,0.0,Safe (Not Churn)
6035,Ankit,0,0.05,Safe (Not Churn)
6036,Simran,0,0.05,Safe (Not Churn)
6037,Neha,0,0.0,Safe (Not Churn)
Unknown,Pooja,0,0.06,Safe (Not Churn)
Unknown,Unknown,1,0.92,Risk (Churn)
6040,Rahul,0,0.04,Safe (Not Churn)
Unknown,Priya,0,0.04,Safe (Not Churn)
C6042,Unknown,0,0.0,Safe (Not Churn)
6043,Unknown,0,0.04,Safe (Not Churn)
Unknown,Unknown,0,0.02,Safe (Not Churn)
6045,Rahul,0,0.01,Safe (Not Churn)
6046,Priya,0,0.04,Safe (Not Churn)
C6047,Ravi,0,0.07,Safe (Not Churn)
6048,Kiran,0,0.02,Safe (Not Churn)
6049,Unknown,0,0.12,Safe (Not Churn)
6050,Rahul,0,0.03,Safe (Not Churn)
C6051,Rahul,0,0.01,Safe (Not Churn)
Unknown,Kiran,0,0.01,Safe (Not Churn)
6053,Kiran,0,0.03,Safe (Not Churn)
6054,Ankit,0,0.0,Safe (Not Churn)
Unknown,Rahul,0,0.08,Safe (Not Churn)
6056,Simran,0,0.03,Safe (Not Churn)
6057,Priya,0,0.01,Safe (Not Churn)
6058,Unknown,0,0.01,Safe (Not Churn)
6059,Neha,0,0.02,Safe (Not Churn)
6060,Unknown,0,0.04,Safe (Not Churn)
Unknown,Kiran,0,0.01,Safe (Not Churn)
Unknown,Rahul,1,0.97,Risk (Churn)
C6063,Neha,0,0.11,Safe (Not Churn)
C6064,Ankit,1,0.94,Risk (Churn)
C6065,Unknown,1,0.98,Risk (Churn)
Unknown,Unknown,0,0.02,Safe (Not Churn)
C6067,Amit,0,0.01,Safe (Not Churn)
6068,Ravi,0,0.02,Safe (Not Churn)
C6069,Kiran,0,0.0,Safe (Not Churn)
Unknown,Unknown,0,0.12,Safe (Not Churn)
C6071,Ravi,0,0.03,Safe (Not Churn)
6072,Ravi,0,0.03,Safe (Not Churn)
6073,Priya,0,0.04,Safe (Not Churn)
Unknown,Unknown,1,0.94,Risk (Churn)
6075,Pooja,0,0.0,Safe (Not Churn)
6076,Ankit,0,0.13,Safe (Not Churn)
C6077,Neha,0,0.03,Safe (Not Churn)
6078,Ravi,0,0.1,Safe (Not Churn)
6079,Amit,0,0.02,Safe (Not Churn)
6080,Unknown,0,0.07,Safe (Not Churn)
C6081,Kiran,0,0.0,Safe (Not Churn)
C6082,Rahul,1,1.0,Risk (Churn)
C6083,Neha,0,0.02,Safe (Not Churn)
Unknown,Simran,0,0.01,Safe (Not Churn)
C6085,Kiran,0,0.04,Safe (Not Churn)
6086,Priya,0,0.0,Safe (Not Churn)
6087,Amit,0,0.01,Safe (Not Churn)
6088,Amit,0,0.01,Safe (Not Churn)
6089,Rahul,0,0.0,Safe (Not Churn)
Unknown,Priya,0,0.29,Safe (Not Churn)
6091,Rahul,0,0.02,Safe (Not Churn)
C6092,Rahul,1,0.98,Risk (Churn)
C6093,Simran,0,0.01,Safe (Not Churn)
C6094,Priya,0,0.05,Safe (Not Churn)
Unknown,Ankit,0,0.02,Safe (Not Churn)
6096,Neha,0,0.01,Safe (Not Churn)
6097,Unknown,0,0.04,Safe (Not Churn)
Unknown,Rahul,0,0.02,Safe (Not Churn)
C6099,Kiran,0,0.04,Safe (Not Churn)
6100,Simran,0,0.03,Safe (Not Churn)
C6101,Ankit,0,0.06,Safe (Not Churn)
6102,Ravi,0,0.0,Safe (Not Churn)
6103,Simran,1,0.96,Risk (Churn)
Unknown,Pooja,0,0.01,Safe (Not Churn)
6105,Ravi,0,0.06,Safe (Not Churn)
6106,Neha,0,0.12,Safe (Not Churn)
C6107,Kiran,0,0.01,Safe (Not Churn)
6108,Kiran,0,0.05,Safe (Not Churn)
6109,Pooja,0,0.0,Safe (Not Churn)
6110,Ankit,1,0.99,Risk (Churn)
6111,Unknown,0,0.04,Safe (Not Churn)
C6112,Ankit,1,1.0,Risk (Churn)
Unknown,Kiran,0,0.08,Safe (Not Churn)
6114,Priya,0,0.02,Safe (Not Churn)
6115,Unknown,0,0.04,Safe (Not Churn)
C6116,Pooja,1,1.0,Risk (Churn)
6117,Simran,0,0.06,Safe (Not Churn)
6118,Amit,0,0.05,Safe (Not Churn)
C6119,Rahul,0,0.03,Safe (Not Churn)
6120,Simran,0,0.02,Safe (Not Churn)
C6121,Sneha,0,0.03,Safe (Not Churn)
6122,Rahul,0,0.11,Safe (Not Churn)
6123,Sneha,0,0.36,Safe (Not Churn)
6124,Ankit,0,0.1,Safe (Not Churn)
6125,Unknown,0,0.01,Safe (Not Churn)
6126,Rahul,0,0.03,Safe (Not Churn)
C6127,Priya,0,0.02,Safe (Not Churn)
C6128,Unknown,0,0.01,Safe (Not Churn)
6129,Sneha,0,0.02,Safe (Not Churn)
C6130,Neha,0,0.03,Safe (Not Churn)
6131,Amit,0,0.08,Safe (Not Churn)
6132,Sneha,0,0.04,Safe (Not Churn)
Unknown,Amit,0,0.03,Safe (Not Churn)
Unknown,Ravi,0,0.01,Safe (Not Churn)
C6135,Neha,0,0.28,Safe (Not Churn)
6136,Sneha,0,0.01,Safe (Not Churn)
C6137,Ravi,0,0.02,Safe (Not Churn)
C6138,Unknown,0,0.0,Safe (Not Churn)
6139,Unknown,0,0.03,Safe (Not Churn)
6140,Amit,0,0.08,Safe (Not Churn)
6141,Neha,1,0.95,Risk (Churn)
Unknown,Rahul,0,0.04,Safe (Not Churn)
6143,Simran,0,0.01,Safe (Not Churn)
6144,Unknown,0,0.02,Safe (Not Churn)
6145,Unknown,0,0.0,Safe (Not Churn)
6146,Amit,0,0.06,Safe (Not Churn)
C6147,Sneha,0,0.03,Safe (Not Churn)
6148,Rahul,1,0.99,Risk (Churn)
6149,Pooja,0,0.01,Safe (Not Churn)
6150,Simran,0,0.02,Safe (Not Churn)
C6151,Amit,0,0.02,Safe (Not Churn)
6152,Sneha,0,0.09,Safe (Not Churn)
6153,Amit,0,0.0,Safe (Not Churn)
C6154,Ravi,0,0.02,Safe (Not Churn)
Unknown,Simran,0,0.03,Safe (Not Churn)
C6156,Unknown,0,0.43,Safe (Not Churn)
C6157,Amit,0,0.07,Safe (Not Churn)
C6158,Unknown,0,0.03,Safe (Not Churn)
C6159,Neha,0,0.01,Safe (Not Churn)
C6160,Kiran,0,0.03,Safe (Not Churn)
Unknown,Pooja,0,0.01,Safe (Not Churn)
C6162,Amit,0,0.04,Safe (Not Churn)
6163,Ravi,0,0.08,Safe (Not Churn)
6164,Kiran,0,0.01,Safe (Not Churn)
C6165,Pooja,0,0.03,Safe (Not Churn)
Unknown,Neha,1,0.96,Risk (Churn)
6167,Priya,0,0.05,Safe (Not Churn)
6168,Kiran,0,0.01,Safe (Not Churn)
Unknown,Simran,0,0.0,Safe (Not Churn)
6170,Simran,0,0.01,Safe (Not Churn)
C6171,Ravi,0,0.0,Safe (Not Churn)
Unknown,Priya,0,0.03,Safe (Not Churn)
C6173,Unknown,0,0.0,Safe (Not Churn)
Unknown,Unknown,0,0.01,Safe (Not Churn)
Unknown,Rahul,0,0.07,Safe (Not Churn)
Unknown,Amit,0,0.01,Safe (Not Churn)
C6177,Rahul,0,0.03,Safe (Not Churn)
Unknown,Pooja,1,1.0,Risk (Churn)
6179,Ankit,0,0.01,Safe (Not Churn)
6180,Simran,0,0.02,Safe (Not Churn)
6181,Ravi,0,0.01,Safe (Not Churn)
6182,Ankit,0,0.03,Safe (Not Churn)
C6183,Amit,0,0.06,Safe (Not Churn)
6184,Kiran,0,0.03,Safe (Not Churn)
C6185,Ankit,0,0.11,Safe (Not Churn)
C6186,Sneha,0,0.04,Safe (Not Churn)
6187,Simran,0,0.04,Safe (Not Churn)
Unknown,Simran,0,0.01,Safe (Not Churn)
Unknown,Simran,1,0.98,Risk (Churn)
6190,Amit,0,0.0,Safe (Not Churn)
C6191,Priya,0,0.0,Safe (Not Churn)
Unknown,Pooja,0,0.03,Safe (Not Churn)
Unknown,Pooja,0,0.05,Safe (Not Churn)
6194,Amit,0,0.02,Safe (Not Churn)
Unknown,Rahul,0,0.02,Safe (Not Churn)
C6196,Ankit,0,0.04,Safe (Not Churn)
C6197,Priya,0,0.02,Safe (Not Churn)
6198,Simran,0,0.1,Safe (Not Churn)
6199,Pooja,0,0.01,Safe (Not Churn)
Unknown,Simran,0,0.01,Safe (Not Churn)
C6201,Ankit,0,0.01,Safe (Not Churn)
C6202,Amit,0,0.14,Safe (Not Churn)
C6203,Simran,1,0.94,Risk (Churn)
6204,Kiran,0,0.06,Safe (Not Churn)
6205,Unknown,1,0.92,Risk (Churn)
Unknown,Kiran,0,0.08,Safe (Not Churn)
Unknown,Ankit,0,0.02,Safe (Not Churn)
6208,Rahul,1,0.98,Risk (Churn)
6209,Rahul,1,0.99,Risk (Churn)
6210,Priya,0,0.04,Safe (Not Churn)
6211,Rahul,0,0.02,Safe (Not Churn)
6212,Unknown,0,0.04,Safe (Not Churn)
C6213,Unknown,0,0.05,Safe (Not Churn)
6214,Unknown,0,0.03,Safe (Not Churn)
C6215,Pooja,0,0.02,Safe (Not Churn)
Unknown,Simran,0,0.03,Safe (Not Churn)
Unknown,Kiran,0,0.01,Safe (Not Churn)
C6218,Kiran,0,0.01,Safe (Not Churn)
6219,Neha,0,0.0,Safe (Not Churn)
6220,Ankit,0,0.01,Safe (Not Churn)
C6221,Unknown,0,0.02,Safe (Not Churn)
Unknown,Simran,0,0.02,Safe (Not Churn)
6223,Rahul,0,0.01,Safe (Not Churn)
Unknown,Amit,0,0.06,Safe (Not Churn)
6225,Sneha,0,0.05,Safe (Not Churn)
C6226,Ravi,1,0.93,Risk (Churn)
C6227,Pooja,0,0.02,Safe (Not Churn)
6228,Unknown,0,0.0,Safe (Not Churn)
C6229,Ravi,0,0.07,Safe (Not Churn)
6230,Priya,0,0.06,Safe (Not Churn)
6231,Amit,0,0.0,Safe (Not Churn)
Unknown,Pooja,0,0.02,Safe (Not Churn)
C6233,Unknown,1,0.99,Risk (Churn)
6234,Neha,1,0.88,Risk (Churn)
Unknown,Sneha,0,0.01,Safe (Not Churn)
6236,Rahul,1,0.97,Risk (Churn)
Unknown,Neha,0,0.0,Safe (Not Churn)
C6238,Unknown,1,0.99,Risk (Churn)
6239,Pooja,0,0.05,Safe (Not Churn)
6240,Simran,0,0.03,Safe (Not Churn)
Unknown,Ravi,0,0.01,Safe (Not Churn)
6242,Amit,0,0.01,Safe (Not Churn)
C6243,Ravi,1,0.97,Risk (Churn)
Unknown,Neha,0,0.0,Safe (Not Churn)
6245,Sneha,0,0.0,Safe (Not Churn)
6246,Unknown,0,0.0,Safe (Not Churn)
Unknown,Rahul,0,0.03,Safe (Not Churn)
C6248,Rahul,0,0.08,Safe (Not Churn)
C6249,Amit,0,0.05,Safe (Not Churn)
Unknown,Unknown,0,0.06,Safe (Not Churn)
Unknown,Neha,1,0.94,Risk (Churn)
6252,Amit,0,0.08,Safe (Not Churn)
C6253,Unknown,1,0.93,Risk (Churn)
Unknown,Rahul,0,0.08,Safe (Not Churn)
C6255,Simran,0,0.07,Safe (Not Churn)
C6256,Pooja,0,0.02,Safe (Not Churn)
6257,Unknown,0,0.02,Safe (Not Churn)
C6258,Unknown,0,0.05,Safe (Not Churn)
C6259,Ravi,0,0.01,Safe (Not Churn)
6260,Unknown,0,0.01,Safe (Not Churn)
6261,Sneha,0,0.03,Safe (Not Churn)
6262,Amit,0,0.07,Safe (Not Churn)
Unknown,Priya,0,0.0,Safe (Not Churn)
Unknown,Amit,0,0.05,Safe (Not Churn)
6265,Priya,0,0.02,Safe (Not Churn)
6266,Pooja,0,0.01,Safe (Not Churn)
6267,Unknown,0,0.0,Safe (Not Churn)
6268,Ravi,0,0.06,Safe (Not Churn)
C6269,Sneha,0,0.02,Safe (Not Churn)
Unknown,Sneha,0,0.09,Safe (Not Churn)
C6271,Priya,1,0.92,Risk (Churn)
6272,Neha,0,0.01,Safe (Not Churn)
6273,Sneha,0,0.02,Safe (Not Churn)
Unknown,Kiran,0,0.0,Safe (Not Churn)
6275,Unknown,0,0.05,Safe (Not Churn)
6276,Pooja,0,0.0,Safe (Not Churn)
C6277,Priya,0,0.04,Safe (Not Churn)
C6278,Simran,0,0.01,Safe (Not Churn)
Unknown,Unknown,0,0.04,Safe (Not Churn)
6280,Rahul,1,0.93,Risk (Churn)
6281,Neha,0,0.0,Safe (Not Churn)
6282,Unknown,0,0.03,Safe (Not Churn)
6283,Pooja,0,0.0,Safe (Not Churn)
C6284,Unknown,0,0.06,Safe (Not Churn)
6285,Pooja,0,0.0,Safe (Not Churn)
6286,Ankit,1,0.95,Risk (Churn)
C6287,Neha,0,0.01,Safe (Not Churn)
6288,Simran,0,0.03,Safe (Not Churn)
C6289,Unknown,0,0.0,Safe (Not Churn)
6290,Unknown,0,0.02,Safe (Not Churn)
6291,Kiran,1,0.92,Risk (Churn)
C6292,Ankit,0,0.06,Safe (Not Churn)
6293,Kiran,0,0.01,Safe (Not Churn)
6294,Unknown,0,0.0,Safe (Not Churn)
6295,Sneha,1,0.84,Risk (Churn)
Unknown,Neha,1,0.98,Risk (Churn)
6297,Kiran,0,0.06,Safe (Not Churn)
6298,Unknown,0,0.01,Safe (Not Churn)
C6299,Kiran,0,0.0,Safe (Not Churn)
Unknown,Ravi,0,0.0,Safe (Not Churn)
6301,Amit,0,0.02,Safe (Not Churn)
6302,Unknown,0,0.04,Safe (Not Churn)
6303,Unknown,0,0.0,Safe (Not Churn)
C6304,Kiran,0,0.01,Safe (Not Churn)
Unknown,Unknown,0,0.05,Safe (Not Churn)
6306,Neha,0,0.06,Safe (Not Churn)
6307,Unknown,0,0.03,Safe (Not Churn)
6308,Simran,0,0.03,Safe (Not Churn)
6309,Unknown,0,0.0,Safe (Not Churn)
6310,Kiran,0,0.02,Safe (Not Churn)
6311,Kiran,0,0.02,Safe (Not Churn)
Unknown,Priya,0,0.06,Safe (Not Churn)
6313,Simran,0,0.0,Safe (Not Churn)
Unknown,Unknown,1,0.94,Risk (Churn)
Unknown,Pooja,0,0.0,Safe (Not Churn)
C6316,Unknown,0,0.05,Safe (Not Churn)
Unknown,Neha,0,0.02,Safe (Not Churn)
Unknown,Amit,1,0.95,Risk (Churn)
6319,Neha,0,0.02,Safe (Not Churn)
6320,Sneha,0,0.36,Safe (Not Churn)
Unknown,Unknown,0,0.0,Safe (Not Churn)
6322,Simran,0,0.04,Safe (Not Churn)
C6323,Rahul,0,0.02,Safe (Not Churn)
C6324,Rahul,0,0.09,Safe (Not Churn)
6325,Priya,0,0.05,Safe (Not Churn)
6326,Unknown,0,0.0,Safe (Not Churn)
C6327,Unknown,1,0.95,Risk (Churn)
C6328,Ravi,0,0.15,Safe (Not Churn)
Unknown,Kiran,0,0.01,Safe (Not Churn)
6330,Sneha,0,0.0,Safe (Not Churn)
C6331,Sneha,0,0.16,Safe (Not Churn)
6332,Ravi,0,0.09,Safe (Not Churn)
6333,Kiran,0,0.02,Safe (Not Churn)
C6334,Sneha,0,0.01,Safe (Not Churn)
Unknown,Rahul,0,0.02,Safe (Not Churn)
C6336,Rahul,1,0.96,Risk (Churn)
6337,Amit,0,0.04,Safe (Not Churn)
Unknown,Unknown,0,0.03,Safe (Not Churn)
6339,Amit,0,0.0,Safe (Not Churn)
6340,Ravi,0,0.0,Safe (Not Churn)
C6341,Ravi,0,0.03,Safe (Not Churn)
6342,Rahul,0,0.0,Safe (Not Churn)
6343,Unknown,0,0.01,Safe (Not Churn)
6344,Neha,0,0.01,Safe (Not Churn)
6345,Priya,0,0.03,Safe (Not Churn)
6346,Unknown,1,0.7,Risk (Churn)
C6347,Rahul,0,0.01,Safe (Not Churn)
6348,Ravi,1,0.92,Risk (Churn)
Unknown,Neha,1,0.99,Risk (Churn)
Unknown,Ankit,0,0.0,Safe (Not Churn)
6351,Neha,0,0.32,Safe (Not Churn)
6352,Amit,0,0.01,Safe (Not Churn)
6353,Rahul,1,0.55,Risk (Churn)
6354,Amit,0,0.08,Safe (Not Churn)
Unknown,Priya,0,0.04,Safe (Not Churn)
6356,Kiran,1,0.97,Risk (Churn)
6357,Rahul,1,0.96,Risk (Churn)
C6358,Unknown,1,0.96,Risk (Churn)
C6359,Ravi,1,0.96,Risk (Churn)
Unknown,Sneha,0,0.01,Safe (Not Churn)
6361,Sneha,0,0.0,Safe (Not Churn)
6362,Simran,0,0.03,Safe (Not Churn)
6363,Kiran,0,0.01,Safe (Not Churn)
6364,Kiran,0,0.02,Safe (Not Churn)
C6365,Kiran,1,0.81,Risk (Churn)
Unknown,Ankit,1,0.98,Risk (Churn)
6367,Unknown,0,0.0,Safe (Not Churn)
6368,Priya,0,0.01,Safe (Not Churn)
6369,Neha,0,0.06,Safe (Not Churn)
C6370,Amit,0,0.02,Safe (Not Churn)
C6371,Neha,0,0.02,Safe (Not Churn)
C6372,Ravi,1,0.98,Risk (Churn)
6373,Unknown,0,0.03,Safe (Not Churn)
6374,Ravi,0,0.01,Safe (Not Churn)
6375,Pooja,0,0.05,Safe (Not Churn)
6376,Priya,0,0.4,Safe (Not Churn)
6377,Ankit,0,0.0,Safe (Not Churn)
C6378,Kiran,0,0.02,Safe (Not Churn)
Unknown,Unknown,0,0.08,Safe (Not Churn)
Unknown,Pooja,1,0.94,Risk (Churn)
6381,Rahul,0,0.07,Safe (Not Churn)
6382,Ravi,1,0.93,Risk (Churn)
6383,Amit,0,0.09,Safe (Not Churn)
Unknown,Unknown,1,0.92,Risk (Churn)
6385,Unknown,0,0.07,Safe (Not Churn)
6386,Pooja,0,0.01,Safe (Not Churn)
6387,Kiran,0,0.04,Safe (Not Churn)
Unknown,Neha,0,0.02,Safe (Not Churn)
Unknown,Amit,0,0.05,Safe (Not Churn)
C6390,Sneha,0,0.01,Safe (Not Churn)
6391,Kiran,0,0.03,Safe (Not Churn)
C6392,Ravi,0,0.05,Safe (Not Churn)
6393,Unknown,0,0.04,Safe (Not Churn)
6394,Amit,0,0.02,Safe (Not Churn)
C6395,Ankit,0,0.05,Safe (Not Churn)
C6396,Priya,0,0.02,Safe (Not Churn)
Unknown,Kiran,0,0.05,Safe (Not Churn)
C6398,Neha,1,0.98,Risk (Churn)
C6399,Amit,0,0.06,Safe (Not Churn)
6400,Kiran,0,0.0,Safe (Not Churn)
6401,Kiran,0,0.02,Safe (Not Churn)
6402,Sneha,0,0.01,Safe (Not Churn)
C6403,Unknown,0,0.04,Safe (Not Churn)
C6404,Simran,0,0.02,Safe (Not Churn)
6405,Kiran,0,0.06,Safe (Not Churn)
6406,Rahul,0,0.02,Safe (Not Churn)
6407,Ravi,0,0.01,Safe (Not Churn)
Unknown,Neha,0,0.06,Safe (Not Churn)
C6409,Kiran,0,0.04,Safe (Not Churn)
Unknown,Rahul,0,0.01,Safe (Not Churn)
Unknown,Pooja,1,0.65,Risk (Churn)
C6412,Ankit,0,0.01,Safe (Not Churn)
C6413,Kiran,0,0.07,Safe (Not Churn)
6414,Amit,0,0.02,Safe (Not Churn)
6415,Kiran,0,0.06,Safe (Not Churn)
6416,Unknown,0,0.0,Safe (Not Churn)
6417,Kiran,0,0.0,Safe (Not Churn)
6418,Rahul,0,0.01,Safe (Not Churn)
C6419,Ravi,0,0.01,Safe (Not Churn)
6420,Ravi,0,0.03,Safe (Not Churn)
6421,Amit,0,0.21,Safe (Not Churn)
6422,Simran,1,0.89,Risk (Churn)
C6423,Simran,0,0.02,Safe (Not Churn)
6424,Rahul,0,0.03,Safe (Not Churn)
Unknown,Pooja,1,0.98,Risk (Churn)
C6426,Kiran,0,0.0,Safe (Not Churn)
6427,Amit,1,0.91,Risk (Churn)
6428,Simran,0,0.0,Safe (Not Churn)
C6429,Rahul,1,0.75,Risk (Churn)
Unknown,Rahul,0,0.01,Safe (Not Churn)
6431,Unknown,0,0.03,Safe (Not Churn)
Unknown,Ravi,0,0.06,Safe (Not Churn)
Unknown,Unknown,0,0.04,Safe (Not Churn)
6434,Amit,0,0.01,Safe (Not Churn)
C6435,Rahul,0,0.0,Safe (Not Churn)
Unknown,Rahul,0,0.0,Safe (Not Churn)
Unknown,Unknown,1,0.9,Risk (Churn)
C6438,Simran,0,0.04,Safe (Not Churn)
6439,Simran,0,0.03,Safe (Not Churn)
C6440,Priya,0,0.0,Safe (Not Churn)
6441,Ankit,0,0.06,Safe (Not Churn)
6442,Simran,0,0.45,Safe (Not Churn)
6443,Unknown,1,0.95,Risk (Churn)
C6444,Unknown,0,0.02,Safe (Not Churn)
Unknown,Unknown,1,0.98,Risk (Churn)
6446,Rahul,1,0.95,Risk (Churn)
6447,Unknown,0,0.03,Safe (Not Churn)
Unknown,Rahul,1,0.97,Risk (Churn)
Unknown,Unknown,0,0.01,Safe (Not Churn)
C6450,Sneha,0,0.0,Safe (Not Churn)
6451,Unknown,0,0.04,Safe (Not Churn)
6452,Unknown,0,0.04,Safe (Not Churn)
Unknown,Neha,0,0.07,Safe (Not Churn)
6454,Ankit,0,0.01,Safe (Not Churn)
6455,Priya,1,0.93,Risk (Churn)
6456,Ravi,0,0.0,Safe (Not Churn)
6457,Simran,0,0.12,Safe (Not Churn)
C6458,Simran,1,0.91,Risk (Churn)
6459,Simran,0,0.0,Safe (Not Churn)
6460,Ravi,0,0.04,Safe (Not Churn)
6461,Pooja,0,0.06,Safe (Not Churn)
C6462,Priya,0,0.03,Safe (Not Churn)
6463,Kiran,0,0.01,Safe (Not Churn)
6464,Unknown,0,0.01,Safe (Not Churn)
Unknown,Kiran,1,0.99,Risk (Churn)
Unknown,Ankit,0,0.06,Safe (Not Churn)
6467,Ankit,0,0.03,Safe (Not Churn)
C6468,Priya,0,0.0,Safe (Not Churn)
6469,Ravi,0,0.01,Safe (Not Churn)
6470,Neha,0,0.06,Safe (Not Churn)
Unknown,Priya,0,0.0,Safe (Not Churn)
6472,Sneha,0,0.01,Safe (Not Churn)
6473,Kiran,0,0.02,Safe (Not Churn)
C6474,Rahul,0,0.05,Safe (Not Churn)
6475,Amit,0,0.03,Safe (Not Churn)
Unknown,Simran,0,0.09,Safe (Not Churn)
6477,Kiran,0,0.08,Safe (Not Churn)
6478,Unknown,1,0.88,Risk (Churn)
C6479,Ravi,0,0.03,Safe (Not Churn)
6480,Priya,0,0.05,Safe (Not Churn)
6481,Amit,0,0.0,Safe (Not Churn)
6482,Pooja,0,0.03,Safe (Not Churn)
Unknown,Unknown,0,0.0,Safe (Not Churn)
6484,Priya,1,0.61,Risk (Churn)
Unknown,Unknown,0,0.01,Safe (Not Churn)
C6486,Sneha,0,0.02,Safe (Not Churn)
C6487,Simran,0,0.03,Safe (Not Churn)
C6488,Sneha,0,0.05,Safe (Not Churn)
6489,Sneha,0,0.04,Safe (Not Churn)
6490,Neha,0,0.0,Safe (Not Churn)
6491,Neha,1,0.94,Risk (Churn)
Unknown,Neha,1,0.99,Risk (Churn)
Unknown,Pooja,0,0.03,Safe (Not Churn)
6494,Ankit,0,0.0,Safe (Not Churn)
6495,Kiran,0,0.04,Safe (Not Churn)
Unknown,Pooja,0,0.07,Safe (Not Churn)
C6497,Rahul,1,0.98,Risk (Churn)
Unknown,Sneha,1,0.63,Risk (Churn)
Unknown,Unknown,0,0.03,Safe (Not Churn)
6500,Kiran,1,0.99,Risk (Churn)
Unknown,Ankit,0,0.02,Safe (Not Churn)
Unknown,Priya,1,0.99,Risk (Churn)
6503,Ankit,0,0.04,Safe (Not Churn)
6504,Sneha,1,0.56,Risk (Churn)
6505,Unknown,0,0.02,Safe (Not Churn)
6506,Ravi,1,0.98,Risk (Churn)
6507,Priya,0,0.0,Safe (Not Churn)
C6508,Pooja,1,0.99,Risk (Churn)
6509,Neha,1,0.96,Risk (Churn)
6510,Unknown,0,0.07,Safe (Not Churn)
6511,Neha,0,0.02,Safe (Not Churn)
6512,Unknown,0,0.01,Safe (Not Churn)
Unknown,Unknown,0,0.19,Safe (Not Churn)
Unknown,Priya,0,0.03,Safe (Not Churn)
Unknown,Ravi,0,0.03,Safe (Not Churn)
6516,Unknown,0,0.02,Safe (Not Churn)
C6517,Kiran,0,0.03,Safe (Not Churn)
Unknown,Unknown,0,0.03,Safe (Not Churn)
6519,Pooja,0,0.05,Safe (Not Churn)
6520,Ankit,1,0.98,Risk (Churn)
6521,Neha,1,0.95,Risk (Churn)
6522,Pooja,0,0.05,Safe (Not Churn)
Unknown,Kiran,0,0.07,Safe (Not Churn)
6524,Neha,0,0.0,Safe (Not Churn)
Unknown,Pooja,0,0.02,Safe (Not Churn)
Unknown,Ankit,0,0.02,Safe (Not Churn)
6527,Pooja,0,0.31,Safe (Not Churn)
C6528,Ravi,0,0.11,Safe (Not Churn)
C6529,Ankit,0,0.03,Safe (Not Churn)
6530,Neha,0,0.02,Safe (Not Churn)
Unknown,Rahul,0,0.06,Safe (Not Churn)
C6532,Kiran,1,1.0,Risk (Churn)
C6533,Pooja,0,0.04,Safe (Not Churn)
C6534,Unknown,1,0.64,Risk (Churn)
6535,Ravi,0,0.0,Safe (Not Churn)
6536,Kiran,0,0.02,Safe (Not Churn)
C6537,Ankit,0,0.06,Safe (Not Churn)
6538,Unknown,0,0.02,Safe (Not Churn)
6539,Neha,0,0.01,Safe (Not Churn)
6540,Ankit,0,0.0,Safe (Not Churn)
6541,Unknown,0,0.01,Safe (Not Churn)
Unknown,Neha,1,1.0,Risk (Churn)
6543,Unknown,0,0.06,Safe (Not Churn)
C6544,Unknown,0,0.03,Safe (Not Churn)
C6545,Neha,0,0.1,Safe (Not Churn)
6546,Ankit,0,0.0,Safe (Not Churn)
C6547,Neha,0,0.04,Safe (Not Churn)
6548,Pooja,1,0.91,Risk (Churn)
C6549,Ravi,1,0.95,Risk (Churn)
6550,Unknown,0,0.01,Safe (Not Churn)
6551,Kiran,0,0.01,Safe (Not Churn)
C6552,Kiran,1,0.94,Risk (Churn)
6553,Ankit,0,0.01,Safe (Not Churn)
C6554,Priya,0,0.29,Safe (Not Churn)
6555,Ankit,1,0.98,Risk (Churn)
C6556,Amit,1,0.83,Risk (Churn)
6557,Ankit,0,0.01,Safe (Not Churn)
C6558,Pooja,0,0.01,Safe (Not Churn)
6559,Priya,1,0.96,Risk (Churn)
6560,Ankit,0,0.07,Safe (Not Churn)
C6561,Ankit,0,0.01,Safe (Not Churn)
6562,Kiran,0,0.0,Safe (Not Churn)
C6563,Amit,0,0.12,Safe (Not Churn)
C6564,Pooja,1,0.99,Risk (Churn)
C6565,Neha,0,0.06,Safe (Not Churn)
C6566,Kiran,0,0.02,Safe (Not Churn)
C6567,Simran,0,0.06,Safe (Not Churn)
C6568,Sneha,0,0.02,Safe (Not Churn)
6569,Rahul,0,0.02,Safe (Not Churn)
6570,Simran,0,0.02,Safe (Not Churn)
6571,Amit,0,0.01,Safe (Not Churn)
6572,Sneha,0,0.03,Safe (Not Churn)
6573,Sneha,0,0.07,Safe (Not Churn)
6574,Unknown,0,0.0,Safe (Not Churn)
6575,Priya,0,0.1,Safe (Not Churn)
C6576,Amit,1,0.9,Risk (Churn)
6577,Unknown,0,0.01,Safe (Not Churn)
6578,Simran,0,0.02,Safe (Not Churn)
6579,Simran,0,0.06,Safe (Not Churn)
6580,Kiran,0,0.01,Safe (Not Churn)
6581,Neha,0,0.0,Safe (Not Churn)
C6582,Amit,0,0.11,Safe (Not Churn)
C6583,Simran,1,0.98,Risk (Churn)
Unknown,Ankit,1,0.97,Risk (Churn)
C6585,Ankit,0,0.03,Safe (Not Churn)
6586,Sneha,0,0.01,Safe (Not Churn)
C6587,Ravi,0,0.04,Safe (Not Churn)
Unknown,Ankit,0,0.36,Safe (Not Churn)
6589,Priya,0,0.02,Safe (Not Churn)
Unknown,Neha,0,0.02,Safe (Not Churn)
C6591,Sneha,0,0.02,Safe (Not Churn)
Unknown,Priya,0,0.0,Safe (Not Churn)
6593,Sneha,0,0.0,Safe (Not Churn)
6594,Simran,0,0.08,Safe (Not Churn)
6595,Ankit,0,0.06,Safe (Not Churn)
Unknown,Ravi,0,0.01,Safe (Not Churn)
C6597,Kiran,0,0.0,Safe (Not Churn)
C6598,Kiran,0,0.0,Safe (Not Churn)
6599,Kiran,0,0.1,Safe (Not Churn)
C6600,Neha,1,0.97,Risk (Churn)
C6601,Unknown,1,0.96,Risk (Churn)
C6602,Unknown,0,0.03,Safe (Not Churn)
Unknown,Amit,0,0.03,Safe (Not Churn)
6604,Ravi,0,0.01,Safe (Not Churn)
6605,Kiran,0,0.08,Safe (Not Churn)
6606,Ankit,0,0.04,Safe (Not Churn)
6607,Priya,0,0.0,Safe (Not Churn)
6608,Unknown,0,0.03,Safe (Not Churn)
C6609,Amit,1,0.88,Risk (Churn)
6610,Simran,0,0.09,Safe (Not Churn)
C6611,Rahul,0,0.08,Safe (Not Churn)
6612,Ankit,1,0.98,Risk (Churn)
6613,Unknown,0,0.01,Safe (Not Churn)
6614,Ravi,0,0.43,Safe (Not Churn)
6615,Ravi,0,0.02,Safe (Not Churn)
6616,Priya,0,0.05,Safe (Not Churn)
6617,Sneha,0,0.05,Safe (Not Churn)
6618,Neha,0,0.03,Safe (Not Churn)
6619,Rahul,1,0.97,Risk (Churn)
6620,Ankit,0,0.06,Safe (Not Churn)
6621,Pooja,0,0.01,Safe (Not Churn)
6622,Unknown,0,0.02,Safe (Not Churn)
6623,Unknown,0,0.03,Safe (Not Churn)
6624,Ravi,0,0.1,Safe (Not Churn)
C6625,Unknown,0,0.02,Safe (Not Churn)
6626,Priya,0,0.02,Safe (Not Churn)
Unknown,Priya,1,0.98,Risk (Churn)
Unknown,Amit,1,0.95,Risk (Churn)
Unknown,Unknown,0,0.02,Safe (Not Churn)
6630,Amit,0,0.0,Safe (Not Churn)
C6631,Kiran,0,0.02,Safe (Not Churn)
C6632,Pooja,0,0.04,Safe (Not Churn)
C6633,Priya,0,0.0,Safe (Not Churn)
Unknown,Rahul,0,0.0,Safe (Not Churn)
6635,Unknown,0,0.03,Safe (Not Churn)
6636,Sneha,0,0.01,Safe (Not Churn)
6637,Amit,0,0.03,Safe (Not Churn)
C6638,Rahul,1,0.94,Risk (Churn)
6639,Sneha,0,0.06,Safe (Not Churn)
6640,Rahul,0,0.0,Safe (Not Churn)
Unknown,Neha,0,0.02,Safe (Not Churn)
6642,Unknown,0,0.12,Safe (Not Churn)
6643,Priya,0,0.01,Safe (Not Churn)
6644,Priya,0,0.0,Safe (Not Churn)
6645,Sneha,1,1.0,Risk (Churn)
Unknown,Unknown,0,0.07,Safe (Not Churn)
C6647,Simran,0,0.08,Safe (Not Churn)
6648,Sneha,0,0.0,Safe (Not Churn)
6649,Pooja,1,0.91,Risk (Churn)
6650,Amit,0,0.01,Safe (Not Churn)
Unknown,Pooja,0,0.02,Safe (Not Churn)
Unknown,Kiran,0,0.01,Safe (Not Churn)
C6653,Unknown,0,0.06,Safe (Not Churn)
6654,Simran,0,0.0,Safe (Not Churn)
6655,Amit,1,0.93,Risk (Churn)
C6656,Rahul,0,0.01,Safe (Not Churn)
Unknown,Rahul,0,0.16,Safe (Not Churn)
C6658,Rahul,0,0.03,Safe (Not Churn)
6659,Pooja,0,0.04,Safe (Not Churn)
C6660,Neha,0,0.0,Safe (Not Churn)
C6661,Pooja,0,0.04,Safe (Not Churn)
C6662,Neha,0,0.05,Safe (Not Churn)
6663,Simran,1,0.95,Risk (Churn)
C6664,Kiran,0,0.0,Safe (Not Churn)
C6665,Ankit,0,0.01,Safe (Not Churn)
Unknown,Neha,0,0.04,Safe (Not Churn)
6667,Neha,0,0.02,Safe (Not Churn)
6668,Amit,1,0.86,Risk (Churn)
6669,Sneha,0,0.0,Safe (Not Churn)
6670,Ravi,1,0.98,Risk (Churn)
C6671,Unknown,0,0.02,Safe (Not Churn)
6672,Amit,0,0.01,Safe (Not Churn)
6673,Kiran,0,0.01,Safe (Not Churn)
6674,Simran,0,0.03,Safe (Not Churn)
6675,Pooja,0,0.01,Safe (Not Churn)
6676,Unknown,0,0.02,Safe (Not Churn)
C6677,Ravi,1,0.99,Risk (Churn)
C6678,Priya,0,0.05,Safe (Not Churn)
Unknown,Unknown,0,0.05,Safe (Not Churn)
Unknown,Unknown,0,0.02,Safe (Not Churn)
6681,Priya,0,0.03,Safe (Not Churn)
C6682,Unknown,0,0.0,Safe (Not Churn)
Unknown,Amit,0,0.08,Safe (Not Churn)
6684,Unknown,0,0.06,Safe (Not Churn)
6685,Simran,0,0.0,Safe (Not Churn)
6686,Rahul,0,0.0,Safe (Not Churn)
Unknown,Priya,0,0.0,Safe (Not Churn)
6688,Unknown,1,0.93,Risk (Churn)
6689,Rahul,1,0.98,Risk (Churn)
C6690,Unknown,0,0.03,Safe (Not Churn)
C6691,Ankit,0,0.35,Safe (Not Churn)
6692,Ankit,0,0.0,Safe (Not Churn)
6693,Kiran,0,0.03,Safe (Not Churn)
6694,Unknown,1,0.97,Risk (Churn)
C6695,Unknown,0,0.01,Safe (Not Churn)
6696,Amit,0,0.06,Safe (Not Churn)
C6697,Sneha,0,0.04,Safe (Not Churn)
6698,Ravi,0,0.03,Safe (Not Churn)
C6699,Rahul,0,0.02,Safe (Not Churn)
6700,Priya,1,0.97,Risk (Churn)
6701,Sneha,1,0.88,Risk (Churn)
C6702,Ravi,1,0.96,Risk (Churn)
6703,Unknown,0,0.03,Safe (Not Churn)
6704,Ravi,0,0.03,Safe (Not Churn)
Unknown,Unknown,0,0.0,Safe (Not Churn)
6706,Rahul,0,0.03,Safe (Not Churn)
Unknown,Unknown,0,0.1,Safe (Not Churn)
6708,Ravi,0,0.0,Safe (Not Churn)
C6709,Ankit,0,0.0,Safe (Not Churn)
6710,Neha,0,0.0,Safe (Not Churn)
6711,Simran,0,0.06,Safe (Not Churn)
6712,Unknown,0,0.06,Safe (Not Churn)
6713,Amit,1,0.89,Risk (Churn)
6714,Kiran,1,1.0,Risk (Churn)
6715,Amit,1,0.95,Risk (Churn)
C6716,Pooja,0,0.21,Safe (Not Churn)
Unknown,Unknown,0,0.0,Safe (Not Churn)
C6718,Unknown,0,0.0,Safe (Not Churn)
6719,Neha,0,0.04,Safe (Not Churn)
6720,Sneha,0,0.02,Safe (Not Churn)
Unknown,Kiran,0,0.07,Safe (Not Churn)
C6722,Ravi,0,0.0,Safe (Not Churn)
6723,Priya,0,0.01,Safe (Not Churn)
C6724,Neha,0,0.03,Safe (Not Churn)
Unknown,Pooja,1,0.99,Risk (Churn)
6726,Ankit,0,0.05,Safe (Not Churn)
6727,Sneha,0,0.0,Safe (Not Churn)
6728,Priya,0,0.02,Safe (Not Churn)
Unknown,Sneha,0,0.05,Safe (Not Churn)
6730,Priya,1,0.81,Risk (Churn)
6731,Unknown,1,0.92,Risk (Churn)
C6732,Sneha,0,0.03,Safe (Not Churn)
6733,Unknown,0,0.07,Safe (Not Churn)
Unknown,Simran,0,0.0,Safe (Not Churn)
6735,Pooja,0,0.04,Safe (Not Churn)
Unknown,Unknown,0,0.0,Safe (Not Churn)
C6737,Priya,0,0.06,Safe (Not Churn)
6738,Unknown,0,0.34,Safe (Not Churn)
C6739,Simran,1,0.95,Risk (Churn)
C6740,Rahul,0,0.03,Safe (Not Churn)
C6741,Unknown,0,0.06,Safe (Not Churn)
Unknown,Neha,0,0.06,Safe (Not Churn)
6743,Rahul,0,0.01,Safe (Not Churn)
6744,Priya,1,0.89,Risk (Churn)
6745,Unknown,1,0.94,Risk (Churn)
Unknown,Kiran,0,0.03,Safe (Not Churn)
6747,Neha,0,0.0,Safe (Not Churn)
Unknown,Unknown,0,0.05,Safe (Not Churn)
Unknown,Ankit,1,1.0,Risk (Churn)
6750,Sneha,1,0.93,Risk (Churn)
6751,Unknown,0,0.07,Safe (Not Churn)
6752,Priya,0,0.15,Safe (Not Churn)
6753,Simran,0,0.0,Safe (Not Churn)
C6754,Ankit,0,0.16,Safe (Not Churn)
Unknown,Kiran,1,0.86,Risk (Churn)
C6756,Kiran,0,0.0,Safe (Not Churn)
6757,Sneha,1,0.97,Risk (Churn)
6758,Priya,0,0.03,Safe (Not Churn)
6759,Priya,0,0.01,Safe (Not Churn)
6760,Priya,1,0.86,Risk (Churn)
C6761,Amit,1,0.93,Risk (Churn)
C6762,Ankit,1,0.85,Risk (Churn)
Unknown,Ravi,0,0.08,Safe (Not Churn)
Unknown,Amit,0,0.03,Safe (Not Churn)
6765,Ankit,0,0.02,Safe (Not Churn)
Unknown,Pooja,0,0.01,Safe (Not Churn)
6767,Neha,0,0.03,Safe (Not Churn)
6768,Simran,0,0.03,Safe (Not Churn)
6769,Amit,0,0.09,Safe (Not Churn)
C6770,Simran,0,0.03,Safe (Not Churn)
C6771,Pooja,0,0.02,Safe (Not Churn)
Unknown,Sneha,0,0.01,Safe (Not Churn)
6773,Pooja,0,0.01,Safe (Not Churn)
C6774,Kiran,0,0.05,Safe (Not Churn)
C6775,Simran,0,0.04,Safe (Not Churn)
6776,Ankit,0,0.07,Safe (Not Churn)
Unknown,Pooja,1,0.97,Risk (Churn)
6778,Ravi,0,0.05,Safe (Not Churn)
6779,Unknown,0,0.06,Safe (Not Churn)
6780,Unknown,0,0.02,Safe (Not Churn)
Unknown,Sneha,0,0.0,Safe (Not Churn)
Unknown,Amit,0,0.08,Safe (Not Churn)
C6783,Pooja,0,0.03,Safe (Not Churn)
Unknown,Kiran,0,0.02,Safe (Not Churn)
C6785,Unknown,0,0.08,Safe (Not Churn)
C6786,Unknown,0,0.07,Safe (Not Churn)
Unknown,Ravi,1,0.99,Risk (Churn)
C6788,Ankit,1,0.93,Risk (Churn)
6789,Pooja,0,0.03,Safe (Not Churn)
6790,Kiran,0,0.05,Safe (Not Churn)
6791,Amit,0,0.02,Safe (Not Churn)
Unknown,Neha,0,0.0,Safe (Not Churn)
6793,Amit,0,0.02,Safe (Not Churn)
6794,Ravi,0,0.04,Safe (Not Churn)
Unknown,Simran,0,0.08,Safe (Not Churn)
6796,Simran,1,0.72,Risk (Churn)
Unknown,Amit,1,0.98,Risk (Churn)
C6798,Ravi,1,0.9,Risk (Churn)
C6799,Simran,0,0.0,Safe (Not Churn)
C6800,Kiran,1,1.0,Risk (Churn)
6801,Ankit,0,0.04,Safe (Not Churn)
C6802,Priya,0,0.05,Safe (Not Churn)
6803,Rahul,1,0.97,Risk (Churn)
6804,Ankit,0,0.05,Safe (Not Churn)
6805,Neha,0,0.0,Safe (Not Churn)
6806,Ravi,0,0.0,Safe (Not Churn)
6807,Sneha,0,0.03,Safe (Not Churn)
C6808,Ravi,0,0.0,Safe (Not Churn)
6809,Rahul,0,0.02,Safe (Not Churn)
6810,Ravi,1,0.97,Risk (Churn)
C6811,Amit,0,0.04,Safe (Not Churn)
6812,Unknown,0,0.11,Safe (Not Churn)
Unknown,Neha,0,0.05,Safe (Not Churn)
Unknown,Sneha,0,0.01,Safe (Not Churn)
Unknown,Ankit,0,0.0,Safe (Not Churn)
C6816,Ankit,0,0.09,Safe (Not Churn)
6817,Rahul,1,0.98,Risk (Churn)
6818,Simran,0,0.01,Safe (Not Churn)
Unknown,Rahul,0,0.0,Safe (Not Churn)
C6820,Unknown,0,0.02,Safe (Not Churn)
6821,Pooja,0,0.02,Safe (Not Churn)
Unknown,Pooja,0,0.03,Safe (Not Churn)
Unknown,Priya,0,0.04,Safe (Not Churn)
C6824,Sneha,0,0.03,Safe (Not Churn)
Unknown,Simran,0,0.03,Safe (Not Churn)
C6826,Unknown,0,0.08,Safe (Not Churn)
C6827,Rahul,1,0.96,Risk (Churn)
Unknown,Ankit,0,0.02,Safe (Not Churn)
C6829,Ravi,0,0.03,Safe (Not Churn)
6830,Ravi,0,0.01,Safe (Not Churn)
6831,Sneha,0,0.01,Safe (Not Churn)
Unknown,Unknown,0,0.05,Safe (Not Churn)
C6833,Ravi,1,0.98,Risk (Churn)
Unknown,Unknown,0,0.05,Safe (Not Churn)
Unknown,Ankit,1,0.99,Risk (Churn)
Unknown,Simran,1,0.98,Risk (Churn)
6837,Kiran,0,0.02,Safe (Not Churn)
Unknown,Neha,0,0.14,Safe (Not Churn)
Unknown,Kiran,1,0.99,Risk (Churn)
6840,Rahul,0,0.04,Safe (Not Churn)
6841,Rahul,0,0.0,Safe (Not Churn)
6842,Unknown,0,0.08,Safe (Not Churn)
6843,Sneha,0,0.06,Safe (Not Churn)
C6844,Neha,0,0.04,Safe (Not Churn)
6845,Ravi,0,0.04,Safe (Not Churn)
6846,Kiran,1,0.96,Risk (Churn)
6847,Pooja,0,0.06,Safe (Not Churn)
6848,Ankit,0,0.0,Safe (Not Churn)
C6849,Simran,0,0.03,Safe (Not Churn)
C6850,Sneha,0,0.04,Safe (Not Churn)
Unknown,Neha,0,0.0,Safe (Not Churn)
C6852,Pooja,0,0.0,Safe (Not Churn)
6853,Simran,0,0.01,Safe (Not Churn)
6854,Neha,0,0.01,Safe (Not Churn)
C6855,Ankit,0,0.05,Safe (Not Churn)
6856,Unknown,0,0.08,Safe (Not Churn)
C6857,Ravi,1,0.93,Risk (Churn)
6858,Simran,0,0.02,Safe (Not Churn)
C6859,Simran,0,0.08,Safe (Not Churn)
6860,Neha,0,0.01,Safe (Not Churn)
Unknown,Amit,0,0.13,Safe (Not Churn)
C6862,Unknown,0,0.0,Safe (Not Churn)
6863,Simran,1,0.95,Risk (Churn)
Unknown,Neha,0,0.07,Safe (Not Churn)
Unknown,Kiran,0,0.01,Safe (Not Churn)
6866,Sneha,0,0.01,Safe (Not Churn)
C6867,Unknown,0,0.01,Safe (Not Churn)
C6868,Pooja,1,0.98,Risk (Churn)
C6869,Kiran,0,0.0,Safe (Not Churn)
C6870,Ravi,0,0.04,Safe (Not Churn)
6871,Ankit,1,0.96,Risk (Churn)
6872,Unknown,0,0.0,Safe (Not Churn)
6873,Amit,0,0.03,Safe (Not Churn)
Unknown,Ravi,1,0.99,Risk (Churn)
6875,Simran,0,0.04,Safe (Not Churn)
6876,Unknown,0,0.02,Safe (Not Churn)
C6877,Priya,0,0.04,Safe (Not Churn)
Unknown,Ankit,0,0.01,Safe (Not Churn)
Unknown,Unknown,0,0.0,Safe (Not Churn)
6880,Amit,0,0.07,Safe (Not Churn)
C6881,Rahul,0,0.06,Safe (Not Churn)
C6882,Neha,0,0.04,Safe (Not Churn)
Unknown,Simran,1,0.99,Risk (Churn)
6884,Neha,1,0.98,Risk (Churn)
6885,Neha,1,0.97,Risk (Churn)
6886,Neha,0,0.01,Safe (Not Churn)
C6887,Ankit,1,0.81,Risk (Churn)
C6888,Neha,0,0.02,Safe (Not Churn)
C6889,Rahul,0,0.01,Safe (Not Churn)
C6890,Ankit,0,0.01,Safe (Not Churn)
Unknown,Amit,0,0.04,Safe (Not Churn)
Unknown,Pooja,0,0.01,Safe (Not Churn)
C6893,Neha,0,0.04,Safe (Not Churn)
C6894,Unknown,0,0.01,Safe (Not Churn)
6895,Amit,0,0.05,Safe (Not Churn)
C6896,Sneha,0,0.0,Safe (Not Churn)
6897,Simran,0,0.01,Safe (Not Churn)
6898,Ravi,0,0.4,Safe (Not Churn)
6899,Amit,1,0.91,Risk (Churn)
Unknown,Pooja,1,0.99,Risk (Churn)
6901,Ankit,1,0.93,Risk (Churn)
Unknown,Priya,0,0.02,Safe (Not Churn)
6903,Ankit,1,0.73,Risk (Churn)
6904,Ankit,0,0.08,Safe (Not Churn)
Unknown,Kiran,0,0.0,Safe (Not Churn)
C6906,Simran,0,0.01,Safe (Not Churn)
Unknown,Pooja,0,0.07,Safe (Not Churn)
6908,Ankit,1,0.99,Risk (Churn)
Unknown,Ankit,0,0.06,Safe (Not Churn)
6910,Neha,1,0.95,Risk (Churn)
Unknown,Simran,0,0.01,Safe (Not Churn)
6912,Ravi,0,0.08,Safe (Not Churn)
Unknown,Priya,0,0.06,Safe (Not Churn)
6914,Unknown,0,0.03,Safe (Not Churn)
Unknown,Ravi,0,0.01,Safe (Not Churn)
Unknown,Unknown,0,0.06,Safe (Not Churn)
6917,Unknown,0,0.03,Safe (Not Churn)
Unknown,Simran,0,0.01,Safe (Not Churn)
Unknown,Unknown,0,0.01,Safe (Not Churn)
Unknown,Unknown,1,0.98,Risk (Churn)
6921,Rahul,0,0.16,Safe (Not Churn)
C6922,Simran,1,0.55,Risk (Churn)
6923,Amit,0,0.03,Safe (Not Churn)
6924,Simran,0,0.01,Safe (Not Churn)
6925,Simran,0,0.03,Safe (Not Churn)
6926,Ankit,0,0.07,Safe (Not Churn)
Unknown,Unknown,0,0.02,Safe (Not Churn)
C6928,Pooja,1,1.0,Risk (Churn)
6929,Unknown,0,0.03,Safe (Not Churn)
Unknown,Simran,0,0.01,Safe (Not Churn)
6931,Amit,0,0.0,Safe (Not Churn)
Unknown,Rahul,0,0.05,Safe (Not Churn)
6933,Simran,0,0.01,Safe (Not Churn)
6934,Neha,0,0.0,Safe (Not Churn)
Unknown,Pooja,0,0.01,Safe (Not Churn)
6936,Kiran,1,0.99,Risk (Churn)
6937,Unknown,1,0.98,Risk (Churn)
6938,Neha,0,0.01,Safe (Not Churn)
6939,Sneha,0,0.14,Safe (Not Churn)
6940,Unknown,0,0.01,Safe (Not Churn)
C6941,Pooja,0,0.0,Safe (Not Churn)
C6942,Ankit,0,0.01,Safe (Not Churn)
6943,Priya,1,0.97,Risk (Churn)
6944,Neha,0,0.28,Safe (Not Churn)
C6945,Unknown,0,0.07,Safe (Not Churn)
Unknown,Ravi,0,0.0,Safe (Not Churn)
6947,Kiran,0,0.03,Safe (Not Churn)
6948,Neha,0,0.02,Safe (Not Churn)
6949,Unknown,0,0.02,Safe (Not Churn)
C6950,Pooja,1,0.51,Risk (Churn)
6951,Unknown,0,0.02,Safe (Not Churn)
C6952,Ankit,0,0.07,Safe (Not Churn)
C6953,Kiran,1,0.98,Risk (Churn)
Unknown,Pooja,1,0.67,Risk (Churn)
6955,Rahul,0,0.03,Safe (Not Churn)
Unknown,Neha,1,0.97,Risk (Churn)
Unknown,Unknown,1,0.9,Risk (Churn)
6958,Kiran,1,0.98,Risk (Churn)
C6959,Priya,1,0.98,Risk (Churn)
6960,Ravi,0,0.09,Safe (Not Churn)
6961,Rahul,0,0.03,Safe (Not Churn)
6962,Pooja,0,0.03,Safe (Not Churn)
C6963,Amit,0,0.01,Safe (Not Churn)
C6964,Unknown,0,0.02,Safe (Not Churn)
6965,Pooja,0,0.01,Safe (Not Churn)
6966,Ravi,1,0.97,Risk (Churn)
6967,Pooja,1,0.99,Risk (Churn)
6968,Amit,0,0.02,Safe (Not Churn)
C6969,Ankit,0,0.03,Safe (Not Churn)
C6970,Pooja,0,0.01,Safe (Not Churn)
C6971,Amit,0,0.02,Safe (Not Churn)
Unknown,Priya,0,0.01,Safe (Not Churn)
6973,Simran,1,0.93,Risk (Churn)
C6974,Priya,0,0.05,Safe (Not Churn)
6975,Sneha,0,0.06,Safe (Not Churn)
6976,Ankit,0,0.01,Safe (Not Churn)
C6977,Ravi,0,0.01,Safe (Not Churn)
6978,Rahul,1,0.92,Risk (Churn)
6979,Kiran,0,0.06,Safe (Not Churn)
Unknown,Neha,0,0.37,Safe (Not Churn)
6981,Rahul,0,0.06,Safe (Not Churn)
6982,Unknown,0,0.03,Safe (Not Churn)
Unknown,Ravi,0,0.01,Safe (Not Churn)
C6984,Ravi,0,0.01,Safe (Not Churn)
6985,Sneha,0,0.04,Safe (Not Churn)
Unknown,Unknown,0,0.18,Safe (Not Churn)
6987,Sneha,1,0.83,Risk (Churn)
Unknown,Unknown,0,0.05,Safe (Not Churn)
C6989,Simran,1,0.94,Risk (Churn)
Unknown,Ravi,0,0.14,Safe (Not Churn)
6991,Kiran,0,0.03,Safe (Not Churn)
Unknown,Ravi,0,0.01,Safe (Not Churn)
6993,Priya,0,0.02,Safe (Not Churn)
6994,Simran,0,0.04,Safe (Not Churn)
Unknown,Amit,0,0.06,Safe (Not Churn)
6996,Unknown,0,0.01,Safe (Not Churn)
6997,Amit,0,0.11,Safe (Not Churn)
Unknown,Amit,0,0.04,Safe (Not Churn)
Unknown,Ravi,0,0.01,Safe (Not Churn)
Unknown,Unknown,0,0.03,Safe (Not Churn)
C7001,Kiran,0,0.4,Safe (Not Churn)
7002,Amit,0,0.03,Safe (Not Churn)
C7003,Unknown,0,0.04,Safe (Not Churn)
7004,Pooja,0,0.02,Safe (Not Churn)
7005,Unknown,0,0.05,Safe (Not Churn)
C7006,Amit,0,0.05,Safe (Not Churn)
Unknown,Rahul,0,0.06,Safe (Not Churn)
Unknown,Kiran,0,0.49,Safe (Not Churn)
C7009,Amit,0,0.01,Safe (Not Churn)
Unknown,Ankit,0,0.06,Safe (Not Churn)
7011,Unknown,0,0.04,Safe (Not Churn)
7012,Kiran,0,0.04,Safe (Not Churn)
Unknown,Amit,0,0.05,Safe (Not Churn)
C7014,Priya,0,0.02,Safe (Not Churn)
7015,Kiran,1,0.96,Risk (Churn)
7016,Amit,1,0.93,Risk (Churn)
Unknown,Unknown,0,0.02,Safe (Not Churn)
Unknown,Sneha,0,0.09,Safe (Not Churn)
Unknown,Unknown,0,0.08,Safe (Not Churn)
7020,Amit,0,0.02,Safe (Not Churn)
7021,Unknown,1,0.99,Risk (Churn)
C7022,Simran,0,0.01,Safe (Not Churn)
C7023,Amit,0,0.02,Safe (Not Churn)
7024,Ravi,0,0.06,Safe (Not Churn)
7025,Sneha,0,0.0,Safe (Not Churn)
7026,Ravi,1,0.99,Risk (Churn)
C7027,Pooja,0,0.43,Safe (Not Churn)
7028,Sneha,0,0.01,Safe (Not Churn)
C7029,Simran,0,0.02,Safe (Not Churn)
Unknown,Unknown,0,0.05,Safe (Not Churn)
7031,Rahul,0,0.01,Safe (Not Churn)
C7032,Ankit,0,0.02,Safe (Not Churn)
7033,Pooja,0,0.0,Safe (Not Churn)
7034,Rahul,0,0.02,Safe (Not Churn)
C7035,Priya,0,0.01,Safe (Not Churn)
7036,Simran,0,0.04,Safe (Not Churn)
7037,Ravi,0,0.0,Safe (Not Churn)
Unknown,Rahul,0,0.02,Safe (Not Churn)
7039,Simran,0,0.05,Safe (Not Churn)
7040,Ravi,0,0.03,Safe (Not Churn)
Unknown,Simran,0,0.01,Safe (Not Churn)
Unknown,Pooja,0,0.05,Safe (Not Churn)
C7043,Unknown,0,0.01,Safe (Not Churn)
C7044,Sneha,1,0.97,Risk (Churn)
7045,Simran,1,0.97,Risk (Churn)
7046,Priya,0,0.03,Safe (Not Churn)
7047,Sneha,0,0.01,Safe (Not Churn)
7048,Ankit,0,0.01,Safe (Not Churn)
C7049,Unknown,0,0.02,Safe (Not Churn)
7050,Sneha,0,0.06,Safe (Not Churn)
7051,Unknown,0,0.0,Safe (Not Churn)
7052,Neha,0,0.03,Safe (Not Churn)
C7053,Neha,0,0.02,Safe (Not Churn)
7054,Ravi,1,0.96,Risk (Churn)
C7055,Sneha,0,0.02,Safe (Not Churn)
C7056,Sneha,0,0.0,Safe (Not Churn)
7057,Unknown,0,0.05,Safe (Not Churn)
C7058,Ankit,0,0.0,Safe (Not Churn)
7059,Unknown,1,0.97,Risk (Churn)
7060,Rahul,0,0.0,Safe (Not Churn)
7061,Kiran,0,0.01,Safe (Not Churn)
7062,Simran,0,0.05,Safe (Not Churn)
Unknown,Unknown,1,0.96,Risk (Churn)
C7064,Amit,0,0.02,Safe (Not Churn)
7065,Unknown,0,0.0,Safe (Not Churn)
7066,Unknown,0,0.06,Safe (Not Churn)
7067,Neha,0,0.13,Safe (Not Churn)
7068,Neha,0,0.04,Safe (Not Churn)
Unknown,Simran,0,0.04,Safe (Not Churn)
C7070,Pooja,0,0.02,Safe (Not Churn)
7071,Sneha,1,0.91,Risk (Churn)
C7072,Priya,0,0.0,Safe (Not Churn)
7073,Neha,0,0.09,Safe (Not Churn)
7074,Sneha,0,0.01,Safe (Not Churn)
Unknown,Rahul,0,0.02,Safe (Not Churn)
Unknown,Sneha,0,0.02,Safe (Not Churn)
7077,Kiran,0,0.0,Safe (Not Churn)
Unknown,Priya,0,0.01,Safe (Not Churn)
C7079,Unknown,0,0.01,Safe (Not Churn)
7080,Amit,0,0.04,Safe (Not Churn)
Unknown,Sneha,0,0.01,Safe (Not Churn)
7082,Ravi,0,0.0,Safe (Not Churn)
Unknown,Simran,0,0.16,Safe (Not Churn)
7084,Kiran,0,0.07,Safe (Not Churn)
C7085,Unknown,1,0.76,Risk (Churn)
7086,Ravi,1,0.61,Risk (Churn)
Unknown,Pooja,0,0.05,Safe (Not Churn)
C7088,Priya,0,0.09,Safe (Not Churn)
C7089,Neha,0,0.2,Safe (Not Churn)
Unknown,Simran,0,0.04,Safe (Not Churn)
7091,Ravi,0,0.02,Safe (Not Churn)
7092,Sneha,0,0.0,Safe (Not Churn)
C7093,Pooja,0,0.06,Safe (Not Churn)
Unknown,Rahul,1,0.99,Risk (Churn)
C7095,Pooja,0,0.1,Safe (Not Churn)
7096,Simran,0,0.01,Safe (Not Churn)
7097,Rahul,0,0.03,Safe (Not Churn)
7098,Unknown,0,0.38,Safe (Not Churn)
C7099,Pooja,0,0.01,Safe (Not Churn)
C7100,Rahul,0,0.01,Safe (Not Churn)
C7101,Rahul,0,0.47,Safe (Not Churn)
C7102,Pooja,0,0.02,Safe (Not Churn)
C7103,Unknown,0,0.04,Safe (Not Churn)
Unknown,Amit,0,0.01,Safe (Not Churn)
C7105,Kiran,0,0.0,Safe (Not Churn)
7106,Priya,0,0.04,Safe (Not Churn)
7107,Ravi,1,0.64,Risk (Churn)
7108,Simran,0,0.04,Safe (Not Churn)
7109,Unknown,0,0.0,Safe (Not Churn)
C7110,Pooja,0,0.04,Safe (Not Churn)
Unknown,Unknown,0,0.0,Safe (Not Churn)
7112,Unknown,0,0.02,Safe (Not Churn)
7113,Ankit,0,0.02,Safe (Not Churn)
7114,Ravi,0,0.02,Safe (Not Churn)
7115,Ravi,0,0.02,Safe (Not Churn)
7116,Unknown,0,0.01,Safe (Not Churn)
C7117,Amit,0,0.02,Safe (Not Churn)
7118,Priya,1,0.97,Risk (Churn)
7119,Unknown,0,0.0,Safe (Not Churn)
7120,Unknown,0,0.04,Safe (Not Churn)
Unknown,Unknown,0,0.06,Safe (Not Churn)
C7122,Rahul,0,0.0,Safe (Not Churn)
C7123,Ankit,0,0.08,Safe (Not Churn)
7124,Neha,1,0.97,Risk (Churn)
7125,Unknown,0,0.07,Safe (Not Churn)
7126,Amit,0,0.01,Safe (Not Churn)
C7127,Sneha,0,0.03,Safe (Not Churn)
Unknown,Neha,0,0.03,Safe (Not Churn)
7129,Priya,1,0.79,Risk (Churn)
Unknown,Amit,0,0.05,Safe (Not Churn)
Unknown,Unknown,1,0.99,Risk (Churn)
C7132,Amit,0,0.1,Safe (Not Churn)
7133,Kiran,1,0.96,Risk (Churn)
7134,Rahul,1,0.93,Risk (Churn)
7135,Pooja,0,0.01,Safe (Not Churn)
Unknown,Priya,0,0.04,Safe (Not Churn)
7137,Unknown,0,0.07,Safe (Not Churn)
Unknown,Ankit,0,0.02,Safe (Not Churn)
C7139,Sneha,0,0.02,Safe (Not Churn)
7140,Kiran,0,0.02,Safe (Not Churn)
C7141,Rahul,0,0.01,Safe (Not Churn)
Unknown,Sneha,0,0.06,Safe (Not Churn)
7143,Ravi,0,0.1,Safe (Not Churn)
Unknown,Rahul,0,0.0,Safe (Not Churn)
7145,Priya,0,0.0,Safe (Not Churn)
C7146,Simran,0,0.13,Safe (Not Churn)
7147,Sneha,0,0.03,Safe (Not Churn)
C7148,Amit,0,0.04,Safe (Not Churn)
7149,Simran,0,0.03,Safe (Not Churn)
7150,Unknown,0,0.01,Safe (Not Churn)
7151,Rahul,0,0.0,Safe (Not Churn)
Unknown,Pooja,1,0.98,Risk (Churn)
7153,Pooja,0,0.02,Safe (Not Churn)
7154,Neha,1,0.93,Risk (Churn)
7155,Neha,1,0.97,Risk (Churn)
7156,Neha,0,0.04,Safe (Not Churn)
Unknown,Unknown,0,0.02,Safe (Not Churn)
C7158,Simran,0,0.07,Safe (Not Churn)
C7159,Pooja,1,0.99,Risk (Churn)
C7160,Amit,0,0.02,Safe (Not Churn)
7161,Ankit,0,0.02,Safe (Not Churn)
Unknown,Priya,0,0.06,Safe (Not Churn)
C7163,Neha,0,0.02,Safe (Not Churn)
7164,Pooja,0,0.01,Safe (Not Churn)
7165,Simran,0,0.06,Safe (Not Churn)
7166,Ravi,1,0.85,Risk (Churn)
C7167,Priya,0,0.01,Safe (Not Churn)
Unknown,Kiran,1,1.0,Risk (Churn)
7169,Amit,0,0.06,Safe (Not Churn)
Unknown,Ankit,0,0.02,Safe (Not Churn)
C7171,Ankit,0,0.03,Safe (Not Churn)
Unknown,Ankit,0,0.03,Safe (Not Churn)
7173,Simran,0,0.04,Safe (Not Churn)
Unknown,Simran,0,0.03,Safe (Not Churn)
Unknown,Unknown,0,0.03,Safe (Not Churn)
Unknown,Sneha,0,0.03,Safe (Not Churn)
7177,Neha,0,0.08,Safe (Not Churn)
Unknown,Unknown,0,0.11,Safe (Not Churn)
7179,Rahul,0,0.01,Safe (Not Churn)
7180,Priya,0,0.0,Safe (Not Churn)
7181,Sneha,0,0.11,Safe (Not Churn)
7182,Unknown,0,0.02,Safe (Not Churn)
C7183,Sneha,0,0.0,Safe (Not Churn)
C7184,Unknown,0,0.03,Safe (Not Churn)
7185,Neha,0,0.03,Safe (Not Churn)
C7186,Neha,0,0.06,Safe (Not Churn)
C7187,Neha,0,0.02,Safe (Not Churn)
C7188,Priya,0,0.0,Safe (Not Churn)
7189,Sneha,0,0.01,Safe (Not Churn)
C7190,Unknown,0,0.02,Safe (Not Churn)
C7191,Ankit,1,0.98,Risk (Churn)
7192,Rahul,0,0.04,Safe (Not Churn)
7193,Kiran,0,0.04,Safe (Not Churn)
7194,Priya,0,0.13,Safe (Not Churn)
Unknown,Amit,0,0.02,Safe (Not Churn)
7196,Neha,0,0.0,Safe (Not Churn)
Unknown,Unknown,1,0.97,Risk (Churn)
7198,Unknown,0,0.0,Safe (Not Churn)
Unknown,Simran,0,0.01,Safe (Not Churn)
C7200,Pooja,1,0.91,Risk (Churn)
Unknown,Unknown,0,0.06,Safe (Not Churn)
7202,Rahul,0,0.03,Safe (Not Churn)
C7203,Amit,0,0.03,Safe (Not Churn)
7204,Unknown,0,0.0,Safe (Not Churn)
7205,Sneha,0,0.1,Safe (Not Churn)
7206,Priya,0,0.07,Safe (Not Churn)
Unknown,Amit,0,0.02,Safe (Not Churn)
7208,Pooja,0,0.01,Safe (Not Churn)
C7209,Ankit,0,0.02,Safe (Not Churn)
Unknown,Pooja,1,0.99,Risk (Churn)
Unknown,Priya,0,0.03,Safe (Not Churn)
C7212,Kiran,0,0.0,Safe (Not Churn)
C7213,Kiran,0,0.07,Safe (Not Churn)
7214,Pooja,1,0.96,Risk (Churn)
7215,Amit,0,0.01,Safe (Not Churn)
Unknown,Ravi,0,0.01,Safe (Not Churn)
7217,Pooja,0,0.02,Safe (Not Churn)
7218,Simran,0,0.03,Safe (Not Churn)
C7219,Pooja,0,0.03,Safe (Not Churn)
7220,Pooja,0,0.06,Safe (Not Churn)
7221,Pooja,0,0.05,Safe (Not Churn)
7222,Ravi,0,0.03,Safe (Not Churn)
C7223,Ravi,0,0.0,Safe (Not Churn)
Unknown,Simran,0,0.03,Safe (Not Churn)
7225,Pooja,0,0.01,Safe (Not Churn)
Unknown,Amit,0,0.02,Safe (Not Churn)
7227,Simran,0,0.03,Safe (Not Churn)
7228,Neha,0,0.11,Safe (Not Churn)
7229,Sneha,1,0.96,Risk (Churn)
Unknown,Priya,0,0.05,Safe (Not Churn)
C7231,Priya,0,0.28,Safe (Not Churn)
C7232,Ankit,0,0.01,Safe (Not Churn)
7233,Pooja,0,0.37,Safe (Not Churn)
7234,Kiran,0,0.0,Safe (Not Churn)
C7235,Unknown,0,0.0,Safe (Not Churn)
7236,Neha,0,0.01,Safe (Not Churn)
C7237,Priya,0,0.03,Safe (Not Churn)
7238,Pooja,0,0.04,Safe (Not Churn)
7239,Neha,0,0.0,Safe (Not Churn)
7240,Ravi,0,0.01,Safe (Not Churn)
C7241,Sneha,0,0.02,Safe (Not Churn)
7242,Sneha,0,0.01,Safe (Not Churn)
7243,Simran,0,0.02,Safe (Not Churn)
7244,Unknown,0,0.02,Safe (Not Churn)
C7245,Unknown,0,0.02,Safe (Not Churn)
7246,Priya,0,0.43,Safe (Not Churn)
Unknown,Priya,0,0.02,Safe (Not Churn)
7248,Unknown,0,0.03,Safe (Not Churn)
C7249,Sneha,0,0.0,Safe (Not Churn)
7250,Amit,0,0.0,Safe (Not Churn)
7251,Rahul,0,0.0,Safe (Not Churn)
Unknown,Neha,0,0.01,Safe (Not Churn)
Unknown,Ravi,0,0.03,Safe (Not Churn)
C7254,Priya,0,0.03,Safe (Not Churn)
Unknown,Simran,1,0.98,Risk (Churn)
Unknown,Ankit,0,0.0,Safe (Not Churn)
C7257,Priya,0,0.1,Safe (Not Churn)
Unknown,Pooja,0,0.46,Safe (Not Churn)
C7259,Rahul,1,1.0,Risk (Churn)
Unknown,Unknown,0,0.07,Safe (Not Churn)
C7261,Priya,0,0.16,Safe (Not Churn)
7262,Simran,0,0.09,Safe (Not Churn)
7263,Priya,0,0.05,Safe (Not Churn)
7264,Neha,1,0.64,Risk (Churn)
Unknown,Ankit,1,0.99,Risk (Churn)
7266,Kiran,0,0.01,Safe (Not Churn)
7267,Kiran,0,0.05,Safe (Not Churn)
7268,Sneha,0,0.19,Safe (Not Churn)
7269,Unknown,0,0.1,Safe (Not Churn)
Unknown,Priya,0,0.02,Safe (Not Churn)
Unknown,Kiran,0,0.01,Safe (Not Churn)
C7272,Simran,0,0.06,Safe (Not Churn)
C7273,Pooja,1,0.97,Risk (Churn)
7274,Unknown,0,0.35,Safe (Not Churn)
Unknown,Ravi,0,0.04,Safe (Not Churn)
C7276,Unknown,0,0.01,Safe (Not Churn)
Unknown,Kiran,0,0.05,Safe (Not Churn)
7278,Ravi,0,0.06,Safe (Not Churn)
C7279,Simran,0,0.03,Safe (Not Churn)
Unknown,Priya,0,0.01,Safe (Not Churn)
C7281,Kiran,0,0.0,Safe (Not Churn)
7282,Unknown,1,0.96,Risk (Churn)
C7283,Kiran,0,0.04,Safe (Not Churn)
7284,Ravi,0,0.05,Safe (Not Churn)
7285,Unknown,0,0.1,Safe (Not Churn)
C7286,Priya,0,0.02,Safe (Not Churn)
7287,Rahul,1,0.93,Risk (Churn)
7288,Ravi,0,0.05,Safe (Not Churn)
7289,Pooja,0,0.04,Safe (Not Churn)
7290,Kiran,0,0.0,Safe (Not Churn)
7291,Ankit,1,0.96,Risk (Churn)
7292,Priya,0,0.07,Safe (Not Churn)
Unknown,Kiran,0,0.01,Safe (Not Churn)
7294,Unknown,1,0.94,Risk (Churn)
C7295,Ankit,0,0.03,Safe (Not Churn)
7296,Unknown,0,0.04,Safe (Not Churn)
7297,Simran,0,0.08,Safe (Not Churn)
C7298,Pooja,0,0.01,Safe (Not Churn)
7299,Kiran,0,0.04,Safe (Not Churn)
C7300,Simran,0,0.06,Safe (Not Churn)
7301,Ankit,0,0.05,Safe (Not Churn)
7302,Rahul,0,0.05,Safe (Not Churn)
7303,Sneha,0,0.01,Safe (Not Churn)
7304,Ravi,1,0.98,Risk (Churn)
Unknown,Sneha,0,0.44,Safe (Not Churn)
7306,Rahul,1,0.93,Risk (Churn)
C7307,Pooja,0,0.0,Safe (Not Churn)
7308,Amit,0,0.02,Safe (Not Churn)
7309,Rahul,0,0.05,Safe (Not Churn)
C7310,Priya,1,0.52,Risk (Churn)
Unknown,Ankit,0,0.06,Safe (Not Churn)
Unknown,Unknown,0,0.0,Safe (Not Churn)
C7313,Simran,0,0.03,Safe (Not Churn)
7314,Amit,0,0.06,Safe (Not Churn)
C7315,Ravi,0,0.05,Safe (Not Churn)
Unknown,Priya,0,0.04,Safe (Not Churn)
C7317,Simran,1,0.69,Risk (Churn)
Unknown,Simran,0,0.0,Safe (Not Churn)
7319,Rahul,0,0.05,Safe (Not Churn)
C7320,Sneha,0,0.05,Safe (Not Churn)
Unknown,Unknown,0,0.04,Safe (Not Churn)
7322,Unknown,1,0.95,Risk (Churn)
C7323,Pooja,0,0.0,Safe (Not Churn)
7324,Simran,0,0.0,Safe (Not Churn)
C7325,Neha,0,0.01,Safe (Not Churn)
7326,Priya,0,0.03,Safe (Not Churn)
C7327,Unknown,0,0.02,Safe (Not Churn)
C7328,Sneha,0,0.0,Safe (Not Churn)
7329,Unknown,0,0.05,Safe (Not Churn)
7330,Amit,1,0.92,Risk (Churn)
7331,Amit,0,0.0,Safe (Not Churn)
7332,Simran,0,0.02,Safe (Not Churn)
Unknown,Ankit,0,0.03,Safe (Not Churn)
7334,Ankit,0,0.01,Safe (Not Churn)
7335,Simran,1,0.98,Risk (Churn)
7336,Kiran,0,0.01,Safe (Not Churn)
Unknown,Simran,0,0.41,Safe (Not Churn)
Unknown,Simran,0,0.0,Safe (Not Churn)
C7339,Sneha,0,0.07,Safe (Not Churn)
C7340,Ravi,0,0.1,Safe (Not Churn)
Unknown,Unknown,0,0.04,Safe (Not Churn)
7342,Simran,0,0.02,Safe (Not Churn)
7343,Pooja,1,0.99,Risk (Churn)
7344,Ankit,0,0.03,Safe (Not Churn)
7345,Unknown,1,0.95,Risk (Churn)
C7346,Simran,0,0.03,Safe (Not Churn)
Unknown,Ankit,0,0.01,Safe (Not Churn)
Unknown,Kiran,0,0.01,Safe (Not Churn)
7349,Neha,0,0.11,Safe (Not Churn)
Unknown,Neha,0,0.04,Safe (Not Churn)
7351,Amit,0,0.1,Safe (Not Churn)
Unknown,Sneha,1,0.52,Risk (Churn)
7353,Rahul,1,0.92,Risk (Churn)
7354,Unknown,0,0.0,Safe (Not Churn)
Unknown,Pooja,0,0.02,Safe (Not Churn)
Unknown,Rahul,0,0.03,Safe (Not Churn)
C7357,Priya,0,0.15,Safe (Not Churn)
C7358,Neha,0,0.02,Safe (Not Churn)
C7359,Priya,0,0.02,Safe (Not Churn)
Unknown,Kiran,0,0.01,Safe (Not Churn)
7361,Unknown,0,0.05,Safe (Not Churn)
Unknown,Kiran,0,0.12,Safe (Not Churn)
C7363,Kiran,0,0.02,Safe (Not Churn)
7364,Simran,0,0.04,Safe (Not Churn)
Unknown,Pooja,0,0.0,Safe (Not Churn)
Unknown,Priya,0,0.04,Safe (Not Churn)
7367,Unknown,0,0.0,Safe (Not Churn)
Unknown,Unknown,1,0.98,Risk (Churn)
7369,Ankit,0,0.07,Safe (Not Churn)
7370,Ankit,0,0.04,Safe (Not Churn)
Unknown,Ravi,0,0.01,Safe (Not Churn)
Unknown,Priya,1,0.94,Risk (Churn)
7373,Kiran,0,0.02,Safe (Not Churn)
7374,Simran,0,0.01,Safe (Not Churn)
7375,Sneha,0,0.0,Safe (Not Churn)
Unknown,Unknown,0,0.01,Safe (Not Churn)
C7377,Sneha,0,0.04,Safe (Not Churn)
Unknown,Ankit,0,0.01,Safe (Not Churn)
7379,Ankit,0,0.02,Safe (Not Churn)
C7380,Sneha,0,0.02,Safe (Not Churn)
Unknown,Priya,0,0.0,Safe (Not Churn)
C7382,Ravi,0,0.02,Safe (Not Churn)
C7383,Priya,0,0.0,Safe (Not Churn)
7384,Neha,0,0.03,Safe (Not Churn)
7385,Unknown,0,0.0,Safe (Not Churn)
7386,Ravi,0,0.03,Safe (Not Churn)
C7387,Pooja,0,0.02,Safe (Not Churn)
C7388,Sneha,0,0.0,Safe (Not Churn)
7389,Ankit,0,0.01,Safe (Not Churn)
Unknown,Pooja,1,0.77,Risk (Churn)
7391,Kiran,0,0.09,Safe (Not Churn)
7392,Sneha,0,0.38,Safe (Not Churn)
Unknown,Neha,0,0.01,Safe (Not Churn)
7394,Ravi,0,0.02,Safe (Not Churn)
C7395,Priya,1,0.95,Risk (Churn)
7396,Ravi,0,0.02,Safe (Not Churn)
7397,Ravi,0,0.01,Safe (Not Churn)
7398,Simran,0,0.03,Safe (Not Churn)
C7399,Kiran,0,0.0,Safe (Not Churn)
Unknown,Rahul,0,0.0,Safe (Not Churn)
C7401,Sneha,0,0.01,Safe (Not Churn)
7402,Kiran,0,0.02,Safe (Not Churn)
C7403,Ankit,0,0.04,Safe (Not Churn)
7404,Pooja,0,0.02,Safe (Not Churn)
C7405,Unknown,0,0.09,Safe (Not Churn)
Unknown,Amit,0,0.01,Safe (Not Churn)
7407,Ankit,0,0.02,Safe (Not Churn)
7408,Priya,0,0.02,Safe (Not Churn)
7409,Unknown,0,0.02,Safe (Not Churn)
Unknown,Amit,0,0.08,Safe (Not Churn)
C7411,Sneha,0,0.03,Safe (Not Churn)
7412,Pooja,0,0.07,Safe (Not Churn)
Unknown,Ankit,1,0.71,Risk (Churn)
7414,Unknown,0,0.01,Safe (Not Churn)
7415,Ravi,1,0.97,Risk (Churn)
7416,Priya,0,0.03,Safe (Not Churn)
7417,Rahul,0,0.08,Safe (Not Churn)
Unknown,Simran,0,0.0,Safe (Not Churn)
C7419,Ankit,0,0.02,Safe (Not Churn)
7420,Simran,0,0.02,Safe (Not Churn)
7421,Priya,0,0.04,Safe (Not Churn)
7422,Simran,0,0.01,Safe (Not Churn)
7423,Kiran,0,0.03,Safe (Not Churn)
7424,Simran,0,0.01,Safe (Not Churn)
7425,Rahul,0,0.02,Safe (Not Churn)
7426,Priya,0,0.02,Safe (Not Churn)
Unknown,Pooja,0,0.07,Safe (Not Churn)
7428,Ankit,1,0.94,Risk (Churn)
Unknown,Amit,0,0.04,Safe (Not Churn)
C7430,Ravi,0,0.01,Safe (Not Churn)
7431,Amit,0,0.02,Safe (Not Churn)
C7432,Neha,0,0.06,Safe (Not Churn)
C7433,Rahul,1,0.99,Risk (Churn)
7434,Ravi,1,0.66,Risk (Churn)
C7435,Sneha,1,0.92,Risk (Churn)
C7436,Unknown,0,0.02,Safe (Not Churn)
7437,Unknown,0,0.04,Safe (Not Churn)
7438,Ravi,1,0.98,Risk (Churn)
Unknown,Rahul,0,0.01,Safe (Not Churn)
C7440,Neha,0,0.02,Safe (Not Churn)
Unknown,Amit,0,0.0,Safe (Not Churn)
7442,Amit,0,0.06,Safe (Not Churn)
Unknown,Kiran,0,0.11,Safe (Not Churn)
C7444,Rahul,1,1.0,Risk (Churn)
C7445,Simran,1,0.72,Risk (Churn)
Unknown,Unknown,0,0.07,Safe (Not Churn)
C7447,Amit,0,0.14,Safe (Not Churn)
7448,Rahul,0,0.04,Safe (Not Churn)
C7449,Ankit,0,0.04,Safe (Not Churn)
7450,Sneha,0,0.0,Safe (Not Churn)
7451,Ankit,1,0.96,Risk (Churn)
Unknown,Kiran,0,0.01,Safe (Not Churn)
Unknown,Kiran,0,0.02,Safe (Not Churn)
7454,Sneha,0,0.0,Safe (Not Churn)
7455,Sneha,0,0.01,Safe (Not Churn)
7456,Kiran,0,0.06,Safe (Not Churn)
7457,Neha,0,0.0,Safe (Not Churn)
Unknown,Sneha,0,0.0,Safe (Not Churn)
7459,Neha,0,0.01,Safe (Not Churn)
7460,Ankit,0,0.0,Safe (Not Churn)
7461,Simran,1,0.87,Risk (Churn)
Unknown,Unknown,0,0.0,Safe (Not Churn)
Unknown,Ravi,0,0.0,Safe (Not Churn)
Unknown,Pooja,0,0.03,Safe (Not Churn)
Unknown,Sneha,0,0.0,Safe (Not Churn)
Unknown,Priya,0,0.05,Safe (Not Churn)
7467,Sneha,1,0.93,Risk (Churn)
C7468,Amit,0,0.06,Safe (Not Churn)
7469,Priya,0,0.05,Safe (Not Churn)
C7470,Simran,0,0.09,Safe (Not Churn)
7471,Priya,0,0.01,Safe (Not Churn)
7472,Kiran,1,0.69,Risk (Churn)
7473,Unknown,0,0.01,Safe (Not Churn)
7474,Simran,0,0.02,Safe (Not Churn)
Unknown,Pooja,0,0.01,Safe (Not Churn)
C7476,Neha,1,0.99,Risk (Churn)
Unknown,Unknown,0,0.02,Safe (Not Churn)
C7478,Simran,0,0.39,Safe (Not Churn)
Unknown,Unknown,0,0.04,Safe (Not Churn)
7480,Neha,1,1.0,Risk (Churn)
7481,Simran,0,0.03,Safe (Not Churn)
C7482,Simran,0,0.08,Safe (Not Churn)
C7483,Unknown,0,0.08,Safe (Not Churn)
Unknown,Simran,0,0.0,Safe (Not Churn)
7485,Priya,0,0.02,Safe (Not Churn)
Unknown,Neha,0,0.01,Safe (Not Churn)
C7487,Ravi,0,0.0,Safe (Not Churn)
7488,Amit,0,0.01,Safe (Not Churn)
7489,Pooja,0,0.01,Safe (Not Churn)
7490,Rahul,1,0.98,Risk (Churn)
C7491,Priya,0,0.02,Safe (Not Churn)
7492,Neha,0,0.12,Safe (Not Churn)
7493,Amit,0,0.04,Safe (Not Churn)
Unknown,Pooja,0,0.03,Safe (Not Churn)
7495,Unknown,0,0.01,Safe (Not Churn)
Unknown,Kiran,0,0.07,Safe (Not Churn)
C7497,Priya,0,0.0,Safe (Not Churn)
C7498,Kiran,0,0.01,Safe (Not Churn)
7499,Ankit,0,0.02,Safe (Not Churn)
Unknown,Amit,0,0.01,Safe (Not Churn)
Unknown,Ravi,0,0.0,Safe (Not Churn)
7502,Neha,0,0.01,Safe (Not Churn)
Unknown,Amit,0,0.11,Safe (Not Churn)
Unknown,Simran,0,0.01,Safe (Not Churn)
Unknown,Pooja,0,0.02,Safe (Not Churn)
Unknown,Kiran,0,0.02,Safe (Not Churn)
7507,Pooja,0,0.02,Safe (Not Churn)
7508,Amit,0,0.0,Safe (Not Churn)
7509,Unknown,0,0.06,Safe (Not Churn)
C7510,Simran,0,0.05,Safe (Not Churn)
7511,Rahul,0,0.07,Safe (Not Churn)
7512,Rahul,1,0.98,Risk (Churn)
7513,Rahul,0,0.19,Safe (Not Churn)
Unknown,Unknown,0,0.0,Safe (Not Churn)
Unknown,Ankit,0,0.01,Safe (Not Churn)
C7516,Pooja,0,0.05,Safe (Not Churn)
Unknown,Unknown,0,0.01,Safe (Not Churn)
C7518,Amit,0,0.0,Safe (Not Churn)
C7519,Unknown,1,0.98,Risk (Churn)
Unknown,Amit,0,0.0,Safe (Not Churn)
C7521,Pooja,0,0.01,Safe (Not Churn)
7522,Priya,0,0.01,Safe (Not Churn)
C7523,Rahul,1,1.0,Risk (Churn)
C7524,Rahul,0,0.02,Safe (Not Churn)
C7525,Simran,0,0.0,Safe (Not Churn)
7526,Simran,0,0.05,Safe (Not Churn)
Unknown,Rahul,0,0.03,Safe (Not Churn)
7528,Ankit,0,0.01,Safe (Not Churn)
7529,Ravi,0,0.04,Safe (Not Churn)
7530,Rahul,0,0.03,Safe (Not Churn)
7531,Unknown,0,0.0,Safe (Not Churn)
Unknown,Pooja,0,0.03,Safe (Not Churn)
7533,Ankit,0,0.01,Safe (Not Churn)
7534,Kiran,0,0.0,Safe (Not Churn)
7535,Sneha,0,0.13,Safe (Not Churn)
7536,Amit,0,0.03,Safe (Not Churn)
7537,Ravi,0,0.04,Safe (Not Churn)
7538,Pooja,0,0.02,Safe (Not Churn)
C7539,Rahul,0,0.03,Safe (Not Churn)
7540,Kiran,1,0.79,Risk (Churn)
Unknown,Unknown,0,0.09,Safe (Not Churn)
7542,Unknown,0,0.05,Safe (Not Churn)
7543,Pooja,0,0.0,Safe (Not Churn)
7544,Unknown,0,0.01,Safe (Not Churn)
7545,Neha,0,0.04,Safe (Not Churn)
7546,Neha,0,0.25,Safe (Not Churn)
Unknown,Priya,0,0.02,Safe (Not Churn)
C7548,Simran,0,0.05,Safe (Not Churn)
7549,Kiran,0,0.03,Safe (Not Churn)
7550,Pooja,0,0.02,Safe (Not Churn)
C7551,Pooja,0,0.01,Safe (Not Churn)
C7552,Simran,0,0.05,Safe (Not Churn)
Unknown,Unknown,0,0.0,Safe (Not Churn)
Unknown,Pooja,0,0.01,Safe (Not Churn)
Unknown,Simran,0,0.01,Safe (Not Churn)
C7556,Amit,0,0.03,Safe (Not Churn)
Unknown,Priya,1,0.98,Risk (Churn)
Unknown,Simran,1,0.91,Risk (Churn)
C7559,Priya,1,0.98,Risk (Churn)
Unknown,Priya,0,0.05,Safe (Not Churn)
7561,Neha,1,0.96,Risk (Churn)
7562,Unknown,0,0.0,Safe (Not Churn)
7563,Priya,0,0.01,Safe (Not Churn)
7564,Ravi,0,0.04,Safe (Not Churn)
7565,Neha,0,0.07,Safe (Not Churn)
Unknown,Sneha,0,0.03,Safe (Not Churn)
7567,Simran,0,0.03,Safe (Not Churn)
7568,Unknown,0,0.07,Safe (Not Churn)
Unknown,Ankit,0,0.05,Safe (Not Churn)
C7570,Ankit,1,0.92,Risk (Churn)
C7571,Ankit,1,0.97,Risk (Churn)
7572,Pooja,1,1.0,Risk (Churn)
Unknown,Unknown,0,0.07,Safe (Not Churn)
C7574,Amit,0,0.04,Safe (Not Churn)
Unknown,Amit,0,0.4,Safe (Not Churn)
Unknown,Neha,1,0.95,Risk (Churn)
Unknown,Priya,1,1.0,Risk (Churn)
C7578,Neha,0,0.06,Safe (Not Churn)
7579,Ravi,0,0.06,Safe (Not Churn)
7580,Kiran,0,0.0,Safe (Not Churn)
C7581,Ankit,1,1.0,Risk (Churn)
Unknown,Pooja,0,0.04,Safe (Not Churn)
Unknown,Priya,1,0.6,Risk (Churn)
7584,Neha,0,0.04,Safe (Not Churn)
Unknown,Sneha,0,0.04,Safe (Not Churn)
7586,Pooja,0,0.04,Safe (Not Churn)
7587,Pooja,0,0.04,Safe (Not Churn)
7588,Ankit,0,0.03,Safe (Not Churn)
7589,Sneha,0,0.01,Safe (Not Churn)
C7590,Unknown,0,0.08,Safe (Not Churn)
7591,Priya,0,0.04,Safe (Not Churn)
7592,Unknown,0,0.04,Safe (Not Churn)
7593,Pooja,0,0.09,Safe (Not Churn)
7594,Priya,0,0.01,Safe (Not Churn)
C7595,Sneha,0,0.08,Safe (Not Churn)
Unknown,Sneha,0,0.1,Safe (Not Churn)
Unknown,Ankit,0,0.06,Safe (Not Churn)
7598,Sneha,0,0.39,Safe (Not Churn)
7599,Sneha,0,0.01,Safe (Not Churn)
7600,Priya,0,0.03,Safe (Not Churn)
7601,Rahul,0,0.02,Safe (Not Churn)
7602,Sneha,0,0.02,Safe (Not Churn)
C7603,Rahul,0,0.03,Safe (Not Churn)
Unknown,Sneha,0,0.0,Safe (Not Churn)
Unknown,Unknown,0,0.02,Safe (Not Churn)
Unknown,Unknown,0,0.01,Safe (Not Churn)
Unknown,Ankit,0,0.0,Safe (Not Churn)
C7608,Priya,0,0.04,Safe (Not Churn)
7609,Kiran,0,0.02,Safe (Not Churn)
C7610,Kiran,0,0.06,Safe (Not Churn)
7611,Ankit,0,0.03,Safe (Not Churn)
7612,Simran,1,0.94,Risk (Churn)
C7613,Sneha,0,0.02,Safe (Not Churn)
Unknown,Sneha,1,0.89,Risk (Churn)
7615,Ankit,0,0.01,Safe (Not Churn)
7616,Kiran,0,0.03,Safe (Not Churn)
7617,Kiran,0,0.01,Safe (Not Churn)
7618,Ravi,0,0.0,Safe (Not Churn)
7619,Sneha,1,0.93,Risk (Churn)
C7620,Simran,1,0.99,Risk (Churn)
7621,Amit,0,0.04,Safe (Not Churn)
7622,Unknown,0,0.03,Safe (Not Churn)
C7623,Kiran,0,0.01,Safe (Not Churn)
7624,Simran,0,0.02,Safe (Not Churn)
C7625,Pooja,1,0.99,Risk (Churn)
7626,Sneha,0,0.02,Safe (Not Churn)
7627,Ravi,0,0.07,Safe (Not Churn)
7628,Pooja,0,0.01,Safe (Not Churn)
C7629,Unknown,1,0.99,Risk (Churn)
7630,Sneha,0,0.02,Safe (Not Churn)
7631,Ravi,0,0.06,Safe (Not Churn)
C7632,Pooja,1,0.98,Risk (Churn)
7633,Unknown,0,0.01,Safe (Not Churn)
C7634,Kiran,0,0.05,Safe (Not Churn)
7635,Unknown,0,0.01,Safe (Not Churn)
C7636,Unknown,0,0.05,Safe (Not Churn)
Unknown,Amit,0,0.21,Safe (Not Churn)
7638,Amit,0,0.0,Safe (Not Churn)
7639,Amit,1,0.87,Risk (Churn)
7640,Amit,1,0.53,Risk (Churn)
7641,Unknown,0,0.05,Safe (Not Churn)
7642,Unknown,0,0.01,Safe (Not Churn)
C7643,Rahul,0,0.03,Safe (Not Churn)
Unknown,Amit,0,0.05,Safe (Not Churn)
Unknown,Unknown,0,0.08,Safe (Not Churn)
7646,Unknown,1,0.93,Risk (Churn)
7647,Unknown,0,0.04,Safe (Not Churn)
7648,Neha,0,0.06,Safe (Not Churn)
Unknown,Ankit,0,0.03,Safe (Not Churn)
7650,Neha,0,0.02,Safe (Not Churn)
7651,Neha,0,0.05,Safe (Not Churn)
7652,Sneha,0,0.02,Safe (Not Churn)
Unknown,Sneha,0,0.03,Safe (Not Churn)
7654,Amit,0,0.03,Safe (Not Churn)
Unknown,Sneha,0,0.01,Safe (Not Churn)
Unknown,Neha,0,0.01,Safe (Not Churn)
Unknown,Neha,0,0.05,Safe (Not Churn)
7658,Pooja,0,0.02,Safe (Not Churn)
Unknown,Unknown,0,0.02,Safe (Not Churn)
C7660,Sneha,0,0.01,Safe (Not Churn)
7661,Ankit,0,0.04,Safe (Not Churn)
C7662,Ravi,0,0.02,Safe (Not Churn)
Unknown,Priya,1,0.96,Risk (Churn)
Unknown,Amit,0,0.07,Safe (Not Churn)
C7665,Ankit,1,0.98,Risk (Churn)
C7666,Ankit,1,1.0,Risk (Churn)
C7667,Rahul,0,0.01,Safe (Not Churn)
C7668,Ravi,0,0.03,Safe (Not Churn)
Unknown,Amit,0,0.08,Safe (Not Churn)
7670,Sneha,0,0.01,Safe (Not Churn)
Unknown,Pooja,0,0.01,Safe (Not Churn)
C7672,Kiran,0,0.01,Safe (Not Churn)
C7673,Priya,0,0.03,Safe (Not Churn)
7674,Sneha,0,0.05,Safe (Not Churn)
7675,Kiran,0,0.01,Safe (Not Churn)
C7676,Ravi,1,0.92,Risk (Churn)
7677,Simran,0,0.0,Safe (Not Churn)
C7678,Rahul,0,0.02,Safe (Not Churn)
7679,Unknown,0,0.0,Safe (Not Churn)
C7680,Neha,0,0.03,Safe (Not Churn)
7681,Pooja,0,0.02,Safe (Not Churn)
C7682,Neha,0,0.0,Safe (Not Churn)
7683,Rahul,0,0.04,Safe (Not Churn)
7684,Neha,0,0.12,Safe (Not Churn)
7685,Unknown,0,0.15,Safe (Not Churn)
C7686,Kiran,1,0.99,Risk (Churn)
7687,Pooja,0,0.01,Safe (Not Churn)
7688,Amit,0,0.02,Safe (Not Churn)
C7689,Neha,0,0.05,Safe (Not Churn)
7690,Ravi,1,0.96,Risk (Churn)
7691,Pooja,0,0.05,Safe (Not Churn)
7692,Unknown,0,0.04,Safe (Not Churn)
C7693,Unknown,0,0.02,Safe (Not Churn)
7694,Priya,0,0.04,Safe (Not Churn)
7695,Priya,0,0.01,Safe (Not Churn)
Unknown,Unknown,0,0.04,Safe (Not Churn)
7697,Rahul,0,0.03,Safe (Not Churn)
C7698,Rahul,0,0.08,Safe (Not Churn)
7699,Priya,0,0.0,Safe (Not Churn)
Unknown,Kiran,0,0.02,Safe (Not Churn)
C7701,Ankit,0,0.0,Safe (Not Churn)
7702,Sneha,0,0.03,Safe (Not Churn)
7703,Simran,1,0.98,Risk (Churn)
7704,Rahul,0,0.01,Safe (Not Churn)
7705,Amit,1,0.68,Risk (Churn)
C7706,Amit,1,0.64,Risk (Churn)
7707,Kiran,1,0.83,Risk (Churn)
7708,Priya,0,0.07,Safe (Not Churn)
C7709,Unknown,0,0.0,Safe (Not Churn)
C7710,Amit,0,0.02,Safe (Not Churn)
7711,Unknown,0,0.38,Safe (Not Churn)
7712,Ravi,0,0.01,Safe (Not Churn)
7713,Priya,0,0.02,Safe (Not Churn)
Unknown,Ankit,1,0.96,Risk (Churn)
7715,Priya,0,0.05,Safe (Not Churn)
7716,Rahul,0,0.0,Safe (Not Churn)
C7717,Unknown,0,0.0,Safe (Not Churn)
7718,Simran,0,0.03,Safe (Not Churn)
7719,Neha,0,0.16,Safe (Not Churn)
7720,Unknown,0,0.04,Safe (Not Churn)
7721,Rahul,1,0.93,Risk (Churn)
7722,Sneha,0,0.01,Safe (Not Churn)
7723,Priya,1,0.75,Risk (Churn)
C7724,Kiran,0,0.04,Safe (Not Churn)
7725,Kiran,0,0.02,Safe (Not Churn)
Unknown,Ankit,0,0.01,Safe (Not Churn)
7727,Kiran,1,0.95,Risk (Churn)
C7728,Rahul,0,0.0,Safe (Not Churn)
C7729,Ravi,0,0.08,Safe (Not Churn)
7730,Sneha,0,0.01,Safe (Not Churn)
7731,Sneha,0,0.03,Safe (Not Churn)
C7732,Ankit,0,0.0,Safe (Not Churn)
7733,Ravi,1,0.61,Risk (Churn)
7734,Rahul,0,0.06,Safe (Not Churn)
Unknown,Amit,0,0.01,Safe (Not Churn)
Unknown,Neha,0,0.06,Safe (Not Churn)
7737,Ankit,0,0.06,Safe (Not Churn)
C7738,Unknown,1,0.95,Risk (Churn)
7739,Unknown,0,0.05,Safe (Not Churn)
7740,Kiran,0,0.02,Safe (Not Churn)
Unknown,Simran,0,0.08,Safe (Not Churn)
C7742,Kiran,0,0.05,Safe (Not Churn)
7743,Sneha,0,0.03,Safe (Not Churn)
7744,Amit,0,0.05,Safe (Not Churn)
C7745,Sneha,0,0.05,Safe (Not Churn)
7746,Unknown,1,0.9,Risk (Churn)
Unknown,Pooja,0,0.02,Safe (Not Churn)
7748,Pooja,0,0.0,Safe (Not Churn)
7749,Pooja,0,0.0,Safe (Not Churn)
7750,Sneha,0,0.05,Safe (Not Churn)
7751,Sneha,0,0.01,Safe (Not Churn)
C7752,Kiran,0,0.03,Safe (Not Churn)
7753,Ankit,0,0.01,Safe (Not Churn)
7754,Sneha,0,0.03,Safe (Not Churn)
7755,Simran,0,0.02,Safe (Not Churn)
7756,Sneha,0,0.03,Safe (Not Churn)
7757,Unknown,1,0.99,Risk (Churn)
Unknown,Sneha,0,0.02,Safe (Not Churn)
7759,Amit,0,0.02,Safe (Not Churn)
C7760,Sneha,0,0.0,Safe (Not Churn)
7761,Sneha,0,0.0,Safe (Not Churn)
Unknown,Simran,0,0.0,Safe (Not Churn)
Unknown,Sneha,0,0.02,Safe (Not Churn)
7764,Amit,0,0.02,Safe (Not Churn)
Unknown,Pooja,0,0.06,Safe (Not Churn)
Unknown,Unknown,0,0.04,Safe (Not Churn)
Unknown,Priya,0,0.0,Safe (Not Churn)
7768,Neha,0,0.02,Safe (Not Churn)
C7769,Neha,0,0.01,Safe (Not Churn)
7770,Unknown,0,0.02,Safe (Not Churn)
7771,Priya,0,0.07,Safe (Not Churn)
7772,Ravi,0,0.04,Safe (Not Churn)
7773,Priya,0,0.07,Safe (Not Churn)
C7774,Sneha,0,0.01,Safe (Not Churn)
C7775,Kiran,0,0.03,Safe (Not Churn)
7776,Ravi,0,0.14,Safe (Not Churn)
7777,Neha,0,0.0,Safe (Not Churn)
Unknown,Unknown,0,0.01,Safe (Not Churn)
Unknown,Pooja,0,0.0,Safe (Not Churn)
7780,Ankit,0,0.02,Safe (Not Churn)
Unknown,Ravi,0,0.05,Safe (Not Churn)
7782,Sneha,0,0.2,Safe (Not Churn)
Unknown,Pooja,1,0.98,Risk (Churn)
7784,Ravi,0,0.12,Safe (Not Churn)
C7785,Ankit,0,0.04,Safe (Not Churn)
Unknown,Neha,0,0.03,Safe (Not Churn)
7787,Sneha,0,0.05,Safe (Not Churn)
7788,Priya,0,0.02,Safe (Not Churn)
Unknown,Ravi,1,0.78,Risk (Churn)
C7790,Rahul,0,0.03,Safe (Not Churn)
7791,Neha,0,0.05,Safe (Not Churn)
7792,Amit,0,0.01,Safe (Not Churn)
Unknown,Sneha,1,0.9,Risk (Churn)
7794,Sneha,0,0.07,Safe (Not Churn)
Unknown,Priya,0,0.08,Safe (Not Churn)
7796,Kiran,1,0.66,Risk (Churn)
Unknown,Pooja,1,0.97,Risk (Churn)
C7798,Sneha,0,0.01,Safe (Not Churn)
7799,Neha,0,0.04,Safe (Not Churn)
7800,Priya,1,1.0,Risk (Churn)
Unknown,Ravi,0,0.32,Safe (Not Churn)
Unknown,Rahul,1,0.97,Risk (Churn)
7803,Amit,1,0.92,Risk (Churn)
7804,Sneha,0,0.06,Safe (Not Churn)
Unknown,Rahul,0,0.06,Safe (Not Churn)
C7806,Ravi,0,0.02,Safe (Not Churn)
7807,Simran,1,0.93,Risk (Churn)
7808,Kiran,1,0.95,Risk (Churn)
C7809,Simran,1,0.95,Risk (Churn)
Unknown,Unknown,0,0.43,Safe (Not Churn)
C7811,Ankit,1,0.96,Risk (Churn)
7812,Unknown,0,0.14,Safe (Not Churn)
7813,Unknown,0,0.06,Safe (Not Churn)
7814,Pooja,0,0.01,Safe (Not Churn)
7815,Amit,1,0.93,Risk (Churn)
7816,Unknown,0,0.1,Safe (Not Churn)
7817,Simran,0,0.02,Safe (Not Churn)
7818,Amit,0,0.13,Safe (Not Churn)
7819,Amit,0,0.06,Safe (Not Churn)
7820,Simran,0,0.02,Safe (Not Churn)
7821,Priya,0,0.0,Safe (Not Churn)
7822,Kiran,0,0.02,Safe (Not Churn)
C7823,Amit,0,0.01,Safe (Not Churn)
7824,Kiran,0,0.0,Safe (Not Churn)
7825,Unknown,1,0.99,Risk (Churn)
7826,Unknown,0,0.08,Safe (Not Churn)
7827,Pooja,0,0.04,Safe (Not Churn)
C7828,Sneha,0,0.03,Safe (Not Churn)
7829,Ankit,0,0.09,Safe (Not Churn)
C7830,Ravi,0,0.0,Safe (Not Churn)
C7831,Rahul,0,0.08,Safe (Not Churn)
Unknown,Ravi,0,0.01,Safe (Not Churn)
Unknown,Kiran,0,0.02,Safe (Not Churn)
C7834,Ankit,1,0.92,Risk (Churn)
C7835,Simran,1,0.97,Risk (Churn)
7836,Ravi,0,0.0,Safe (Not Churn)
C7837,Ravi,0,0.03,Safe (Not Churn)
C7838,Amit,0,0.03,Safe (Not Churn)
Unknown,Unknown,0,0.03,Safe (Not Churn)
7840,Ravi,0,0.02,Safe (Not Churn)
C7841,Kiran,0,0.04,Safe (Not Churn)
C7842,Neha,0,0.0,Safe (Not Churn)
C7843,Rahul,0,0.05,Safe (Not Churn)
C7844,Sneha,1,0.93,Risk (Churn)
7845,Amit,0,0.06,Safe (Not Churn)
7846,Rahul,0,0.03,Safe (Not Churn)
C7847,Rahul,0,0.0,Safe (Not Churn)
7848,Unknown,0,0.07,Safe (Not Churn)
C7849,Neha,0,0.02,Safe (Not Churn)
7850,Priya,1,0.73,Risk (Churn)
7851,Simran,0,0.04,Safe (Not Churn)
C7852,Amit,0,0.06,Safe (Not Churn)
7853,Unknown,0,0.02,Safe (Not Churn)
C7854,Ankit,1,0.89,Risk (Churn)
C7855,Unknown,0,0.01,Safe (Not Churn)
C7856,Rahul,1,0.99,Risk (Churn)
Unknown,Ravi,0,0.01,Safe (Not Churn)
C7858,Unknown,1,0.98,Risk (Churn)
Unknown,Rahul,0,0.0,Safe (Not Churn)
7860,Amit,0,0.04,Safe (Not Churn)
Unknown,Ravi,0,0.01,Safe (Not Churn)
7862,Simran,0,0.02,Safe (Not Churn)
Unknown,Rahul,0,0.35,Safe (Not Churn)
7864,Ankit,0,0.02,Safe (Not Churn)
7865,Kiran,0,0.03,Safe (Not Churn)
Unknown,Sneha,0,0.0,Safe (Not Churn)
7867,Unknown,0,0.0,Safe (Not Churn)
C7868,Rahul,0,0.0,Safe (Not Churn)
7869,Ankit,0,0.05,Safe (Not Churn)
7870,Amit,0,0.03,Safe (Not Churn)
7871,Pooja,0,0.07,Safe (Not Churn)
7872,Unknown,0,0.16,Safe (Not Churn)
7873,Neha,1,0.95,Risk (Churn)
7874,Kiran,0,0.0,Safe (Not Churn)
Unknown,Priya,0,0.08,Safe (Not Churn)
Unknown,Unknown,0,0.01,Safe (Not Churn)
7877,Ravi,0,0.01,Safe (Not Churn)
7878,Ravi,0,0.05,Safe (Not Churn)
C7879,Ankit,0,0.01,Safe (Not Churn)
Unknown,Priya,0,0.3,Safe (Not Churn)
C7881,Kiran,0,0.03,Safe (Not Churn)
7882,Ravi,0,0.08,Safe (Not Churn)
7883,Neha,0,0.08,Safe (Not Churn)
C7884,Sneha,0,0.05,Safe (Not Churn)
Unknown,Amit,0,0.04,Safe (Not Churn)
7886,Neha,0,0.01,Safe (Not Churn)
7887,Ankit,1,0.85,Risk (Churn)
7888,Unknown,0,0.04,Safe (Not Churn)
Unknown,Ankit,1,0.99,Risk (Churn)
C7890,Unknown,0,0.06,Safe (Not Churn)
7891,Unknown,0,0.05,Safe (Not Churn)
7892,Ravi,0,0.05,Safe (Not Churn)
Unknown,Kiran,0,0.01,Safe (Not Churn)
C7894,Pooja,1,1.0,Risk (Churn)
7895,Neha,0,0.02,Safe (Not Churn)
C7896,Simran,0,0.03,Safe (Not Churn)
7897,Pooja,1,0.96,Risk (Churn)
Unknown,Priya,0,0.05,Safe (Not Churn)
C7899,Amit,0,0.01,Safe (Not Churn)
7900,Pooja,0,0.0,Safe (Not Churn)
7901,Neha,0,0.04,Safe (Not Churn)
7902,Sneha,1,0.94,Risk (Churn)
C7903,Simran,0,0.01,Safe (Not Churn)
7904,Pooja,0,0.01,Safe (Not Churn)
7905,Rahul,1,0.63,Risk (Churn)
7906,Rahul,0,0.0,Safe (Not Churn)
7907,Neha,1,0.98,Risk (Churn)
7908,Ankit,0,0.03,Safe (Not Churn)
7909,Priya,0,0.13,Safe (Not Churn)
7910,Ravi,0,0.02,Safe (Not Churn)
C7911,Ravi,0,0.02,Safe (Not Churn)
Unknown,Neha,1,0.94,Risk (Churn)
7913,Amit,0,0.05,Safe (Not Churn)
C7914,Kiran,0,0.34,Safe (Not Churn)
7915,Amit,0,0.48,Safe (Not Churn)
C7916,Pooja,1,0.98,Risk (Churn)
C7917,Sneha,1,0.92,Risk (Churn)
Unknown,Kiran,0,0.06,Safe (Not Churn)
7919,Amit,0,0.06,Safe (Not Churn)
C7920,Ravi,0,0.03,Safe (Not Churn)
C7921,Kiran,0,0.06,Safe (Not Churn)
C7922,Kiran,0,0.02,Safe (Not Churn)
Unknown,Unknown,0,0.03,Safe (Not Churn)
7924,Priya,0,0.0,Safe (Not Churn)
7925,Unknown,0,0.0,Safe (Not Churn)
Unknown,Pooja,0,0.02,Safe (Not Churn)
Unknown,Kiran,0,0.08,Safe (Not Churn)
7928,Rahul,0,0.07,Safe (Not Churn)
C7929,Amit,1,0.59,Risk (Churn)
C7930,Ankit,0,0.0,Safe (Not Churn)
7931,Pooja,0,0.02,Safe (Not Churn)
7932,Ankit,0,0.02,Safe (Not Churn)
C7933,Ravi,0,0.03,Safe (Not Churn)
C7934,Ankit,0,0.0,Safe (Not Churn)
7935,Priya,0,0.0,Safe (Not Churn)
Unknown,Unknown,1,0.93,Risk (Churn)
7937,Pooja,1,0.98,Risk (Churn)
C7938,Unknown,0,0.09,Safe (Not Churn)
7939,Ankit,1,0.97,Risk (Churn)
Unknown,Ankit,0,0.05,Safe (Not Churn)
Unknown,Amit,0,0.05,Safe (Not Churn)
C7942,Kiran,1,0.93,Risk (Churn)
C7943,Neha,1,0.97,Risk (Churn)
7944,Amit,0,0.03,Safe (Not Churn)
7945,Pooja,0,0.04,Safe (Not Churn)
7946,Sneha,0,0.03,Safe (Not Churn)
7947,Sneha,0,0.04,Safe (Not Churn)
Unknown,Ravi,0,0.0,Safe (Not Churn)
Unknown,Unknown,0,0.01,Safe (Not Churn)
Unknown,Ankit,0,0.05,Safe (Not Churn)
7951,Kiran,1,0.99,Risk (Churn)
7952,Rahul,1,0.96,Risk (Churn)
7953,Pooja,0,0.06,Safe (Not Churn)
7954,Kiran,0,0.01,Safe (Not Churn)
7955,Kiran,0,0.03,Safe (Not Churn)
C7956,Ankit,0,0.0,Safe (Not Churn)
7957,Unknown,1,0.97,Risk (Churn)
7958,Ravi,0,0.01,Safe (Not Churn)
7959,Ravi,0,0.08,Safe (Not Churn)
7960,Rahul,0,0.04,Safe (Not Churn)
7961,Ankit,0,0.08,Safe (Not Churn)
C7962,Ankit,0,0.0,Safe (Not Churn)
7963,Unknown,0,0.01,Safe (Not Churn)
7964,Neha,0,0.01,Safe (Not Churn)
Unknown,Ankit,0,0.05,Safe (Not Churn)
7966,Sneha,1,0.71,Risk (Churn)
7967,Unknown,1,0.91,Risk (Churn)
7968,Simran,1,0.8,Risk (Churn)
7969,Simran,1,0.98,Risk (Churn)
C7970,Sneha,0,0.0,Safe (Not Churn)
7971,Priya,0,0.01,Safe (Not Churn)
7972,Sneha,0,0.04,Safe (Not Churn)
Unknown,Ravi,0,0.04,Safe (Not Churn)
7974,Priya,0,0.01,Safe (Not Churn)
Unknown,Sneha,0,0.0,Safe (Not Churn)
C7976,Unknown,0,0.03,Safe (Not Churn)
7977,Pooja,0,0.03,Safe (Not Churn)
Unknown,Sneha,0,0.02,Safe (Not Churn)
7979,Unknown,0,0.02,Safe (Not Churn)
7980,Neha,1,0.94,Risk (Churn)
C7981,Simran,0,0.0,Safe (Not Churn)
C7982,Ankit,0,0.02,Safe (Not Churn)
7983,Ravi,0,0.03,Safe (Not Churn)
7984,Ravi,0,0.03,Safe (Not Churn)
7985,Neha,0,0.03,Safe (Not Churn)
7986,Kiran,0,0.06,Safe (Not Churn)
C7987,Kiran,1,0.99,Risk (Churn)
7988,Unknown,0,0.0,Safe (Not Churn)
C7989,Unknown,0,0.01,Safe (Not Churn)
C7990,Unknown,0,0.01,Safe (Not Churn)
C7991,Priya,0,0.01,Safe (Not Churn)
7992,Neha,0,0.0,Safe (Not Churn)
7993,Neha,0,0.03,Safe (Not Churn)
7994,Ankit,0,0.07,Safe (Not Churn)
7995,Kiran,1,0.92,Risk (Churn)
Unknown,Kiran,0,0.01,Safe (Not Churn)
7997,Sneha,0,0.09,Safe (Not Churn)
7998,Unknown,0,0.02,Safe (Not Churn)
Unknown,Sneha,0,0.04,Safe (Not Churn)
8000,Sneha,0,0.01,Safe (Not Churn)
8001,Simran,0,0.01,Safe (Not Churn)
C8002,Pooja,0,0.06,Safe (Not Churn)
8003,Unknown,0,0.05,Safe (Not Churn)
C8004,Unknown,0,0.01,Safe (Not Churn)
8005,Ravi,0,0.0,Safe (Not Churn)
8006,Rahul,0,0.04,Safe (Not Churn)
8007,Pooja,0,0.03,Safe (Not Churn)
8008,Priya,1,0.98,Risk (Churn)
8009,Pooja,0,0.06,Safe (Not Churn)
Unknown,Amit,1,0.59,Risk (Churn)
8011,Ravi,0,0.01,Safe (Not Churn)
Unknown,Unknown,0,0.16,Safe (Not Churn)
Unknown,Unknown,0,0.09,Safe (Not Churn)
8014,Simran,0,0.0,Safe (Not Churn)
C8015,Ankit,0,0.01,Safe (Not Churn)
Unknown,Pooja,0,0.03,Safe (Not Churn)
8017,Sneha,0,0.05,Safe (Not Churn)
8018,Unknown,0,0.04,Safe (Not Churn)
C8019,Unknown,0,0.01,Safe (Not Churn)
8020,Pooja,0,0.0,Safe (Not Churn)
8021,Sneha,0,0.0,Safe (Not Churn)
C8022,Neha,0,0.13,Safe (Not Churn)
Unknown,Rahul,0,0.06,Safe (Not Churn)
C8024,Ravi,0,0.01,Safe (Not Churn)
C8025,Simran,0,0.01,Safe (Not Churn)
Unknown,Unknown,0,0.04,Safe (Not Churn)
8027,Pooja,0,0.01,Safe (Not Churn)
8028,Ankit,0,0.02,Safe (Not Churn)
Unknown,Neha,0,0.05,Safe (Not Churn)
8030,Amit,0,0.01,Safe (Not Churn)
8031,Unknown,0,0.04,Safe (Not Churn)
Unknown,Priya,0,0.03,Safe (Not Churn)
Unknown,Priya,0,0.03,Safe (Not Churn)
C8034,Ravi,0,0.02,Safe (Not Churn)
8035,Unknown,0,0.0,Safe (Not Churn)
Unknown,Kiran,0,0.03,Safe (Not Churn)
8037,Unknown,0,0.12,Safe (Not Churn)
8038,Rahul,0,0.03,Safe (Not Churn)
8039,Pooja,0,0.04,Safe (Not Churn)
C8040,Neha,0,0.03,Safe (Not Churn)
Unknown,Priya,0,0.03,Safe (Not Churn)
C8042,Unknown,0,0.1,Safe (Not Churn)
8043,Unknown,0,0.38,Safe (Not Churn)
8044,Amit,0,0.04,Safe (Not Churn)
8045,Ravi,1,0.73,Risk (Churn)
C8046,Ravi,0,0.1,Safe (Not Churn)
C8047,Neha,0,0.02,Safe (Not Churn)
8048,Rahul,1,0.68,Risk (Churn)
Unknown,Unknown,0,0.02,Safe (Not Churn)
Unknown,Unknown,0,0.1,Safe (Not Churn)
8051,Pooja,1,0.99,Risk (Churn)
C8052,Rahul,1,0.96,Risk (Churn)
C8053,Unknown,0,0.01,Safe (Not Churn)
8054,Priya,0,0.06,Safe (Not Churn)
Unknown,Rahul,0,0.01,Safe (Not Churn)
8056,Rahul,0,0.0,Safe (Not Churn)
C8057,Unknown,1,0.99,Risk (Churn)
8058,Rahul,0,0.03,Safe (Not Churn)
8059,Rahul,1,0.95,Risk (Churn)
C8060,Ravi,0,0.02,Safe (Not Churn)
Unknown,Priya,0,0.01,Safe (Not Churn)
8062,Priya,1,0.93,Risk (Churn)
C8063,Simran,0,0.06,Safe (Not Churn)
C8064,Ravi,0,0.03,Safe (Not Churn)
Unknown,Unknown,0,0.03,Safe (Not Churn)
8066,Ravi,1,0.66,Risk (Churn)
8067,Kiran,0,0.02,Safe (Not Churn)
C8068,Simran,0,0.02,Safe (Not Churn)
8069,Unknown,0,0.0,Safe (Not Churn)
8070,Priya,0,0.03,Safe (Not Churn)
8071,Unknown,0,0.03,Safe (Not Churn)
C8072,Kiran,0,0.02,Safe (Not Churn)
8073,Pooja,1,0.94,Risk (Churn)
8074,Rahul,0,0.0,Safe (Not Churn)
8075,Simran,0,0.04,Safe (Not Churn)
8076,Ravi,0,0.01,Safe (Not Churn)
C8077,Ankit,0,0.06,Safe (Not Churn)
8078,Priya,0,0.03,Safe (Not Churn)
Unknown,Priya,1,0.95,Risk (Churn)
8080,Amit,0,0.06,Safe (Not Churn)
8081,Neha,1,0.96,Risk (Churn)
8082,Neha,0,0.02,Safe (Not Churn)
8083,Priya,1,0.97,Risk (Churn)
C8084,Sneha,1,0.97,Risk (Churn)
C8085,Kiran,1,0.99,Risk (Churn)
C8086,Pooja,0,0.0,Safe (Not Churn)
C8087,Unknown,0,0.01,Safe (Not Churn)
8088,Simran,1,0.93,Risk (Churn)
8089,Amit,0,0.04,Safe (Not Churn)
8090,Rahul,0,0.05,Safe (Not Churn)
Unknown,Ravi,1,0.93,Risk (Churn)
C8092,Simran,0,0.0,Safe (Not Churn)
C8093,Unknown,0,0.01,Safe (Not Churn)
C8094,Sneha,0,0.0,Safe (Not Churn)
8095,Ravi,1,1.0,Risk (Churn)
C8096,Ankit,0,0.02,Safe (Not Churn)
Unknown,Kiran,0,0.07,Safe (Not Churn)
C8098,Neha,0,0.02,Safe (Not Churn)
C8099,Rahul,0,0.0,Safe (Not Churn)
C8100,Unknown,0,0.12,Safe (Not Churn)
8101,Kiran,0,0.11,Safe (Not Churn)
C8102,Priya,0,0.02,Safe (Not Churn)
C8103,Pooja,0,0.01,Safe (Not Churn)
C8104,Sneha,0,0.02,Safe (Not Churn)
C8105,Unknown,1,0.99,Risk (Churn)
8106,Ankit,0,0.0,Safe (Not Churn)
Unknown,Kiran,0,0.07,Safe (Not Churn)
Unknown,Ankit,0,0.02,Safe (Not Churn)
8109,Pooja,0,0.01,Safe (Not Churn)
C8110,Ankit,1,0.98,Risk (Churn)
8111,Rahul,0,0.06,Safe (Not Churn)
8112,Pooja,0,0.02,Safe (Not Churn)
Unknown,Pooja,0,0.02,Safe (Not Churn)
Unknown,Sneha,0,0.01,Safe (Not Churn)
C8115,Pooja,0,0.06,Safe (Not Churn)
8116,Ankit,0,0.02,Safe (Not Churn)
C8117,Simran,0,0.0,Safe (Not Churn)
8118,Sneha,0,0.0,Safe (Not Churn)
8119,Amit,0,0.09,Safe (Not Churn)
8120,Priya,0,0.03,Safe (Not Churn)
Unknown,Kiran,0,0.02,Safe (Not Churn)
C8122,Kiran,0,0.11,Safe (Not Churn)
8123,Sneha,0,0.07,Safe (Not Churn)
8124,Sneha,0,0.0,Safe (Not Churn)
C8125,Priya,0,0.01,Safe (Not Churn)
8126,Pooja,0,0.02,Safe (Not Churn)
C8127,Simran,0,0.0,Safe (Not Churn)
8128,Rahul,0,0.04,Safe (Not Churn)
8129,Unknown,0,0.03,Safe (Not Churn)
C8130,Rahul,0,0.08,Safe (Not Churn)
C8131,Simran,0,0.02,Safe (Not Churn)
8132,Unknown,0,0.01,Safe (Not Churn)
8133,Pooja,0,0.05,Safe (Not Churn)
C8134,Priya,1,0.98,Risk (Churn)
C8135,Pooja,0,0.06,Safe (Not Churn)
8136,Simran,0,0.06,Safe (Not Churn)
8137,Unknown,0,0.03,Safe (Not Churn)
8138,Ravi,0,0.03,Safe (Not Churn)
8139,Kiran,0,0.04,Safe (Not Churn)
Unknown,Ankit,0,0.0,Safe (Not Churn)
8141,Amit,0,0.0,Safe (Not Churn)
Unknown,Priya,1,0.97,Risk (Churn)
8143,Simran,0,0.01,Safe (Not Churn)
Unknown,Ravi,1,0.97,Risk (Churn)
8145,Ankit,1,0.96,Risk (Churn)
C8146,Unknown,1,0.59,Risk (Churn)
Unknown,Ankit,0,0.03,Safe (Not Churn)
8148,Pooja,0,0.02,Safe (Not Churn)
Unknown,Unknown,1,0.98,Risk (Churn)
C8150,Amit,0,0.03,Safe (Not Churn)
C8151,Simran,0,0.02,Safe (Not Churn)
C8152,Amit,0,0.01,Safe (Not Churn)
8153,Amit,0,0.03,Safe (Not Churn)
Unknown,Ankit,0,0.02,Safe (Not Churn)
C8155,Neha,0,0.02,Safe (Not Churn)
8156,Unknown,1,0.91,Risk (Churn)
8157,Sneha,0,0.0,Safe (Not Churn)
8158,Sneha,0,0.08,Safe (Not Churn)
8159,Pooja,1,0.95,Risk (Churn)
C8160,Simran,0,0.0,Safe (Not Churn)
8161,Unknown,0,0.04,Safe (Not Churn)
8162,Kiran,1,0.86,Risk (Churn)
8163,Simran,1,0.88,Risk (Churn)
8164,Rahul,0,0.02,Safe (Not Churn)
8165,Pooja,0,0.02,Safe (Not Churn)
C8166,Neha,1,0.98,Risk (Churn)
Unknown,Unknown,0,0.01,Safe (Not Churn)
C8168,Unknown,0,0.0,Safe (Not Churn)
8169,Ravi,0,0.05,Safe (Not Churn)
8170,Ravi,0,0.06,Safe (Not Churn)
Unknown,Unknown,1,0.96,Risk (Churn)
Unknown,Kiran,0,0.05,Safe (Not Churn)
8173,Simran,0,0.01,Safe (Not Churn)
C8174,Ravi,0,0.03,Safe (Not Churn)
C8175,Unknown,0,0.02,Safe (Not Churn)
8176,Ravi,0,0.05,Safe (Not Churn)
C8177,Ankit,1,0.98,Risk (Churn)
8178,Pooja,0,0.0,Safe (Not Churn)
8179,Ravi,1,0.6,Risk (Churn)
Unknown,Amit,0,0.02,Safe (Not Churn)
8181,Sneha,0,0.5,Safe (Not Churn)
8182,Neha,0,0.03,Safe (Not Churn)
8183,Rahul,1,1.0,Risk (Churn)
Unknown,Ravi,0,0.03,Safe (Not Churn)
C8185,Priya,0,0.0,Safe (Not Churn)
8186,Simran,0,0.05,Safe (Not Churn)
8187,Neha,0,0.08,Safe (Not Churn)
C8188,Unknown,0,0.03,Safe (Not Churn)
C8189,Ankit,1,0.98,Risk (Churn)
C8190,Unknown,0,0.04,Safe (Not Churn)
Unknown,Amit,0,0.03,Safe (Not Churn)
8192,Amit,0,0.04,Safe (Not Churn)
8193,Kiran,0,0.0,Safe (Not Churn)
8194,Sneha,1,0.91,Risk (Churn)
8195,Ravi,0,0.03,Safe (Not Churn)
C8196,Amit,0,0.03,Safe (Not Churn)
C8197,Pooja,0,0.02,Safe (Not Churn)
C8198,Priya,0,0.05,Safe (Not Churn)
8199,Ravi,1,0.99,Risk (Churn)
C8200,Simran,0,0.02,Safe (Not Churn)
C8201,Simran,1,0.99,Risk (Churn)
C8202,Ankit,0,0.02,Safe (Not Churn)
Unknown,Unknown,0,0.05,Safe (Not Churn)
C8204,Unknown,1,0.93,Risk (Churn)
Unknown,Ankit,0,0.06,Safe (Not Churn)
C8206,Rahul,0,0.03,Safe (Not Churn)
8207,Amit,0,0.01,Safe (Not Churn)
C8208,Sneha,0,0.0,Safe (Not Churn)
Unknown,Unknown,0,0.03,Safe (Not Churn)
C8210,Rahul,0,0.01,Safe (Not Churn)
Unknown,Amit,1,0.91,Risk (Churn)
C8212,Amit,0,0.05,Safe (Not Churn)
C8213,Kiran,1,0.73,Risk (Churn)
8214,Unknown,0,0.03,Safe (Not Churn)
8215,Rahul,0,0.05,Safe (Not Churn)
8216,Pooja,1,0.98,Risk (Churn)
C8217,Simran,0,0.03,Safe (Not Churn)
C8218,Ravi,0,0.03,Safe (Not Churn)
8219,Ravi,1,0.95,Risk (Churn)
8220,Unknown,0,0.0,Safe (Not Churn)
8221,Sneha,0,0.01,Safe (Not Churn)
8222,Rahul,0,0.05,Safe (Not Churn)
Unknown,Kiran,0,0.0,Safe (Not Churn)
C8224,Unknown,0,0.07,Safe (Not Churn)
8225,Unknown,1,0.84,Risk (Churn)
8226,Kiran,0,0.02,Safe (Not Churn)
C8227,Sneha,0,0.01,Safe (Not Churn)
Unknown,Neha,0,0.03,Safe (Not Churn)
8229,Amit,1,0.91,Risk (Churn)
C8230,Sneha,0,0.0,Safe (Not Churn)
8231,Amit,1,0.97,Risk (Churn)
Unknown,Sneha,0,0.0,Safe (Not Churn)
C8233,Pooja,0,0.0,Safe (Not Churn)
8234,Unknown,0,0.02,Safe (Not Churn)
Unknown,Kiran,0,0.0,Safe (Not Churn)
C8236,Rahul,0,0.01,Safe (Not Churn)
8237,Neha,1,0.93,Risk (Churn)
8238,Rahul,1,0.97,Risk (Churn)
C8239,Rahul,0,0.0,Safe (Not Churn)
8240,Kiran,0,0.02,Safe (Not Churn)
Unknown,Unknown,1,1.0,Risk (Churn)
8242,Unknown,0,0.01,Safe (Not Churn)
8243,Simran,1,0.59,Risk (Churn)
Unknown,Amit,0,0.0,Safe (Not Churn)
8245,Kiran,1,0.98,Risk (Churn)
8246,Sneha,0,0.0,Safe (Not Churn)
8247,Pooja,0,0.05,Safe (Not Churn)
Unknown,Amit,0,0.05,Safe (Not Churn)
Unknown,Unknown,1,0.97,Risk (Churn)
8250,Neha,0,0.01,Safe (Not Churn)
C8251,Ankit,0,0.09,Safe (Not Churn)
8252,Pooja,0,0.02,Safe (Not Churn)
8253,Ankit,1,0.77,Risk (Churn)
8254,Simran,1,0.82,Risk (Churn)
8255,Simran,1,0.97,Risk (Churn)
Unknown,Amit,0,0.01,Safe (Not Churn)
C8257,Amit,0,0.01,Safe (Not Churn)
8258,Unknown,1,0.96,Risk (Churn)
8259,Rahul,1,1.0,Risk (Churn)
8260,Neha,0,0.03,Safe (Not Churn)
8261,Neha,0,0.0,Safe (Not Churn)
8262,Ankit,0,0.01,Safe (Not Churn)
8263,Neha,0,0.04,Safe (Not Churn)
8264,Simran,0,0.04,Safe (Not Churn)
Unknown,Ankit,0,0.02,Safe (Not Churn)
Unknown,Rahul,1,0.61,Risk (Churn)
Unknown,Neha,0,0.0,Safe (Not Churn)
C8268,Ravi,0,0.02,Safe (Not Churn)
8269,Kiran,1,0.98,Risk (Churn)
8270,Amit,0,0.07,Safe (Not Churn)
C8271,Kiran,0,0.09,Safe (Not Churn)
Unknown,Simran,1,0.93,Risk (Churn)
C8273,Sneha,1,0.98,Risk (Churn)
8274,Pooja,0,0.03,Safe (Not Churn)
8275,Ravi,0,0.09,Safe (Not Churn)
8276,Ankit,0,0.0,Safe (Not Churn)
8277,Ravi,0,0.05,Safe (Not Churn)
8278,Pooja,0,0.04,Safe (Not Churn)
8279,Ravi,0,0.14,Safe (Not Churn)
8280,Simran,0,0.38,Safe (Not Churn)
C8281,Neha,0,0.01,Safe (Not Churn)
C8282,Kiran,0,0.03,Safe (Not Churn)
C8283,Ankit,0,0.02,Safe (Not Churn)
C8284,Sneha,0,0.02,Safe (Not Churn)
C8285,Simran,0,0.04,Safe (Not Churn)
8286,Priya,1,0.94,Risk (Churn)
C8287,Amit,0,0.03,Safe (Not Churn)
C8288,Ravi,0,0.32,Safe (Not Churn)
Unknown,Pooja,0,0.0,Safe (Not Churn)
8290,Ankit,0,0.0,Safe (Not Churn)
C8291,Rahul,0,0.02,Safe (Not Churn)
Unknown,Kiran,1,0.95,Risk (Churn)
Unknown,Kiran,0,0.02,Safe (Not Churn)
8294,Sneha,0,0.09,Safe (Not Churn)
8295,Pooja,0,0.08,Safe (Not Churn)
8296,Unknown,0,0.02,Safe (Not Churn)
8297,Kiran,0,0.02,Safe (Not Churn)
8298,Neha,1,0.97,Risk (Churn)
8299,Ankit,1,0.65,Risk (Churn)
8300,Unknown,0,0.01,Safe (Not Churn)
Unknown,Pooja,0,0.01,Safe (Not Churn)
Unknown,Unknown,0,0.01,Safe (Not Churn)
8303,Rahul,0,0.05,Safe (Not Churn)
8304,Unknown,0,0.15,Safe (Not Churn)
8305,Unknown,1,0.55,Risk (Churn)
Unknown,Sneha,0,0.01,Safe (Not Churn)
8307,Ankit,0,0.01,Safe (Not Churn)
8308,Rahul,1,0.95,Risk (Churn)
8309,Ravi,0,0.01,Safe (Not Churn)
8310,Sneha,0,0.03,Safe (Not Churn)
8311,Kiran,0,0.05,Safe (Not Churn)
8312,Unknown,0,0.02,Safe (Not Churn)
8313,Unknown,0,0.09,Safe (Not Churn)
Unknown,Kiran,0,0.03,Safe (Not Churn)
Unknown,Unknown,0,0.08,Safe (Not Churn)
8316,Kiran,0,0.01,Safe (Not Churn)
8317,Ankit,0,0.1,Safe (Not Churn)
8318,Unknown,0,0.0,Safe (Not Churn)
8319,Ravi,0,0.01,Safe (Not Churn)
C8320,Priya,1,0.92,Risk (Churn)
Unknown,Unknown,0,0.02,Safe (Not Churn)
8322,Neha,0,0.0,Safe (Not Churn)
8323,Neha,0,0.06,Safe (Not Churn)
8324,Amit,1,0.96,Risk (Churn)
8325,Priya,0,0.0,Safe (Not Churn)
C8326,Neha,0,0.03,Safe (Not Churn)
C8327,Rahul,0,0.02,Safe (Not Churn)
8328,Sneha,0,0.02,Safe (Not Churn)
C8329,Amit,1,0.95,Risk (Churn)
C8330,Priya,0,0.0,Safe (Not Churn)
Unknown,Priya,0,0.01,Safe (Not Churn)
8332,Amit,1,0.92,Risk (Churn)
Unknown,Unknown,0,0.02,Safe (Not Churn)
8334,Ankit,0,0.0,Safe (Not Churn)
C8335,Neha,0,0.05,Safe (Not Churn)
8336,Pooja,0,0.08,Safe (Not Churn)
8337,Rahul,0,0.02,Safe (Not Churn)
8338,Ankit,1,0.96,Risk (Churn)
8339,Neha,0,0.01,Safe (Not Churn)
8340,Kiran,0,0.04,Safe (Not Churn)
C8341,Priya,0,0.01,Safe (Not Churn)
Unknown,Sneha,0,0.02,Safe (Not Churn)
Unknown,Unknown,0,0.04,Safe (Not Churn)
Unknown,Ravi,0,0.01,Safe (Not Churn)
8345,Kiran,0,0.02,Safe (Not Churn)
C8346,Pooja,1,0.99,Risk (Churn)
C8347,Priya,0,0.03,Safe (Not Churn)
8348,Ankit,0,0.49,Safe (Not Churn)
Unknown,Unknown,0,0.07,Safe (Not Churn)
C8350,Ankit,0,0.0,Safe (Not Churn)
Unknown,Amit,0,0.03,Safe (Not Churn)
8352,Rahul,0,0.34,Safe (Not Churn)
8353,Unknown,1,0.96,Risk (Churn)
8354,Priya,0,0.02,Safe (Not Churn)
C8355,Unknown,0,0.02,Safe (Not Churn)
Unknown,Unknown,0,0.05,Safe (Not Churn)
8357,Sneha,0,0.0,Safe (Not Churn)
8358,Ankit,0,0.0,Safe (Not Churn)
8359,Ravi,0,0.0,Safe (Not Churn)
8360,Ankit,0,0.0,Safe (Not Churn)
8361,Rahul,0,0.0,Safe (Not Churn)
8362,Unknown,0,0.03,Safe (Not Churn)
8363,Sneha,0,0.05,Safe (Not Churn)
8364,Ankit,0,0.0,Safe (Not Churn)
Unknown,Neha,0,0.12,Safe (Not Churn)
8366,Unknown,1,0.98,Risk (Churn)
8367,Rahul,0,0.02,Safe (Not Churn)
8368,Sneha,0,0.04,Safe (Not Churn)
8369,Rahul,1,0.96,Risk (Churn)
Unknown,Amit,0,0.09,Safe (Not Churn)
C8371,Sneha,0,0.11,Safe (Not Churn)
C8372,Amit,0,0.04,Safe (Not Churn)
8373,Ankit,0,0.0,Safe (Not Churn)
8374,Rahul,1,0.98,Risk (Churn)
C8375,Rahul,0,0.09,Safe (Not Churn)
Unknown,Ravi,1,0.99,Risk (Churn)
8377,Rahul,0,0.02,Safe (Not Churn)
8378,Rahul,0,0.04,Safe (Not Churn)
8379,Simran,0,0.01,Safe (Not Churn)
Unknown,Ankit,0,0.04,Safe (Not Churn)
8381,Rahul,1,0.95,Risk (Churn)
8382,Priya,1,0.95,Risk (Churn)
Unknown,Neha,1,0.85,Risk (Churn)
C8384,Ankit,0,0.01,Safe (Not Churn)
Unknown,Neha,0,0.05,Safe (Not Churn)
Unknown,Ankit,0,0.06,Safe (Not Churn)
Unknown,Pooja,0,0.01,Safe (Not Churn)
8388,Unknown,0,0.0,Safe (Not Churn)
8389,Pooja,0,0.02,Safe (Not Churn)
Unknown,Sneha,0,0.02,Safe (Not Churn)
8391,Ravi,0,0.03,Safe (Not Churn)
8392,Unknown,0,0.04,Safe (Not Churn)
C8393,Ankit,0,0.05,Safe (Not Churn)
8394,Simran,0,0.02,Safe (Not Churn)
8395,Pooja,0,0.03,Safe (Not Churn)
8396,Unknown,0,0.02,Safe (Not Churn)
Unknown,Unknown,0,0.08,Safe (Not Churn)
C8398,Sneha,0,0.0,Safe (Not Churn)
Unknown,Sneha,0,0.11,Safe (Not Churn)
8400,Ravi,0,0.01,Safe (Not Churn)
Unknown,Unknown,0,0.02,Safe (Not Churn)
Unknown,Ravi,0,0.02,Safe (Not Churn)
8403,Pooja,1,0.94,Risk (Churn)
8404,Amit,0,0.0,Safe (Not Churn)
C8405,Priya,0,0.01,Safe (Not Churn)
8406,Neha,0,0.0,Safe (Not Churn)
Unknown,Unknown,0,0.39,Safe (Not Churn)
Unknown,Pooja,1,1.0,Risk (Churn)
Unknown,Neha,0,0.06,Safe (Not Churn)
C8410,Ankit,0,0.0,Safe (Not Churn)
8411,Neha,0,0.06,Safe (Not Churn)
Unknown,Priya,0,0.04,Safe (Not Churn)
8413,Ravi,0,0.01,Safe (Not Churn)
8414,Neha,1,0.97,Risk (Churn)
8415,Ankit,0,0.02,Safe (Not Churn)
8416,Priya,0,0.37,Safe (Not Churn)
8417,Unknown,0,0.0,Safe (Not Churn)
C8418,Ankit,0,0.1,Safe (Not Churn)
Unknown,Sneha,1,0.97,Risk (Churn)
8420,Rahul,0,0.06,Safe (Not Churn)
8421,Rahul,0,0.02,Safe (Not Churn)
8422,Pooja,1,0.98,Risk (Churn)
Unknown,Ravi,0,0.07,Safe (Not Churn)
C8424,Pooja,1,0.61,Risk (Churn)
Unknown,Priya,0,0.02,Safe (Not Churn)
C8426,Pooja,0,0.07,Safe (Not Churn)
8427,Pooja,0,0.01,Safe (Not Churn)
8428,Unknown,0,0.01,Safe (Not Churn)
8429,Ravi,0,0.05,Safe (Not Churn)
8430,Pooja,0,0.03,Safe (Not Churn)
8431,Ankit,0,0.02,Safe (Not Churn)
C8432,Ankit,0,0.01,Safe (Not Churn)
8433,Neha,0,0.02,Safe (Not Churn)
8434,Priya,0,0.01,Safe (Not Churn)
Unknown,Ravi,0,0.01,Safe (Not Churn)
8436,Kiran,0,0.01,Safe (Not Churn)
8437,Kiran,0,0.01,Safe (Not Churn)
8438,Ankit,1,0.64,Risk (Churn)
8439,Amit,0,0.01,Safe (Not Churn)
8440,Unknown,0,0.01,Safe (Not Churn)
Unknown,Rahul,0,0.01,Safe (Not Churn)
8442,Kiran,1,0.96,Risk (Churn)
8443,Unknown,1,0.95,Risk (Churn)
8444,Unknown,0,0.01,Safe (Not Churn)
Unknown,Simran,0,0.04,Safe (Not Churn)
8446,Unknown,1,0.97,Risk (Churn)
8447,Rahul,0,0.0,Safe (Not Churn)
8448,Sneha,0,0.0,Safe (Not Churn)
C8449,Sneha,1,0.98,Risk (Churn)
Unknown,Ankit,0,0.02,Safe (Not Churn)
Unknown,Sneha,0,0.04,Safe (Not Churn)
Unknown,Ravi,0,0.05,Safe (Not Churn)
8453,Sneha,0,0.0,Safe (Not Churn)
Unknown,Ravi,1,0.97,Risk (Churn)
8455,Simran,0,0.02,Safe (Not Churn)
C8456,Ravi,0,0.01,Safe (Not Churn)
C8457,Neha,0,0.01,Safe (Not Churn)
Unknown,Rahul,0,0.03,Safe (Not Churn)
8459,Simran,0,0.0,Safe (Not Churn)
8460,Neha,0,0.02,Safe (Not Churn)
C8461,Unknown,1,0.84,Risk (Churn)
8462,Pooja,0,0.0,Safe (Not Churn)
8463,Sneha,1,0.96,Risk (Churn)
8464,Amit,1,0.93,Risk (Churn)
8465,Rahul,0,0.06,Safe (Not Churn)
8466,Ravi,1,0.99,Risk (Churn)
8467,Ravi,0,0.0,Safe (Not Churn)
8468,Neha,0,0.06,Safe (Not Churn)
8469,Amit,0,0.05,Safe (Not Churn)
C8470,Pooja,1,0.94,Risk (Churn)
C8471,Simran,0,0.0,Safe (Not Churn)
C8472,Ravi,0,0.0,Safe (Not Churn)
C8473,Kiran,0,0.06,Safe (Not Churn)
8474,Ankit,0,0.02,Safe (Not Churn)
C8475,Neha,0,0.04,Safe (Not Churn)
8476,Simran,0,0.02,Safe (Not Churn)
C8477,Simran,0,0.03,Safe (Not Churn)
Unknown,Ankit,0,0.1,Safe (Not Churn)
C8479,Unknown,0,0.06,Safe (Not Churn)
8480,Sneha,0,0.02,Safe (Not Churn)
Unknown,Simran,1,0.87,Risk (Churn)
Unknown,Unknown,0,0.0,Safe (Not Churn)
8483,Pooja,1,0.98,Risk (Churn)
8484,Amit,0,0.0,Safe (Not Churn)
8485,Unknown,0,0.01,Safe (Not Churn)
C8486,Neha,0,0.03,Safe (Not Churn)
C8487,Pooja,0,0.01,Safe (Not Churn)
8488,Sneha,0,0.08,Safe (Not Churn)
C8489,Sneha,0,0.0,Safe (Not Churn)
C8490,Neha,0,0.01,Safe (Not Churn)
8491,Amit,0,0.07,Safe (Not Churn)
8492,Sneha,0,0.03,Safe (Not Churn)
8493,Unknown,0,0.05,Safe (Not Churn)
C8494,Priya,0,0.0,Safe (Not Churn)
C8495,Amit,0,0.01,Safe (Not Churn)
Unknown,Sneha,0,0.0,Safe (Not Churn)
Unknown,Amit,0,0.0,Safe (Not Churn)
Unknown,Simran,0,0.03,Safe (Not Churn)
C8499,Simran,0,0.04,Safe (Not Churn)
8500,Simran,0,0.0,Safe (Not Churn)
C8501,Unknown,0,0.09,Safe (Not Churn)
C8502,Priya,1,0.97,Risk (Churn)
8503,Ankit,0,0.02,Safe (Not Churn)
Unknown,Simran,0,0.03,Safe (Not Churn)
8505,Rahul,1,0.99,Risk (Churn)
Unknown,Ravi,1,0.95,Risk (Churn)
8507,Ravi,0,0.13,Safe (Not Churn)
8508,Rahul,0,0.04,Safe (Not Churn)
Unknown,Amit,0,0.02,Safe (Not Churn)
C8510,Unknown,0,0.01,Safe (Not Churn)
8511,Rahul,0,0.01,Safe (Not Churn)
8512,Kiran,0,0.07,Safe (Not Churn)
C8513,Ravi,1,0.98,Risk (Churn)
8514,Sneha,0,0.01,Safe (Not Churn)
8515,Pooja,0,0.03,Safe (Not Churn)
Unknown,Neha,0,0.0,Safe (Not Churn)
8517,Kiran,0,0.06,Safe (Not Churn)
8518,Unknown,1,1.0,Risk (Churn)
8519,Neha,0,0.02,Safe (Not Churn)
C8520,Ravi,1,0.94,Risk (Churn)
C8521,Rahul,0,0.02,Safe (Not Churn)
C8522,Unknown,0,0.07,Safe (Not Churn)
Unknown,Ankit,1,0.83,Risk (Churn)
8524,Unknown,0,0.03,Safe (Not Churn)
8525,Priya,0,0.02,Safe (Not Churn)
C8526,Ankit,0,0.45,Safe (Not Churn)
8527,Kiran,0,0.01,Safe (Not Churn)
8528,Simran,0,0.04,Safe (Not Churn)
Unknown,Rahul,0,0.03,Safe (Not Churn)
8530,Rahul,0,0.01,Safe (Not Churn)
8531,Sneha,0,0.11,Safe (Not Churn)
8532,Unknown,0,0.47,Safe (Not Churn)
8533,Amit,1,0.95,Risk (Churn)
C8534,Ankit,0,0.01,Safe (Not Churn)
8535,Ravi,0,0.05,Safe (Not Churn)
8536,Pooja,0,0.01,Safe (Not Churn)
C8537,Unknown,0,0.0,Safe (Not Churn)
Unknown,Priya,0,0.04,Safe (Not Churn)
8539,Unknown,0,0.05,Safe (Not Churn)
Unknown,Unknown,1,0.99,Risk (Churn)
Unknown,Simran,0,0.0,Safe (Not Churn)
C8542,Neha,0,0.0,Safe (Not Churn)
8543,Pooja,0,0.01,Safe (Not Churn)
8544,Simran,0,0.0,Safe (Not Churn)
C8545,Unknown,0,0.01,Safe (Not Churn)
8546,Neha,0,0.07,Safe (Not Churn)
Unknown,Simran,0,0.01,Safe (Not Churn)
Unknown,Neha,0,0.01,Safe (Not Churn)
Unknown,Neha,0,0.05,Safe (Not Churn)
8550,Pooja,0,0.0,Safe (Not Churn)
C8551,Sneha,0,0.02,Safe (Not Churn)
8552,Rahul,0,0.02,Safe (Not Churn)
8553,Unknown,0,0.01,Safe (Not Churn)
8554,Amit,0,0.0,Safe (Not Churn)
Unknown,Kiran,0,0.02,Safe (Not Churn)
8556,Amit,1,0.76,Risk (Churn)
Unknown,Neha,0,0.12,Safe (Not Churn)
Unknown,Sneha,0,0.0,Safe (Not Churn)
8559,Unknown,0,0.0,Safe (Not Churn)
C8560,Priya,0,0.03,Safe (Not Churn)
Unknown,Ankit,0,0.05,Safe (Not Churn)
C8562,Simran,0,0.04,Safe (Not Churn)
C8563,Unknown,0,0.05,Safe (Not Churn)
C8564,Amit,0,0.02,Safe (Not Churn)
8565,Amit,0,0.01,Safe (Not Churn)
8566,Unknown,0,0.01,Safe (Not Churn)
8567,Sneha,0,0.04,Safe (Not Churn)
8568,Simran,0,0.08,Safe (Not Churn)
C8569,Neha,0,0.04,Safe (Not Churn)
8570,Unknown,0,0.0,Safe (Not Churn)
8571,Pooja,0,0.05,Safe (Not Churn)
Unknown,Ankit,0,0.01,Safe (Not Churn)
8573,Ankit,0,0.03,Safe (Not Churn)
8574,Priya,0,0.06,Safe (Not Churn)
8575,Kiran,0,0.01,Safe (Not Churn)
8576,Simran,0,0.01,Safe (Not Churn)
8577,Neha,0,0.09,Safe (Not Churn)
Unknown,Ravi,0,0.01,Safe (Not Churn)
Unknown,Sneha,0,0.03,Safe (Not Churn)
Unknown,Priya,0,0.03,Safe (Not Churn)
Unknown,Unknown,0,0.04,Safe (Not Churn)
8582,Ravi,0,0.01,Safe (Not Churn)
Unknown,Simran,0,0.0,Safe (Not Churn)
C8584,Simran,0,0.05,Safe (Not Churn)
Unknown,Simran,0,0.0,Safe (Not Churn)
Unknown,Priya,0,0.04,Safe (Not Churn)
C8587,Ravi,0,0.02,Safe (Not Churn)
8588,Ravi,0,0.03,Safe (Not Churn)
8589,Neha,1,0.9,Risk (Churn)
8590,Simran,0,0.0,Safe (Not Churn)
Unknown,Simran,0,0.04,Safe (Not Churn)
8592,Amit,0,0.48,Safe (Not Churn)
C8593,Pooja,0,0.03,Safe (Not Churn)
C8594,Sneha,0,0.01,Safe (Not Churn)
C8595,Unknown,0,0.05,Safe (Not Churn)
8596,Amit,0,0.01,Safe (Not Churn)
8597,Pooja,0,0.04,Safe (Not Churn)
Unknown,Priya,0,0.03,Safe (Not Churn)
Unknown,Ankit,0,0.0,Safe (Not Churn)
Unknown,Sneha,1,0.95,Risk (Churn)
C8601,Sneha,0,0.02,Safe (Not Churn)
C8602,Kiran,0,0.06,Safe (Not Churn)
C8603,Priya,0,0.05,Safe (Not Churn)
C8604,Unknown,0,0.02,Safe (Not Churn)
8605,Ankit,0,0.08,Safe (Not Churn)
Unknown,Neha,0,0.04,Safe (Not Churn)
8607,Kiran,0,0.05,Safe (Not Churn)
Unknown,Amit,0,0.1,Safe (Not Churn)
C8609,Pooja,0,0.01,Safe (Not Churn)
8610,Unknown,0,0.14,Safe (Not Churn)
8611,Rahul,0,0.01,Safe (Not Churn)
8612,Neha,1,0.98,Risk (Churn)
C8613,Unknown,0,0.0,Safe (Not Churn)
8614,Simran,1,0.98,Risk (Churn)
8615,Sneha,0,0.13,Safe (Not Churn)
8616,Kiran,0,0.03,Safe (Not Churn)
C8617,Unknown,0,0.07,Safe (Not Churn)
8618,Sneha,1,0.98,Risk (Churn)
8619,Sneha,1,0.54,Risk (Churn)
Unknown,Pooja,1,0.96,Risk (Churn)
Unknown,Amit,0,0.06,Safe (Not Churn)
8622,Priya,0,0.02,Safe (Not Churn)
C8623,Rahul,0,0.02,Safe (Not Churn)
Unknown,Neha,0,0.04,Safe (Not Churn)
Unknown,Kiran,1,0.65,Risk (Churn)
8626,Neha,0,0.04,Safe (Not Churn)
Unknown,Pooja,0,0.02,Safe (Not Churn)
C8628,Neha,0,0.06,Safe (Not Churn)
8629,Ankit,1,0.92,Risk (Churn)
8630,Ankit,0,0.03,Safe (Not Churn)
C8631,Ankit,0,0.01,Safe (Not Churn)
Unknown,Kiran,0,0.04,Safe (Not Churn)
Unknown,Ankit,0,0.2,Safe (Not Churn)
8634,Simran,0,0.02,Safe (Not Churn)
8635,Simran,0,0.01,Safe (Not Churn)
C8636,Ravi,0,0.02,Safe (Not Churn)
C8637,Kiran,0,0.07,Safe (Not Churn)
8638,Pooja,0,0.0,Safe (Not Churn)
C8639,Unknown,0,0.05,Safe (Not Churn)
8640,Simran,0,0.07,Safe (Not Churn)
8641,Kiran,0,0.0,Safe (Not Churn)
Unknown,Unknown,0,0.02,Safe (Not Churn)
C8643,Simran,0,0.01,Safe (Not Churn)
8644,Kiran,0,0.06,Safe (Not Churn)
8645,Simran,0,0.02,Safe (Not Churn)
8646,Kiran,0,0.09,Safe (Not Churn)
8647,Ankit,0,0.01,Safe (Not Churn)
8648,Pooja,0,0.0,Safe (Not Churn)
8649,Rahul,0,0.02,Safe (Not Churn)
8650,Amit,0,0.05,Safe (Not Churn)
8651,Ankit,0,0.02,Safe (Not Churn)
8652,Pooja,0,0.04,Safe (Not Churn)
8653,Simran,0,0.03,Safe (Not Churn)
8654,Kiran,0,0.07,Safe (Not Churn)
C8655,Simran,0,0.09,Safe (Not Churn)
C8656,Priya,1,0.96,Risk (Churn)
Unknown,Unknown,0,0.02,Safe (Not Churn)
Unknown,Ankit,0,0.03,Safe (Not Churn)
8659,Neha,0,0.03,Safe (Not Churn)
Unknown,Kiran,1,0.91,Risk (Churn)
8661,Ankit,0,0.0,Safe (Not Churn)
C8662,Rahul,0,0.0,Safe (Not Churn)
C8663,Ankit,0,0.39,Safe (Not Churn)
Unknown,Unknown,0,0.01,Safe (Not Churn)
8665,Ankit,0,0.03,Safe (Not Churn)
Unknown,Simran,0,0.0,Safe (Not Churn)
C8667,Ravi,0,0.06,Safe (Not Churn)
C8668,Priya,0,0.01,Safe (Not Churn)
C8669,Rahul,0,0.03,Safe (Not Churn)
Unknown,Pooja,0,0.01,Safe (Not Churn)
Unknown,Unknown,0,0.12,Safe (Not Churn)
Unknown,Ankit,0,0.0,Safe (Not Churn)
C8673,Ankit,0,0.05,Safe (Not Churn)
8674,Sneha,1,0.99,Risk (Churn)
8675,Unknown,0,0.03,Safe (Not Churn)
Unknown,Simran,0,0.02,Safe (Not Churn)
Unknown,Ravi,1,0.98,Risk (Churn)
C8678,Sneha,0,0.02,Safe (Not Churn)
Unknown,Neha,0,0.0,Safe (Not Churn)
8680,Kiran,0,0.02,Safe (Not Churn)
Unknown,Kiran,0,0.48,Safe (Not Churn)
C8682,Neha,0,0.06,Safe (Not Churn)
8683,Pooja,0,0.04,Safe (Not Churn)
8684,Kiran,0,0.0,Safe (Not Churn)
8685,Amit,0,0.02,Safe (Not Churn)
C8686,Amit,0,0.07,Safe (Not Churn)
Unknown,Sneha,0,0.01,Safe (Not Churn)
Unknown,Pooja,0,0.06,Safe (Not Churn)
8689,Ankit,1,0.98,Risk (Churn)
8690,Rahul,0,0.05,Safe (Not Churn)
8691,Ankit,0,0.05,Safe (Not Churn)
Unknown,Rahul,0,0.06,Safe (Not Churn)
8693,Kiran,0,0.09,Safe (Not Churn)
Unknown,Kiran,1,0.59,Risk (Churn)
8695,Rahul,0,0.0,Safe (Not Churn)
8696,Pooja,0,0.0,Safe (Not Churn)
Unknown,Unknown,0,0.06,Safe (Not Churn)
Unknown,Pooja,0,0.03,Safe (Not Churn)
Unknown,Unknown,0,0.01,Safe (Not Churn)
8700,Simran,0,0.02,Safe (Not Churn)
Unknown,Ravi,1,1.0,Risk (Churn)
8702,Rahul,0,0.0,Safe (Not Churn)
C8703,Neha,1,0.98,Risk (Churn)
8704,Unknown,0,0.05,Safe (Not Churn)
8705,Rahul,0,0.02,Safe (Not Churn)
8706,Kiran,1,0.97,Risk (Churn)
8707,Priya,0,0.02,Safe (Not Churn)
C8708,Pooja,0,0.06,Safe (Not Churn)
8709,Unknown,0,0.07,Safe (Not Churn)
8710,Priya,0,0.01,Safe (Not Churn)
8711,Ankit,1,0.91,Risk (Churn)
8712,Simran,0,0.0,Safe (Not Churn)
8713,Priya,0,0.08,Safe (Not Churn)
Unknown,Ravi,0,0.07,Safe (Not Churn)
C8715,Simran,0,0.04,Safe (Not Churn)
8716,Rahul,0,0.09,Safe (Not Churn)
8717,Neha,1,0.92,Risk (Churn)
8718,Simran,0,0.03,Safe (Not Churn)
8719,Kiran,0,0.01,Safe (Not Churn)
Unknown,Amit,0,0.03,Safe (Not Churn)
Unknown,Ravi,1,0.96,Risk (Churn)
Unknown,Unknown,0,0.04,Safe (Not Churn)
8723,Ankit,0,0.03,Safe (Not Churn)
C8724,Ankit,0,0.0,Safe (Not Churn)
8725,Priya,0,0.02,Safe (Not Churn)
8726,Kiran,0,0.03,Safe (Not Churn)
8727,Sneha,0,0.01,Safe (Not Churn)
Unknown,Unknown,0,0.0,Safe (Not Churn)
Unknown,Pooja,0,0.09,Safe (Not Churn)
8730,Unknown,0,0.02,Safe (Not Churn)
Unknown,Neha,0,0.01,Safe (Not Churn)
Unknown,Unknown,0,0.1,Safe (Not Churn)
8733,Neha,1,0.97,Risk (Churn)
Unknown,Amit,0,0.02,Safe (Not Churn)
8735,Rahul,1,0.93,Risk (Churn)
Unknown,Sneha,0,0.02,Safe (Not Churn)
Unknown,Ravi,0,0.01,Safe (Not Churn)
C8738,Sneha,0,0.02,Safe (Not Churn)
C8739,Unknown,1,0.95,Risk (Churn)
Unknown,Simran,0,0.0,Safe (Not Churn)
C8741,Priya,0,0.23,Safe (Not Churn)
8742,Priya,1,0.97,Risk (Churn)
C8743,Amit,1,0.88,Risk (Churn)
8744,Kiran,0,0.01,Safe (Not Churn)
8745,Priya,0,0.03,Safe (Not Churn)
Unknown,Ankit,1,0.84,Risk (Churn)
Unknown,Simran,1,0.92,Risk (Churn)
Unknown,Pooja,1,0.92,Risk (Churn)
Unknown,Ankit,0,0.05,Safe (Not Churn)
8750,Sneha,0,0.04,Safe (Not Churn)
8751,Ankit,0,0.08,Safe (Not Churn)
8752,Unknown,1,0.96,Risk (Churn)
Unknown,Amit,0,0.13,Safe (Not Churn)
Unknown,Amit,0,0.03,Safe (Not Churn)
C8755,Amit,0,0.02,Safe (Not Churn)
Unknown,Ankit,0,0.06,Safe (Not Churn)
Unknown,Kiran,0,0.02,Safe (Not Churn)
8758,Sneha,0,0.01,Safe (Not Churn)
Unknown,Priya,0,0.02,Safe (Not Churn)
8760,Kiran,0,0.14,Safe (Not Churn)
C8761,Priya,0,0.35,Safe (Not Churn)
8762,Priya,1,0.98,Risk (Churn)
C8763,Sneha,1,0.95,Risk (Churn)
8764,Unknown,0,0.0,Safe (Not Churn)
C8765,Amit,0,0.03,Safe (Not Churn)
Unknown,Unknown,0,0.0,Safe (Not Churn)
C8767,Amit,1,0.96,Risk (Churn)
Unknown,Ravi,0,0.03,Safe (Not Churn)
Unknown,Rahul,0,0.0,Safe (Not Churn)
8770,Amit,0,0.06,Safe (Not Churn)
8771,Simran,1,0.96,Risk (Churn)
8772,Priya,0,0.04,Safe (Not Churn)
8773,Ankit,0,0.02,Safe (Not Churn)
8774,Ankit,0,0.01,Safe (Not Churn)
8775,Unknown,0,0.03,Safe (Not Churn)
8776,Ankit,0,0.02,Safe (Not Churn)
8777,Rahul,1,0.97,Risk (Churn)
Unknown,Simran,0,0.02,Safe (Not Churn)
C8779,Rahul,0,0.02,Safe (Not Churn)
C8780,Amit,0,0.03,Safe (Not Churn)
C8781,Neha,0,0.02,Safe (Not Churn)
C8782,Kiran,0,0.06,Safe (Not Churn)
C8783,Neha,0,0.01,Safe (Not Churn)
8784,Sneha,0,0.01,Safe (Not Churn)
8785,Rahul,0,0.06,Safe (Not Churn)
C8786,Unknown,0,0.03,Safe (Not Churn)
8787,Ankit,0,0.01,Safe (Not Churn)
Unknown,Ravi,0,0.03,Safe (Not Churn)
8789,Priya,0,0.0,Safe (Not Churn)
8790,Kiran,0,0.02,Safe (Not Churn)
8791,Ankit,0,0.02,Safe (Not Churn)
8792,Rahul,0,0.05,Safe (Not Churn)
C8793,Kiran,0,0.02,Safe (Not Churn)
8794,Pooja,0,0.01,Safe (Not Churn)
8795,Priya,0,0.06,Safe (Not Churn)
8796,Ankit,0,0.04,Safe (Not Churn)
Unknown,Ankit,0,0.04,Safe (Not Churn)
C8798,Ravi,1,0.98,Risk (Churn)
8799,Rahul,0,0.03,Safe (Not Churn)
Unknown,Priya,0,0.0,Safe (Not Churn)
Unknown,Rahul,0,0.06,Safe (Not Churn)
8802,Sneha,0,0.05,Safe (Not Churn)
Unknown,Sneha,0,0.0,Safe (Not Churn)
8804,Amit,0,0.02,Safe (Not Churn)
8805,Rahul,0,0.02,Safe (Not Churn)
Unknown,Sneha,1,0.99,Risk (Churn)
8807,Neha,0,0.12,Safe (Not Churn)
8808,Neha,1,0.9,Risk (Churn)
Unknown,Pooja,1,0.66,Risk (Churn)
Unknown,Unknown,0,0.0,Safe (Not Churn)
C8811,Sneha,0,0.02,Safe (Not Churn)
Unknown,Ankit,1,0.94,Risk (Churn)
Unknown,Ravi,0,0.01,Safe (Not Churn)
8814,Unknown,1,0.98,Risk (Churn)
Unknown,Ravi,1,0.89,Risk (Churn)
Unknown,Simran,0,0.01,Safe (Not Churn)
8817,Ankit,0,0.02,Safe (Not Churn)
8818,Ankit,0,0.03,Safe (Not Churn)
8819,Ravi,0,0.03,Safe (Not Churn)
C8820,Simran,0,0.02,Safe (Not Churn)
C8821,Amit,0,0.14,Safe (Not Churn)
Unknown,Rahul,1,1.0,Risk (Churn)
Unknown,Sneha,0,0.09,Safe (Not Churn)
8824,Ankit,1,0.95,Risk (Churn)
8825,Pooja,0,0.01,Safe (Not Churn)
8826,Neha,1,0.96,Risk (Churn)
8827,Ankit,0,0.01,Safe (Not Churn)
8828,Simran,0,0.0,Safe (Not Churn)
8829,Priya,0,0.01,Safe (Not Churn)
Unknown,Rahul,1,0.93,Risk (Churn)
8831,Rahul,0,0.1,Safe (Not Churn)
8832,Priya,0,0.04,Safe (Not Churn)
8833,Ravi,0,0.03,Safe (Not Churn)
C8834,Kiran,0,0.0,Safe (Not Churn)
8835,Unknown,0,0.17,Safe (Not Churn)
8836,Ravi,0,0.45,Safe (Not Churn)
C8837,Sneha,0,0.01,Safe (Not Churn)
Unknown,Sneha,0,0.02,Safe (Not Churn)
Unknown,Simran,0,0.06,Safe (Not Churn)
Unknown,Priya,0,0.34,Safe (Not Churn)
Unknown,Ravi,0,0.01,Safe (Not Churn)
C8842,Kiran,0,0.0,Safe (Not Churn)
Unknown,Kiran,0,0.04,Safe (Not Churn)
Unknown,Rahul,0,0.03,Safe (Not Churn)
8845,Ravi,0,0.11,Safe (Not Churn)
C8846,Priya,0,0.1,Safe (Not Churn)
C8847,Sneha,0,0.04,Safe (Not Churn)
8848,Ravi,0,0.02,Safe (Not Churn)
8849,Ravi,0,0.01,Safe (Not Churn)
C8850,Amit,1,0.61,Risk (Churn)
C8851,Ankit,0,0.04,Safe (Not Churn)
8852,Ravi,0,0.0,Safe (Not Churn)
Unknown,Unknown,0,0.39,Safe (Not Churn)
8854,Ankit,0,0.01,Safe (Not Churn)
Unknown,Rahul,0,0.0,Safe (Not Churn)
Unknown,Unknown,1,0.95,Risk (Churn)
8857,Priya,1,0.98,Risk (Churn)
8858,Unknown,0,0.05,Safe (Not Churn)
Unknown,Amit,0,0.03,Safe (Not Churn)
8860,Sneha,1,0.92,Risk (Churn)
C8861,Ravi,0,0.03,Safe (Not Churn)
Unknown,Kiran,0,0.01,Safe (Not Churn)
C8863,Amit,0,0.01,Safe (Not Churn)
Unknown,Pooja,1,0.97,Risk (Churn)
8865,Neha,0,0.04,Safe (Not Churn)
Unknown,Pooja,0,0.05,Safe (Not Churn)
Unknown,Unknown,0,0.1,Safe (Not Churn)
8868,Neha,0,0.02,Safe (Not Churn)
8869,Rahul,0,0.08,Safe (Not Churn)
Unknown,Unknown,0,0.02,Safe (Not Churn)
8871,Simran,0,0.06,Safe (Not Churn)
C8872,Unknown,0,0.02,Safe (Not Churn)
8873,Amit,0,0.08,Safe (Not Churn)
8874,Neha,0,0.37,Safe (Not Churn)
8875,Priya,0,0.01,Safe (Not Churn)
8876,Pooja,1,1.0,Risk (Churn)
8877,Ravi,0,0.02,Safe (Not Churn)
8878,Pooja,1,0.88,Risk (Churn)
8879,Ankit,1,0.97,Risk (Churn)
8880,Kiran,0,0.02,Safe (Not Churn)
C8881,Rahul,0,0.0,Safe (Not Churn)
8882,Ravi,0,0.0,Safe (Not Churn)
8883,Simran,0,0.48,Safe (Not Churn)
8884,Unknown,0,0.01,Safe (Not Churn)
C8885,Pooja,1,0.99,Risk (Churn)
Unknown,Ravi,0,0.01,Safe (Not Churn)
C8887,Unknown,0,0.08,Safe (Not Churn)
8888,Unknown,0,0.04,Safe (Not Churn)
8889,Amit,0,0.03,Safe (Not Churn)
C8890,Amit,0,0.04,Safe (Not Churn)
8891,Ankit,0,0.01,Safe (Not Churn)
C8892,Unknown,0,0.02,Safe (Not Churn)
8893,Unknown,1,0.97,Risk (Churn)
8894,Neha,0,0.02,Safe (Not Churn)
8895,Pooja,1,0.92,Risk (Churn)
8896,Neha,0,0.04,Safe (Not Churn)
Unknown,Rahul,1,0.98,Risk (Churn)
C8898,Neha,0,0.03,Safe (Not Churn)
C8899,Ravi,1,0.97,Risk (Churn)
8900,Priya,0,0.01,Safe (Not Churn)
C8901,Unknown,0,0.03,Safe (Not Churn)
8902,Neha,0,0.0,Safe (Not Churn)
8903,Ravi,0,0.0,Safe (Not Churn)
Unknown,Simran,0,0.05,Safe (Not Churn)
8905,Ankit,0,0.0,Safe (Not Churn)
8906,Rahul,0,0.03,Safe (Not Churn)
8907,Amit,0,0.03,Safe (Not Churn)
Unknown,Sneha,0,0.02,Safe (Not Churn)
Unknown,Ravi,0,0.15,Safe (Not Churn)
C8910,Simran,0,0.03,Safe (Not Churn)
C8911,Pooja,0,0.02,Safe (Not Churn)
C8912,Rahul,1,0.93,Risk (Churn)
8913,Ravi,0,0.06,Safe (Not Churn)
8914,Priya,0,0.02,Safe (Not Churn)
C8915,Priya,1,0.95,Risk (Churn)
8916,Sneha,0,0.0,Safe (Not Churn)
C8917,Simran,0,0.03,Safe (Not Churn)
Unknown,Rahul,0,0.0,Safe (Not Churn)
Unknown,Unknown,0,0.0,Safe (Not Churn)
8920,Priya,0,0.02,Safe (Not Churn)
C8921,Unknown,0,0.04,Safe (Not Churn)
8922,Rahul,1,0.66,Risk (Churn)
8923,Rahul,0,0.04,Safe (Not Churn)
C8924,Pooja,0,0.01,Safe (Not Churn)
8925,Ravi,0,0.09,Safe (Not Churn)
C8926,Kiran,1,0.99,Risk (Churn)
8927,Pooja,0,0.03,Safe (Not Churn)
8928,Ankit,0,0.01,Safe (Not Churn)
Unknown,Kiran,0,0.0,Safe (Not Churn)
8930,Amit,0,0.02,Safe (Not Churn)
8931,Ankit,0,0.01,Safe (Not Churn)
C8932,Kiran,0,0.05,Safe (Not Churn)
8933,Simran,0,0.0,Safe (Not Churn)
C8934,Kiran,0,0.06,Safe (Not Churn)
C8935,Unknown,0,0.02,Safe (Not Churn)
Unknown,Priya,1,1.0,Risk (Churn)
8937,Unknown,0,0.04,Safe (Not Churn)
Unknown,Unknown,0,0.03,Safe (Not Churn)
8939,Rahul,1,0.98,Risk (Churn)
Unknown,Unknown,1,0.97,Risk (Churn)
C8941,Sneha,0,0.01,Safe (Not Churn)
C8942,Ankit,1,0.88,Risk (Churn)
8943,Amit,0,0.07,Safe (Not Churn)
C8944,Sneha,0,0.03,Safe (Not Churn)
8945,Ankit,1,0.94,Risk (Churn)
8946,Neha,0,0.08,Safe (Not Churn)
C8947,Unknown,1,1.0,Risk (Churn)
8948,Kiran,0,0.03,Safe (Not Churn)
Unknown,Rahul,0,0.04,Safe (Not Churn)
C8950,Kiran,0,0.01,Safe (Not Churn)
8951,Sneha,0,0.09,Safe (Not Churn)
8952,Sneha,0,0.0,Safe (Not Churn)
8953,Unknown,1,0.63,Risk (Churn)
Unknown,Simran,0,0.01,Safe (Not Churn)
8955,Kiran,0,0.0,Safe (Not Churn)
Unknown,Kiran,0,0.07,Safe (Not Churn)
Unknown,Ravi,0,0.01,Safe (Not Churn)
8958,Rahul,0,0.04,Safe (Not Churn)
C8959,Amit,0,0.02,Safe (Not Churn)
Unknown,Simran,0,0.04,Safe (Not Churn)
C8961,Kiran,0,0.02,Safe (Not Churn)
C8962,Rahul,0,0.02,Safe (Not Churn)
C8963,Amit,0,0.04,Safe (Not Churn)
8964,Sneha,0,0.17,Safe (Not Churn)
C8965,Ankit,0,0.03,Safe (Not Churn)
Unknown,Rahul,0,0.11,Safe (Not Churn)
C8967,Unknown,1,0.97,Risk (Churn)
Unknown,Sneha,1,0.99,Risk (Churn)
Unknown,Kiran,0,0.02,Safe (Not Churn)
8970,Neha,0,0.03,Safe (Not Churn)
8971,Amit,0,0.06,Safe (Not Churn)
C8972,Sneha,0,0.06,Safe (Not Churn)
Unknown,Neha,1,0.99,Risk (Churn)
8974,Kiran,0,0.02,Safe (Not Churn)
C8975,Ankit,0,0.03,Safe (Not Churn)
8976,Ankit,0,0.05,Safe (Not Churn)
C8977,Neha,0,0.03,Safe (Not Churn)
8978,Simran,0,0.01,Safe (Not Churn)
Unknown,Priya,0,0.06,Safe (Not Churn)
8980,Ankit,1,0.93,Risk (Churn)
8981,Ravi,0,0.02,Safe (Not Churn)
8982,Kiran,0,0.03,Safe (Not Churn)
8983,Kiran,0,0.08,Safe (Not Churn)
8984,Pooja,0,0.02,Safe (Not Churn)
8985,Neha,0,0.47,Safe (Not Churn)
Unknown,Unknown,0,0.06,Safe (Not Churn)
C8987,Ravi,0,0.0,Safe (Not Churn)
8988,Neha,0,0.03,Safe (Not Churn)
8989,Simran,0,0.01,Safe (Not Churn)
C8990,Amit,0,0.01,Safe (Not Churn)
Unknown,Ravi,0,0.02,Safe (Not Churn)
8992,Priya,1,0.97,Risk (Churn)
8993,Sneha,1,0.83,Risk (Churn)
8994,Pooja,0,0.05,Safe (Not Churn)
8995,Kiran,0,0.02,Safe (Not Churn)
8996,Priya,1,0.9,Risk (Churn)
8997,Pooja,0,0.03,Safe (Not Churn)
Unknown,Simran,0,0.0,Safe (Not Churn)
8999,Simran,0,0.02,Safe (Not Churn)
9000,Unknown,0,0.08,Safe (Not Churn)
9001,Pooja,1,0.98,Risk (Churn)
9002,Kiran,0,0.02,Safe (Not Churn)
Unknown,Amit,1,0.95,Risk (Churn)
Unknown,Ravi,0,0.0,Safe (Not Churn)
C9005,Ankit,0,0.04,Safe (Not Churn)
9006,Rahul,1,0.93,Risk (Churn)
9007,Ankit,1,0.89,Risk (Churn)
C9008,Amit,0,0.0,Safe (Not Churn)
Unknown,Priya,0,0.06,Safe (Not Churn)
Unknown,Ankit,1,0.99,Risk (Churn)
Unknown,Pooja,0,0.03,Safe (Not Churn)
Unknown,Unknown,0,0.04,Safe (Not Churn)
C9013,Ankit,0,0.07,Safe (Not Churn)
9014,Priya,1,0.99,Risk (Churn)
Unknown,Unknown,0,0.0,Safe (Not Churn)
9016,Neha,1,0.93,Risk (Churn)
C9017,Ravi,0,0.01,Safe (Not Churn)
C9018,Unknown,0,0.07,Safe (Not Churn)
Unknown,Ravi,0,0.36,Safe (Not Churn)
9020,Sneha,0,0.03,Safe (Not Churn)
9021,Ravi,0,0.08,Safe (Not Churn)
9022,Unknown,0,0.02,Safe (Not Churn)
C9023,Neha,0,0.02,Safe (Not Churn)
9024,Amit,0,0.06,Safe (Not Churn)
Unknown,Rahul,0,0.07,Safe (Not Churn)
Unknown,Sneha,0,0.02,Safe (Not Churn)
Unknown,Pooja,1,0.69,Risk (Churn)
9028,Ankit,1,0.97,Risk (Churn)
9029,Simran,0,0.01,Safe (Not Churn)
9030,Pooja,0,0.03,Safe (Not Churn)
9031,Neha,0,0.01,Safe (Not Churn)
C9032,Sneha,0,0.03,Safe (Not Churn)
9033,Ankit,0,0.02,Safe (Not Churn)
C9034,Neha,0,0.11,Safe (Not Churn)
9035,Rahul,0,0.04,Safe (Not Churn)
C9036,Simran,0,0.07,Safe (Not Churn)
C9037,Ankit,0,0.02,Safe (Not Churn)
Unknown,Priya,1,0.92,Risk (Churn)
9039,Ravi,0,0.03,Safe (Not Churn)
C9040,Unknown,0,0.0,Safe (Not Churn)
9041,Unknown,0,0.03,Safe (Not Churn)
C9042,Kiran,0,0.01,Safe (Not Churn)
9043,Sneha,0,0.07,Safe (Not Churn)
9044,Unknown,0,0.06,Safe (Not Churn)
9045,Rahul,0,0.19,Safe (Not Churn)
Unknown,Unknown,0,0.04,Safe (Not Churn)
9047,Ravi,0,0.11,Safe (Not Churn)
9048,Priya,0,0.11,Safe (Not Churn)
Unknown,Ankit,0,0.05,Safe (Not Churn)
9050,Unknown,0,0.0,Safe (Not Churn)
9051,Unknown,1,0.99,Risk (Churn)
Unknown,Kiran,0,0.11,Safe (Not Churn)
9053,Neha,1,0.74,Risk (Churn)
C9054,Unknown,0,0.06,Safe (Not Churn)
C9055,Kiran,0,0.05,Safe (Not Churn)
Unknown,Pooja,0,0.0,Safe (Not Churn)
9057,Simran,1,0.97,Risk (Churn)
C9058,Unknown,0,0.01,Safe (Not Churn)
9059,Neha,0,0.02,Safe (Not Churn)
9060,Sneha,1,0.98,Risk (Churn)
Unknown,Unknown,0,0.1,Safe (Not Churn)
9062,Kiran,0,0.06,Safe (Not Churn)
C9063,Priya,0,0.0,Safe (Not Churn)
9064,Amit,0,0.05,Safe (Not Churn)
9065,Neha,0,0.06,Safe (Not Churn)
9066,Amit,0,0.07,Safe (Not Churn)
C9067,Sneha,0,0.0,Safe (Not Churn)
Unknown,Unknown,0,0.0,Safe (Not Churn)
9069,Simran,0,0.38,Safe (Not Churn)
9070,Amit,0,0.0,Safe (Not Churn)
9071,Priya,0,0.01,Safe (Not Churn)
C9072,Rahul,0,0.02,Safe (Not Churn)
9073,Amit,0,0.0,Safe (Not Churn)
9074,Ankit,0,0.02,Safe (Not Churn)
C9075,Priya,0,0.04,Safe (Not Churn)
C9076,Rahul,0,0.01,Safe (Not Churn)
9077,Ankit,0,0.08,Safe (Not Churn)
9078,Unknown,0,0.01,Safe (Not Churn)
9079,Ankit,0,0.03,Safe (Not Churn)
Unknown,Kiran,1,0.95,Risk (Churn)
9081,Neha,0,0.03,Safe (Not Churn)
9082,Neha,0,0.0,Safe (Not Churn)
9083,Ravi,0,0.04,Safe (Not Churn)
9084,Sneha,0,0.01,Safe (Not Churn)
9085,Unknown,0,0.01,Safe (Not Churn)
9086,Simran,0,0.0,Safe (Not Churn)
C9087,Pooja,0,0.03,Safe (Not Churn)
Unknown,Simran,0,0.08,Safe (Not Churn)
9089,Amit,1,0.98,Risk (Churn)
9090,Ankit,1,0.93,Risk (Churn)
C9091,Amit,1,0.98,Risk (Churn)
C9092,Simran,1,0.95,Risk (Churn)
9093,Neha,0,0.01,Safe (Not Churn)
9094,Ankit,0,0.03,Safe (Not Churn)
9095,Neha,0,0.05,Safe (Not Churn)
9096,Ravi,1,0.97,Risk (Churn)
C9097,Ravi,1,0.96,Risk (Churn)
C9098,Ankit,0,0.03,Safe (Not Churn)
Unknown,Sneha,0,0.08,Safe (Not Churn)
9100,Kiran,1,0.99,Risk (Churn)
C9101,Ankit,1,0.95,Risk (Churn)
9102,Neha,0,0.1,Safe (Not Churn)
9103,Sneha,1,0.96,Risk (Churn)
9104,Priya,0,0.03,Safe (Not Churn)
C9105,Kiran,0,0.06,Safe (Not Churn)
9106,Unknown,0,0.03,Safe (Not Churn)
Unknown,Priya,1,0.96,Risk (Churn)
C9108,Pooja,1,1.0,Risk (Churn)
C9109,Rahul,0,0.09,Safe (Not Churn)
C9110,Ankit,0,0.03,Safe (Not Churn)
9111,Priya,1,1.0,Risk (Churn)
9112,Rahul,0,0.11,Safe (Not Churn)
C9113,Unknown,0,0.01,Safe (Not Churn)
9114,Ravi,0,0.02,Safe (Not Churn)
9115,Amit,0,0.03,Safe (Not Churn)
9116,Unknown,0,0.1,Safe (Not Churn)
9117,Sneha,0,0.05,Safe (Not Churn)
9118,Unknown,0,0.0,Safe (Not Churn)
Unknown,Simran,0,0.02,Safe (Not Churn)
Unknown,Unknown,1,0.95,Risk (Churn)
Unknown,Ravi,0,0.01,Safe (Not Churn)
Unknown,Kiran,1,0.98,Risk (Churn)
9123,Simran,0,0.02,Safe (Not Churn)
C9124,Amit,0,0.02,Safe (Not Churn)
C9125,Pooja,0,0.06,Safe (Not Churn)
C9126,Ravi,0,0.03,Safe (Not Churn)
Unknown,Pooja,0,0.04,Safe (Not Churn)
Unknown,Sneha,0,0.07,Safe (Not Churn)
9129,Amit,0,0.02,Safe (Not Churn)
Unknown,Pooja,0,0.0,Safe (Not Churn)
9131,Kiran,0,0.01,Safe (Not Churn)
9132,Amit,0,0.08,Safe (Not Churn)
9133,Rahul,1,0.98,Risk (Churn)
9134,Neha,1,1.0,Risk (Churn)
C9135,Rahul,0,0.03,Safe (Not Churn)
9136,Kiran,0,0.0,Safe (Not Churn)
C9137,Rahul,1,0.99,Risk (Churn)
9138,Ravi,0,0.02,Safe (Not Churn)
C9139,Kiran,0,0.0,Safe (Not Churn)
Unknown,Unknown,0,0.01,Safe (Not Churn)
9141,Sneha,0,0.02,Safe (Not Churn)
Unknown,Unknown,0,0.07,Safe (Not Churn)
9143,Amit,1,0.91,Risk (Churn)
9144,Neha,0,0.02,Safe (Not Churn)
C9145,Sneha,0,0.09,Safe (Not Churn)
9146,Rahul,0,0.02,Safe (Not Churn)
9147,Ravi,1,0.87,Risk (Churn)
9148,Rahul,0,0.0,Safe (Not Churn)
C9149,Kiran,0,0.01,Safe (Not Churn)
C9150,Ravi,0,0.0,Safe (Not Churn)
C9151,Priya,0,0.0,Safe (Not Churn)
Unknown,Ravi,0,0.03,Safe (Not Churn)
9153,Priya,0,0.07,Safe (Not Churn)
C9154,Sneha,0,0.01,Safe (Not Churn)
Unknown,Pooja,0,0.01,Safe (Not Churn)
9156,Kiran,0,0.01,Safe (Not Churn)
C9157,Ankit,0,0.0,Safe (Not Churn)
C9158,Neha,0,0.03,Safe (Not Churn)
9159,Ankit,1,0.95,Risk (Churn)
9160,Pooja,0,0.01,Safe (Not Churn)
C9161,Neha,0,0.03,Safe (Not Churn)
9162,Simran,0,0.01,Safe (Not Churn)
Unknown,Kiran,0,0.03,Safe (Not Churn)
9164,Amit,0,0.03,Safe (Not Churn)
9165,Ravi,0,0.01,Safe (Not Churn)
Unknown,Ravi,0,0.1,Safe (Not Churn)
9167,Unknown,0,0.04,Safe (Not Churn)
9168,Neha,0,0.03,Safe (Not Churn)
9169,Amit,0,0.01,Safe (Not Churn)
9170,Neha,0,0.02,Safe (Not Churn)
9171,Priya,0,0.0,Safe (Not Churn)
C9172,Kiran,0,0.02,Safe (Not Churn)
9173,Unknown,0,0.47,Safe (Not Churn)
9174,Amit,0,0.09,Safe (Not Churn)
9175,Neha,0,0.03,Safe (Not Churn)
9176,Ankit,0,0.08,Safe (Not Churn)
9177,Unknown,0,0.01,Safe (Not Churn)
9178,Ankit,0,0.01,Safe (Not Churn)
9179,Amit,0,0.04,Safe (Not Churn)
Unknown,Amit,1,0.68,Risk (Churn)
9181,Amit,0,0.08,Safe (Not Churn)
C9182,Kiran,0,0.03,Safe (Not Churn)
Unknown,Rahul,1,0.89,Risk (Churn)
9184,Pooja,0,0.04,Safe (Not Churn)
Unknown,Amit,0,0.05,Safe (Not Churn)
9186,Neha,0,0.06,Safe (Not Churn)
9187,Rahul,0,0.02,Safe (Not Churn)
9188,Rahul,0,0.08,Safe (Not Churn)
9189,Pooja,0,0.03,Safe (Not Churn)
C9190,Ravi,0,0.02,Safe (Not Churn)
9191,Sneha,0,0.01,Safe (Not Churn)
9192,Unknown,1,0.63,Risk (Churn)
Unknown,Sneha,1,0.67,Risk (Churn)
9194,Priya,0,0.0,Safe (Not Churn)
9195,Rahul,1,0.98,Risk (Churn)
C9196,Ravi,1,0.84,Risk (Churn)
Unknown,Pooja,0,0.04,Safe (Not Churn)
9198,Ankit,0,0.05,Safe (Not Churn)
9199,Ankit,0,0.06,Safe (Not Churn)
C9200,Ravi,1,0.96,Risk (Churn)
9201,Pooja,0,0.02,Safe (Not Churn)
9202,Pooja,0,0.04,Safe (Not Churn)
C9203,Ankit,0,0.1,Safe (Not Churn)
Unknown,Amit,0,0.07,Safe (Not Churn)
C9205,Unknown,1,0.94,Risk (Churn)
C9206,Pooja,0,0.07,Safe (Not Churn)
Unknown,Rahul,0,0.02,Safe (Not Churn)
Unknown,Rahul,0,0.02,Safe (Not Churn)
9209,Rahul,1,0.95,Risk (Churn)
9210,Unknown,1,0.99,Risk (Churn)
9211,Unknown,0,0.12,Safe (Not Churn)
9212,Ravi,0,0.03,Safe (Not Churn)
9213,Kiran,1,0.99,Risk (Churn)
9214,Unknown,0,0.04,Safe (Not Churn)
9215,Simran,1,0.68,Risk (Churn)
C9216,Ravi,0,0.02,Safe (Not Churn)
9217,Priya,0,0.0,Safe (Not Churn)
Unknown,Ravi,0,0.01,Safe (Not Churn)
9219,Kiran,0,0.0,Safe (Not Churn)
9220,Unknown,1,0.93,Risk (Churn)
Unknown,Priya,0,0.13,Safe (Not Churn)
9222,Rahul,0,0.03,Safe (Not Churn)
9223,Kiran,0,0.0,Safe (Not Churn)
C9224,Ravi,0,0.0,Safe (Not Churn)
9225,Sneha,0,0.07,Safe (Not Churn)
C9226,Simran,1,0.95,Risk (Churn)
9227,Amit,0,0.05,Safe (Not Churn)
C9228,Ravi,0,0.0,Safe (Not Churn)
Unknown,Priya,1,0.98,Risk (Churn)
Unknown,Pooja,1,0.97,Risk (Churn)
C9231,Ankit,0,0.0,Safe (Not Churn)
9232,Rahul,0,0.08,Safe (Not Churn)
C9233,Unknown,0,0.12,Safe (Not Churn)
9234,Ankit,0,0.07,Safe (Not Churn)
9235,Sneha,0,0.06,Safe (Not Churn)
Unknown,Amit,0,0.19,Safe (Not Churn)
Unknown,Amit,1,0.59,Risk (Churn)
C9238,Rahul,0,0.03,Safe (Not Churn)
9239,Kiran,0,0.07,Safe (Not Churn)
C9240,Rahul,0,0.0,Safe (Not Churn)
9241,Rahul,0,0.04,Safe (Not Churn)
C9242,Neha,0,0.08,Safe (Not Churn)
9243,Neha,0,0.01,Safe (Not Churn)
Unknown,Unknown,0,0.01,Safe (Not Churn)
Unknown,Unknown,0,0.02,Safe (Not Churn)
9246,Neha,1,0.96,Risk (Churn)
Unknown,Sneha,0,0.0,Safe (Not Churn)
Unknown,Neha,0,0.03,Safe (Not Churn)
Unknown,Unknown,0,0.0,Safe (Not Churn)
9250,Amit,1,0.98,Risk (Churn)
9251,Unknown,0,0.49,Safe (Not Churn)
Unknown,Sneha,0,0.06,Safe (Not Churn)
Unknown,Unknown,0,0.09,Safe (Not Churn)
Unknown,Simran,0,0.0,Safe (Not Churn)
9255,Rahul,1,0.99,Risk (Churn)
9256,Pooja,0,0.0,Safe (Not Churn)
9257,Unknown,0,0.05,Safe (Not Churn)
9258,Unknown,0,0.03,Safe (Not Churn)
9259,Ankit,0,0.04,Safe (Not Churn)
9260,Kiran,0,0.01,Safe (Not Churn)
C9261,Amit,0,0.01,Safe (Not Churn)
C9262,Unknown,0,0.02,Safe (Not Churn)
9263,Neha,0,0.02,Safe (Not Churn)
Unknown,Rahul,0,0.03,Safe (Not Churn)
9265,Kiran,0,0.02,Safe (Not Churn)
9266,Kiran,1,0.62,Risk (Churn)
Unknown,Neha,0,0.02,Safe (Not Churn)
9268,Sneha,0,0.03,Safe (Not Churn)
C9269,Ankit,0,0.02,Safe (Not Churn)
Unknown,Kiran,0,0.01,Safe (Not Churn)
C9271,Amit,1,0.91,Risk (Churn)
C9272,Unknown,0,0.03,Safe (Not Churn)
Unknown,Unknown,0,0.0,Safe (Not Churn)
9274,Sneha,0,0.02,Safe (Not Churn)
9275,Rahul,0,0.14,Safe (Not Churn)
9276,Priya,0,0.07,Safe (Not Churn)
C9277,Sneha,1,0.96,Risk (Churn)
9278,Ankit,0,0.05,Safe (Not Churn)
C9279,Simran,0,0.35,Safe (Not Churn)
C9280,Priya,0,0.03,Safe (Not Churn)
9281,Amit,0,0.01,Safe (Not Churn)
C9282,Unknown,0,0.07,Safe (Not Churn)
Unknown,Kiran,0,0.01,Safe (Not Churn)
C9284,Sneha,0,0.01,Safe (Not Churn)
Unknown,Rahul,0,0.03,Safe (Not Churn)
9286,Rahul,0,0.03,Safe (Not Churn)
Unknown,Unknown,1,0.93,Risk (Churn)
9288,Ankit,0,0.01,Safe (Not Churn)
Unknown,Pooja,0,0.01,Safe (Not Churn)
Unknown,Priya,0,0.03,Safe (Not Churn)
C9291,Neha,0,0.0,Safe (Not Churn)
C9292,Sneha,0,0.05,Safe (Not Churn)
C9293,Priya,0,0.03,Safe (Not Churn)
9294,Priya,1,0.94,Risk (Churn)
9295,Pooja,0,0.02,Safe (Not Churn)
9296,Neha,0,0.07,Safe (Not Churn)
C9297,Ravi,1,0.95,Risk (Churn)
C9298,Kiran,0,0.06,Safe (Not Churn)
Unknown,Simran,0,0.0,Safe (Not Churn)
Unknown,Ankit,0,0.01,Safe (Not Churn)
C9301,Unknown,0,0.01,Safe (Not Churn)
9302,Unknown,1,0.93,Risk (Churn)
Unknown,Kiran,0,0.08,Safe (Not Churn)
9304,Sneha,0,0.0,Safe (Not Churn)
9305,Priya,1,1.0,Risk (Churn)
C9306,Simran,0,0.0,Safe (Not Churn)
9307,Priya,0,0.01,Safe (Not Churn)
C9308,Kiran,0,0.08,Safe (Not Churn)
Unknown,Rahul,0,0.04,Safe (Not Churn)
C9310,Kiran,0,0.01,Safe (Not Churn)
9311,Ravi,0,0.05,Safe (Not Churn)
C9312,Unknown,0,0.0,Safe (Not Churn)
C9313,Unknown,0,0.0,Safe (Not Churn)
C9314,Ravi,0,0.07,Safe (Not Churn)
9315,Unknown,0,0.0,Safe (Not Churn)
9316,Ankit,0,0.04,Safe (Not Churn)
9317,Amit,0,0.08,Safe (Not Churn)
C9318,Unknown,0,0.0,Safe (Not Churn)
Unknown,Ankit,1,0.99,Risk (Churn)
C9320,Ankit,0,0.01,Safe (Not Churn)
9321,Ankit,0,0.01,Safe (Not Churn)
C9322,Sneha,0,0.0,Safe (Not Churn)
9323,Rahul,0,0.01,Safe (Not Churn)
9324,Amit,0,0.03,Safe (Not Churn)
Unknown,Rahul,1,0.97,Risk (Churn)
9326,Unknown,0,0.03,Safe (Not Churn)
9327,Rahul,0,0.07,Safe (Not Churn)
9328,Unknown,0,0.02,Safe (Not Churn)
9329,Neha,0,0.02,Safe (Not Churn)
C9330,Ankit,1,1.0,Risk (Churn)
Unknown,Neha,0,0.03,Safe (Not Churn)
Unknown,Simran,0,0.06,Safe (Not Churn)
C9333,Neha,0,0.03,Safe (Not Churn)
Unknown,Sneha,0,0.02,Safe (Not Churn)
9335,Kiran,0,0.02,Safe (Not Churn)
9336,Kiran,1,0.96,Risk (Churn)
Unknown,Ravi,0,0.0,Safe (Not Churn)
9338,Simran,0,0.04,Safe (Not Churn)
C9339,Amit,0,0.01,Safe (Not Churn)
9340,Simran,0,0.02,Safe (Not Churn)
Unknown,Kiran,0,0.22,Safe (Not Churn)
Unknown,Amit,0,0.23,Safe (Not Churn)
Unknown,Sneha,0,0.07,Safe (Not Churn)
C9344,Ravi,0,0.02,Safe (Not Churn)
Unknown,Simran,0,0.04,Safe (Not Churn)
C9346,Rahul,1,0.99,Risk (Churn)
9347,Unknown,0,0.03,Safe (Not Churn)
Unknown,Priya,0,0.04,Safe (Not Churn)
9349,Amit,0,0.05,Safe (Not Churn)
C9350,Rahul,0,0.05,Safe (Not Churn)
9351,Sneha,0,0.01,Safe (Not Churn)
Unknown,Kiran,0,0.02,Safe (Not Churn)
Unknown,Ankit,0,0.01,Safe (Not Churn)
Unknown,Rahul,0,0.29,Safe (Not Churn)
C9355,Sneha,0,0.0,Safe (Not Churn)
9356,Unknown,0,0.0,Safe (Not Churn)
9357,Sneha,0,0.09,Safe (Not Churn)
C9358,Pooja,1,0.97,Risk (Churn)
9359,Rahul,0,0.04,Safe (Not Churn)
9360,Unknown,0,0.03,Safe (Not Churn)
Unknown,Pooja,0,0.04,Safe (Not Churn)
C9362,Amit,0,0.07,Safe (Not Churn)
Unknown,Sneha,0,0.06,Safe (Not Churn)
C9364,Ankit,1,0.9,Risk (Churn)
Unknown,Sneha,0,0.06,Safe (Not Churn)
C9366,Pooja,1,0.88,Risk (Churn)
C9367,Sneha,0,0.03,Safe (Not Churn)
Unknown,Simran,0,0.03,Safe (Not Churn)
Unknown,Unknown,0,0.02,Safe (Not Churn)
9370,Kiran,1,0.95,Risk (Churn)
9371,Neha,0,0.02,Safe (Not Churn)
C9372,Sneha,0,0.04,Safe (Not Churn)
C9373,Unknown,1,0.91,Risk (Churn)
9374,Kiran,0,0.11,Safe (Not Churn)
9375,Ankit,0,0.08,Safe (Not Churn)
9376,Sneha,0,0.04,Safe (Not Churn)
9377,Pooja,0,0.05,Safe (Not Churn)
9378,Unknown,0,0.02,Safe (Not Churn)
C9379,Ravi,0,0.02,Safe (Not Churn)
9380,Pooja,0,0.02,Safe (Not Churn)
C9381,Neha,0,0.39,Safe (Not Churn)
C9382,Ravi,0,0.02,Safe (Not Churn)
C9383,Unknown,1,0.91,Risk (Churn)
C9384,Ankit,0,0.02,Safe (Not Churn)
C9385,Kiran,0,0.02,Safe (Not Churn)
C9386,Ravi,0,0.0,Safe (Not Churn)
9387,Neha,0,0.0,Safe (Not Churn)
9388,Pooja,0,0.01,Safe (Not Churn)
9389,Neha,0,0.04,Safe (Not Churn)
9390,Kiran,0,0.02,Safe (Not Churn)
C9391,Priya,0,0.0,Safe (Not Churn)
9392,Sneha,0,0.01,Safe (Not Churn)
9393,Ravi,1,1.0,Risk (Churn)
C9394,Pooja,0,0.05,Safe (Not Churn)
9395,Sneha,1,0.93,Risk (Churn)
C9396,Kiran,1,0.62,Risk (Churn)
9397,Ravi,1,0.55,Risk (Churn)
9398,Simran,1,0.93,Risk (Churn)
C9399,Simran,0,0.05,Safe (Not Churn)
9400,Neha,0,0.25,Safe (Not Churn)
9401,Sneha,0,0.03,Safe (Not Churn)
9402,Unknown,0,0.03,Safe (Not Churn)
C9403,Priya,0,0.0,Safe (Not Churn)
C9404,Unknown,0,0.07,Safe (Not Churn)
Unknown,Ravi,0,0.01,Safe (Not Churn)
C9406,Kiran,0,0.02,Safe (Not Churn)
9407,Pooja,1,0.91,Risk (Churn)
Unknown,Unknown,0,0.04,Safe (Not Churn)
9409,Unknown,1,0.97,Risk (Churn)
C9410,Simran,0,0.06,Safe (Not Churn)
Unknown,Priya,0,0.07,Safe (Not Churn)
C9412,Unknown,0,0.06,Safe (Not Churn)
Unknown,Rahul,1,0.72,Risk (Churn)
C9414,Amit,0,0.04,Safe (Not Churn)
Unknown,Ravi,0,0.04,Safe (Not Churn)
Unknown,Unknown,0,0.07,Safe (Not Churn)
Unknown,Pooja,0,0.02,Safe (Not Churn)
9418,Unknown,0,0.04,Safe (Not Churn)
Unknown,Neha,0,0.02,Safe (Not Churn)
C9420,Neha,0,0.0,Safe (Not Churn)
Unknown,Amit,0,0.05,Safe (Not Churn)
Unknown,Unknown,0,0.16,Safe (Not Churn)
C9423,Sneha,0,0.0,Safe (Not Churn)
9424,Priya,0,0.02,Safe (Not Churn)
Unknown,Amit,1,0.99,Risk (Churn)
C9426,Priya,1,0.98,Risk (Churn)
C9427,Ravi,0,0.05,Safe (Not Churn)
9428,Kiran,0,0.02,Safe (Not Churn)
9429,Ankit,1,0.97,Risk (Churn)
9430,Unknown,0,0.03,Safe (Not Churn)
9431,Amit,1,0.67,Risk (Churn)
Unknown,Unknown,1,0.98,Risk (Churn)
9433,Ravi,0,0.05,Safe (Not Churn)
9434,Pooja,1,0.97,Risk (Churn)
9435,Unknown,0,0.06,Safe (Not Churn)
C9436,Simran,0,0.02,Safe (Not Churn)
C9437,Unknown,0,0.0,Safe (Not Churn)
Unknown,Pooja,0,0.06,Safe (Not Churn)
Unknown,Ankit,0,0.34,Safe (Not Churn)
Unknown,Simran,1,1.0,Risk (Churn)
9441,Unknown,1,0.96,Risk (Churn)
Unknown,Pooja,0,0.04,Safe (Not Churn)
C9443,Sneha,1,0.9,Risk (Churn)
9444,Pooja,0,0.02,Safe (Not Churn)
C9445,Priya,0,0.0,Safe (Not Churn)
9446,Unknown,1,0.59,Risk (Churn)
9447,Simran,0,0.04,Safe (Not Churn)
Unknown,Neha,0,0.07,Safe (Not Churn)
9449,Ankit,1,0.91,Risk (Churn)
9450,Sneha,1,0.93,Risk (Churn)
9451,Ravi,0,0.02,Safe (Not Churn)
9452,Ravi,0,0.05,Safe (Not Churn)
Unknown,Rahul,1,0.99,Risk (Churn)
Unknown,Ravi,0,0.02,Safe (Not Churn)
C9455,Ankit,1,0.97,Risk (Churn)
C9456,Unknown,0,0.02,Safe (Not Churn)
C9457,Amit,0,0.05,Safe (Not Churn)
Unknown,Sneha,0,0.0,Safe (Not Churn)
Unknown,Rahul,1,0.97,Risk (Churn)
C9460,Unknown,0,0.02,Safe (Not Churn)
9461,Priya,0,0.03,Safe (Not Churn)
Unknown,Pooja,1,0.58,Risk (Churn)
C9463,Ravi,1,0.9,Risk (Churn)
C9464,Rahul,0,0.01,Safe (Not Churn)
9465,Neha,0,0.05,Safe (Not Churn)
C9466,Amit,0,0.04,Safe (Not Churn)
Unknown,Rahul,1,0.99,Risk (Churn)
9468,Unknown,0,0.0,Safe (Not Churn)
9469,Amit,0,0.04,Safe (Not Churn)
9470,Unknown,0,0.05,Safe (Not Churn)
9471,Unknown,1,0.91,Risk (Churn)
Unknown,Sneha,0,0.05,Safe (Not Churn)
9473,Pooja,0,0.08,Safe (Not Churn)
Unknown,Kiran,0,0.07,Safe (Not Churn)
Unknown,Amit,0,0.04,Safe (Not Churn)
9476,Simran,0,0.0,Safe (Not Churn)
Unknown,Ankit,0,0.03,Safe (Not Churn)
Unknown,Kiran,0,0.01,Safe (Not Churn)
C9479,Ankit,1,0.99,Risk (Churn)
Unknown,Rahul,0,0.01,Safe (Not Churn)
Unknown,Amit,0,0.02,Safe (Not Churn)
Unknown,Rahul,0,0.04,Safe (Not Churn)
C9483,Sneha,0,0.02,Safe (Not Churn)
9484,Neha,0,0.04,Safe (Not Churn)
9485,Sneha,0,0.05,Safe (Not Churn)
9486,Neha,0,0.0,Safe (Not Churn)
Unknown,Unknown,1,0.69,Risk (Churn)
9488,Simran,1,0.92,Risk (Churn)
9489,Unknown,0,0.04,Safe (Not Churn)
9490,Sneha,0,0.01,Safe (Not Churn)
Unknown,Simran,0,0.04,Safe (Not Churn)
Unknown,Neha,0,0.26,Safe (Not Churn)
9493,Pooja,1,0.95,Risk (Churn)
9494,Ankit,1,0.98,Risk (Churn)
C9495,Simran,0,0.05,Safe (Not Churn)
C9496,Unknown,0,0.08,Safe (Not Churn)
9497,Sneha,0,0.02,Safe (Not Churn)
9498,Simran,0,0.0,Safe (Not Churn)
C9499,Neha,0,0.01,Safe (Not Churn)
Unknown,Ravi,1,0.71,Risk (Churn)
Unknown,Pooja,0,0.0,Safe (Not Churn)
9502,Sneha,0,0.02,Safe (Not Churn)
9503,Amit,1,0.95,Risk (Churn)
Unknown,Unknown,0,0.03,Safe (Not Churn)
C9505,Pooja,0,0.03,Safe (Not Churn)
Unknown,Priya,0,0.0,Safe (Not Churn)
9507,Rahul,0,0.0,Safe (Not Churn)
9508,Unknown,1,0.93,Risk (Churn)
9509,Neha,1,0.76,Risk (Churn)
C9510,Amit,1,0.98,Risk (Churn)
9511,Priya,0,0.15,Safe (Not Churn)
9512,Ravi,0,0.01,Safe (Not Churn)
C9513,Neha,0,0.01,Safe (Not Churn)
Unknown,Unknown,0,0.03,Safe (Not Churn)
Unknown,Rahul,0,0.04,Safe (Not Churn)
9516,Amit,0,0.02,Safe (Not Churn)
Unknown,Simran,0,0.01,Safe (Not Churn)
9518,Rahul,1,0.97,Risk (Churn)
C9519,Kiran,0,0.08,Safe (Not Churn)
C9520,Priya,0,0.04,Safe (Not Churn)
C9521,Pooja,0,0.03,Safe (Not Churn)
Unknown,Priya,0,0.04,Safe (Not Churn)
C9523,Neha,0,0.01,Safe (Not Churn)
9524,Ankit,1,0.87,Risk (Churn)
9525,Sneha,1,0.95,Risk (Churn)
C9526,Unknown,0,0.01,Safe (Not Churn)
Unknown,Pooja,0,0.06,Safe (Not Churn)
9528,Simran,0,0.03,Safe (Not Churn)
9529,Simran,0,0.05,Safe (Not Churn)
9530,Rahul,0,0.09,Safe (Not Churn)
Unknown,Pooja,0,0.01,Safe (Not Churn)
Unknown,Amit,0,0.06,Safe (Not Churn)
9533,Unknown,0,0.03,Safe (Not Churn)
9534,Priya,1,0.95,Risk (Churn)
Unknown,Unknown,0,0.02,Safe (Not Churn)
9536,Unknown,0,0.03,Safe (Not Churn)
9537,Ravi,0,0.01,Safe (Not Churn)
C9538,Unknown,0,0.1,Safe (Not Churn)
9539,Kiran,0,0.22,Safe (Not Churn)
9540,Kiran,1,0.63,Risk (Churn)
9541,Neha,0,0.03,Safe (Not Churn)
C9542,Ankit,0,0.03,Safe (Not Churn)
9543,Pooja,0,0.01,Safe (Not Churn)
9544,Amit,0,0.02,Safe (Not Churn)
9545,Priya,0,0.0,Safe (Not Churn)
Unknown,Simran,1,0.98,Risk (Churn)
9547,Pooja,0,0.02,Safe (Not Churn)
9548,Ankit,0,0.06,Safe (Not Churn)
C9549,Unknown,0,0.03,Safe (Not Churn)
9550,Amit,0,0.03,Safe (Not Churn)
9551,Ravi,0,0.03,Safe (Not Churn)
Unknown,Neha,0,0.01,Safe (Not Churn)
C9553,Amit,0,0.07,Safe (Not Churn)
9554,Rahul,0,0.01,Safe (Not Churn)
9555,Ankit,1,0.96,Risk (Churn)
9556,Kiran,0,0.02,Safe (Not Churn)
9557,Pooja,0,0.01,Safe (Not Churn)
C9558,Unknown,0,0.03,Safe (Not Churn)
9559,Ankit,1,0.97,Risk (Churn)
9560,Ankit,0,0.0,Safe (Not Churn)
9561,Neha,0,0.02,Safe (Not Churn)
C9562,Simran,0,0.02,Safe (Not Churn)
Unknown,Amit,1,0.89,Risk (Churn)
Unknown,Neha,1,0.97,Risk (Churn)
9565,Unknown,0,0.03,Safe (Not Churn)
9566,Priya,0,0.04,Safe (Not Churn)
Unknown,Kiran,1,0.99,Risk (Churn)
Unknown,Unknown,0,0.03,Safe (Not Churn)
C9569,Priya,0,0.02,Safe (Not Churn)
C9570,Sneha,1,0.96,Risk (Churn)
9571,Neha,0,0.03,Safe (Not Churn)
Unknown,Kiran,0,0.05,Safe (Not Churn)
Unknown,Rahul,0,0.1,Safe (Not Churn)
C9574,Ankit,0,0.01,Safe (Not Churn)
Unknown,Kiran,0,0.12,Safe (Not Churn)
9576,Kiran,0,0.02,Safe (Not Churn)
C9577,Neha,0,0.02,Safe (Not Churn)
Unknown,Pooja,0,0.01,Safe (Not Churn)
C9579,Unknown,0,0.01,Safe (Not Churn)
Unknown,Simran,0,0.01,Safe (Not Churn)
9581,Neha,0,0.04,Safe (Not Churn)
C9582,Neha,0,0.02,Safe (Not Churn)
9583,Priya,0,0.02,Safe (Not Churn)
Unknown,Ankit,0,0.1,Safe (Not Churn)
9585,Ankit,0,0.01,Safe (Not Churn)
C9586,Ankit,1,0.97,Risk (Churn)
C9587,Unknown,0,0.16,Safe (Not Churn)
Unknown,Simran,0,0.01,Safe (Not Churn)
9589,Sneha,0,0.04,Safe (Not Churn)
Unknown,Neha,0,0.06,Safe (Not Churn)
Unknown,Simran,0,0.15,Safe (Not Churn)
9592,Sneha,0,0.03,Safe (Not Churn)
C9593,Unknown,1,0.95,Risk (Churn)
9594,Ankit,0,0.03,Safe (Not Churn)
9595,Unknown,0,0.01,Safe (Not Churn)
C9596,Amit,0,0.08,Safe (Not Churn)
Unknown,Neha,0,0.08,Safe (Not Churn)
C9598,Simran,0,0.02,Safe (Not Churn)
Unknown,Ravi,1,1.0,Risk (Churn)
C9600,Priya,0,0.0,Safe (Not Churn)
9601,Priya,1,0.56,Risk (Churn)
9602,Kiran,0,0.02,Safe (Not Churn)
9603,Amit,1,0.97,Risk (Churn)
9604,Rahul,0,0.25,Safe (Not Churn)
9605,Priya,0,0.05,Safe (Not Churn)
C9606,Ankit,0,0.01,Safe (Not Churn)
9607,Unknown,0,0.06,Safe (Not Churn)
9608,Ankit,0,0.07,Safe (Not Churn)
Unknown,Priya,0,0.02,Safe (Not Churn)
9610,Priya,1,0.96,Risk (Churn)
C9611,Priya,0,0.0,Safe (Not Churn)
C9612,Ankit,1,1.0,Risk (Churn)
Unknown,Amit,0,0.15,Safe (Not Churn)
C9614,Unknown,0,0.0,Safe (Not Churn)
9615,Pooja,0,0.09,Safe (Not Churn)
9616,Ravi,0,0.05,Safe (Not Churn)
C9617,Rahul,0,0.01,Safe (Not Churn)
9618,Unknown,0,0.1,Safe (Not Churn)
C9619,Kiran,0,0.02,Safe (Not Churn)
Unknown,Pooja,1,0.98,Risk (Churn)
9621,Kiran,0,0.05,Safe (Not Churn)
Unknown,Neha,0,0.07,Safe (Not Churn)
Unknown,Kiran,0,0.0,Safe (Not Churn)
C9624,Simran,0,0.0,Safe (Not Churn)
Unknown,Neha,0,0.01,Safe (Not Churn)
Unknown,Unknown,0,0.07,Safe (Not Churn)
C9627,Sneha,0,0.14,Safe (Not Churn)
9628,Pooja,1,0.95,Risk (Churn)
9629,Sneha,1,0.67,Risk (Churn)
9630,Rahul,0,0.0,Safe (Not Churn)
Unknown,Ravi,0,0.0,Safe (Not Churn)
C9632,Sneha,0,0.22,Safe (Not Churn)
9633,Rahul,0,0.02,Safe (Not Churn)
9634,Unknown,0,0.04,Safe (Not Churn)
C9635,Kiran,0,0.07,Safe (Not Churn)
C9636,Neha,0,0.01,Safe (Not Churn)
9637,Unknown,1,0.85,Risk (Churn)
Unknown,Kiran,1,0.68,Risk (Churn)
C9639,Priya,0,0.08,Safe (Not Churn)
C9640,Rahul,0,0.4,Safe (Not Churn)
C9641,Priya,0,0.09,Safe (Not Churn)
9642,Sneha,0,0.02,Safe (Not Churn)
C9643,Priya,0,0.0,Safe (Not Churn)
9644,Priya,0,0.01,Safe (Not Churn)
Unknown,Kiran,0,0.0,Safe (Not Churn)
Unknown,Sneha,0,0.04,Safe (Not Churn)
Unknown,Amit,1,0.97,Risk (Churn)
C9648,Ankit,0,0.03,Safe (Not Churn)
9649,Priya,0,0.22,Safe (Not Churn)
9650,Unknown,0,0.04,Safe (Not Churn)
Unknown,Neha,1,0.91,Risk (Churn)
9652,Neha,0,0.08,Safe (Not Churn)
9653,Sneha,0,0.04,Safe (Not Churn)
9654,Simran,0,0.0,Safe (Not Churn)
9655,Ravi,1,0.89,Risk (Churn)
9656,Simran,0,0.06,Safe (Not Churn)
9657,Priya,0,0.05,Safe (Not Churn)
Unknown,Unknown,0,0.05,Safe (Not Churn)
C9659,Priya,0,0.01,Safe (Not Churn)
C9660,Neha,0,0.05,Safe (Not Churn)
C9661,Amit,0,0.01,Safe (Not Churn)
C9662,Amit,0,0.01,Safe (Not Churn)
9663,Unknown,1,0.89,Risk (Churn)
9664,Unknown,0,0.31,Safe (Not Churn)
9665,Rahul,0,0.02,Safe (Not Churn)
9666,Simran,0,0.04,Safe (Not Churn)
9667,Kiran,1,0.63,Risk (Churn)
Unknown,Simran,0,0.03,Safe (Not Churn)
C9669,Priya,0,0.0,Safe (Not Churn)
Unknown,Pooja,0,0.02,Safe (Not Churn)
Unknown,Priya,0,0.03,Safe (Not Churn)
9672,Kiran,0,0.0,Safe (Not Churn)
C9673,Ravi,0,0.11,Safe (Not Churn)
9674,Unknown,0,0.08,Safe (Not Churn)
Unknown,Simran,0,0.01,Safe (Not Churn)
Unknown,Ravi,0,0.0,Safe (Not Churn)
C9677,Ankit,0,0.02,Safe (Not Churn)
C9678,Rahul,1,0.95,Risk (Churn)
9679,Unknown,1,0.88,Risk (Churn)
9680,Ravi,1,0.87,Risk (Churn)
Unknown,Unknown,1,0.94,Risk (Churn)
9682,Rahul,1,0.59,Risk (Churn)
9683,Unknown,0,0.05,Safe (Not Churn)
9684,Simran,0,0.0,Safe (Not Churn)
Unknown,Sneha,0,0.02,Safe (Not Churn)
C9686,Priya,0,0.0,Safe (Not Churn)
9687,Unknown,0,0.03,Safe (Not Churn)
C9688,Neha,0,0.02,Safe (Not Churn)
Unknown,Ravi,1,1.0,Risk (Churn)
9690,Rahul,0,0.06,Safe (Not Churn)
C9691,Ravi,0,0.0,Safe (Not Churn)
9692,Simran,0,0.04,Safe (Not Churn)
9693,Amit,0,0.02,Safe (Not Churn)
C9694,Neha,0,0.05,Safe (Not Churn)
9695,Neha,1,0.97,Risk (Churn)
9696,Unknown,0,0.07,Safe (Not Churn)
9697,Priya,1,0.96,Risk (Churn)
9698,Unknown,0,0.03,Safe (Not Churn)
9699,Amit,0,0.0,Safe (Not Churn)
C9700,Simran,1,0.98,Risk (Churn)
9701,Unknown,1,0.99,Risk (Churn)
9702,Neha,0,0.01,Safe (Not Churn)
9703,Neha,0,0.03,Safe (Not Churn)
C9704,Ankit,0,0.0,Safe (Not Churn)
C9705,Kiran,0,0.04,Safe (Not Churn)
9706,Rahul,1,0.99,Risk (Churn)
9707,Unknown,1,0.53,Risk (Churn)
9708,Pooja,0,0.02,Safe (Not Churn)
Unknown,Kiran,0,0.02,Safe (Not Churn)
Unknown,Simran,1,0.94,Risk (Churn)
9711,Amit,0,0.03,Safe (Not Churn)
C9712,Pooja,0,0.0,Safe (Not Churn)
9713,Unknown,0,0.4,Safe (Not Churn)
9714,Priya,0,0.02,Safe (Not Churn)
9715,Unknown,0,0.03,Safe (Not Churn)
9716,Ravi,0,0.09,Safe (Not Churn)
Unknown,Ravi,0,0.01,Safe (Not Churn)
9718,Unknown,0,0.04,Safe (Not Churn)
9719,Amit,0,0.09,Safe (Not Churn)
C9720,Pooja,1,0.93,Risk (Churn)
C9721,Priya,0,0.12,Safe (Not Churn)
Unknown,Sneha,0,0.0,Safe (Not Churn)
9723,Pooja,0,0.03,Safe (Not Churn)
9724,Rahul,0,0.04,Safe (Not Churn)
C9725,Simran,0,0.02,Safe (Not Churn)
9726,Ankit,0,0.0,Safe (Not Churn)
C9727,Sneha,0,0.0,Safe (Not Churn)
9728,Sneha,0,0.01,Safe (Not Churn)
C9729,Sneha,1,0.97,Risk (Churn)
9730,Kiran,0,0.15,Safe (Not Churn)
Unknown,Pooja,0,0.0,Safe (Not Churn)
C9732,Kiran,0,0.02,Safe (Not Churn)
9733,Ankit,0,0.0,Safe (Not Churn)
Unknown,Rahul,0,0.01,Safe (Not Churn)
9735,Kiran,0,0.11,Safe (Not Churn)
C9736,Kiran,0,0.03,Safe (Not Churn)
9737,Unknown,0,0.05,Safe (Not Churn)
C9738,Amit,0,0.36,Safe (Not Churn)
9739,Unknown,0,0.01,Safe (Not Churn)
C9740,Unknown,0,0.02,Safe (Not Churn)
Unknown,Pooja,0,0.46,Safe (Not Churn)
9742,Simran,0,0.38,Safe (Not Churn)
9743,Ankit,0,0.03,Safe (Not Churn)
C9744,Rahul,0,0.0,Safe (Not Churn)
C9745,Pooja,0,0.0,Safe (Not Churn)
C9746,Rahul,0,0.03,Safe (Not Churn)
C9747,Ankit,1,0.95,Risk (Churn)
C9748,Rahul,0,0.06,Safe (Not Churn)
9749,Priya,0,0.31,Safe (Not Churn)
9750,Priya,0,0.03,Safe (Not Churn)
9751,Ankit,1,0.96,Risk (Churn)
Unknown,Kiran,0,0.01,Safe (Not Churn)
C9753,Unknown,1,0.98,Risk (Churn)
C9754,Ravi,1,0.98,Risk (Churn)
9755,Sneha,1,0.91,Risk (Churn)
Unknown,Amit,0,0.06,Safe (Not Churn)
9757,Pooja,0,0.02,Safe (Not Churn)
C9758,Simran,0,0.03,Safe (Not Churn)
Unknown,Amit,0,0.03,Safe (Not Churn)
9760,Rahul,1,0.76,Risk (Churn)
9761,Ankit,1,0.87,Risk (Churn)
9762,Priya,0,0.01,Safe (Not Churn)
9763,Amit,0,0.05,Safe (Not Churn)
9764,Amit,0,0.07,Safe (Not Churn)
9765,Ankit,1,0.99,Risk (Churn)
9766,Unknown,0,0.03,Safe (Not Churn)
9767,Simran,0,0.01,Safe (Not Churn)
C9768,Pooja,1,0.9,Risk (Churn)
Unknown,Rahul,0,0.0,Safe (Not Churn)
Unknown,Unknown,0,0.12,Safe (Not Churn)
Unknown,Priya,0,0.08,Safe (Not Churn)
9772,Simran,0,0.01,Safe (Not Churn)
9773,Amit,1,0.96,Risk (Churn)
9774,Amit,0,0.06,Safe (Not Churn)
C9775,Neha,0,0.03,Safe (Not Churn)
C9776,Unknown,1,0.99,Risk (Churn)
Unknown,Unknown,1,0.91,Risk (Churn)
Unknown,Amit,0,0.0,Safe (Not Churn)
C9779,Pooja,0,0.04,Safe (Not Churn)
9780,Rahul,0,0.01,Safe (Not Churn)
C9781,Neha,0,0.0,Safe (Not Churn)
Unknown,Priya,0,0.02,Safe (Not Churn)
C9783,Amit,0,0.0,Safe (Not Churn)
9784,Unknown,0,0.05,Safe (Not Churn)
9785,Rahul,0,0.0,Safe (Not Churn)
9786,Amit,0,0.09,Safe (Not Churn)
9787,Pooja,0,0.03,Safe (Not Churn)
Unknown,Neha,0,0.04,Safe (Not Churn)
9789,Pooja,0,0.02,Safe (Not Churn)
C9790,Priya,1,0.54,Risk (Churn)
Unknown,Neha,0,0.05,Safe (Not Churn)
C9792,Ankit,0,0.01,Safe (Not Churn)
9793,Priya,0,0.5,Safe (Not Churn)
Unknown,Ankit,1,0.92,Risk (Churn)
C9795,Priya,0,0.0,Safe (Not Churn)
9796,Priya,0,0.01,Safe (Not Churn)
9797,Rahul,0,0.01,Safe (Not Churn)
C9798,Ravi,0,0.04,Safe (Not Churn)
Unknown,Rahul,0,0.03,Safe (Not Churn)
9800,Neha,0,0.01,Safe (Not Churn)
9801,Unknown,1,0.63,Risk (Churn)
9802,Simran,0,0.02,Safe (Not Churn)
Unknown,Ankit,0,0.07,Safe (Not Churn)
9804,Kiran,1,1.0,Risk (Churn)
9805,Kiran,0,0.12,Safe (Not Churn)
9806,Rahul,0,0.01,Safe (Not Churn)
C9807,Pooja,0,0.0,Safe (Not Churn)
Unknown,Priya,0,0.0,Safe (Not Churn)
9809,Rahul,0,0.02,Safe (Not Churn)
C9810,Unknown,0,0.01,Safe (Not Churn)
C9811,Pooja,0,0.08,Safe (Not Churn)
C9812,Kiran,0,0.04,Safe (Not Churn)
C9813,Ravi,0,0.01,Safe (Not Churn)
9814,Pooja,0,0.04,Safe (Not Churn)
9815,Pooja,0,0.04,Safe (Not Churn)
C9816,Ankit,0,0.0,Safe (Not Churn)
9817,Rahul,0,0.02,Safe (Not Churn)
Unknown,Pooja,0,0.03,Safe (Not Churn)
9819,Pooja,0,0.01,Safe (Not Churn)
C9820,Kiran,0,0.01,Safe (Not Churn)
Unknown,Amit,0,0.0,Safe (Not Churn)
9822,Pooja,0,0.0,Safe (Not Churn)
Unknown,Rahul,1,0.92,Risk (Churn)
9824,Unknown,0,0.05,Safe (Not Churn)
Unknown,Sneha,0,0.05,Safe (Not Churn)
9826,Ravi,1,0.89,Risk (Churn)
9827,Amit,1,0.94,Risk (Churn)
9828,Sneha,1,0.94,Risk (Churn)
C9829,Unknown,0,0.04,Safe (Not Churn)
9830,Priya,0,0.01,Safe (Not Churn)
9831,Kiran,0,0.05,Safe (Not Churn)
9832,Simran,0,0.04,Safe (Not Churn)
C9833,Amit,0,0.02,Safe (Not Churn)
9834,Pooja,0,0.07,Safe (Not Churn)
9835,Unknown,0,0.0,Safe (Not Churn)
9836,Sneha,1,0.63,Risk (Churn)
Unknown,Unknown,1,0.81,Risk (Churn)
9838,Amit,0,0.01,Safe (Not Churn)
9839,Kiran,0,0.02,Safe (Not Churn)
9840,Simran,0,0.03,Safe (Not Churn)
9841,Sneha,0,0.02,Safe (Not Churn)
Unknown,Unknown,0,0.04,Safe (Not Churn)
9843,Unknown,0,0.02,Safe (Not Churn)
Unknown,Sneha,1,0.97,Risk (Churn)
9845,Pooja,0,0.15,Safe (Not Churn)
C9846,Sneha,0,0.05,Safe (Not Churn)
9847,Sneha,0,0.09,Safe (Not Churn)
9848,Amit,0,0.04,Safe (Not Churn)
9849,Priya,0,0.01,Safe (Not Churn)
9850,Unknown,0,0.05,Safe (Not Churn)
9851,Simran,0,0.03,Safe (Not Churn)
Unknown,Simran,0,0.0,Safe (Not Churn)
Unknown,Amit,0,0.22,Safe (Not Churn)
C9854,Ravi,0,0.04,Safe (Not Churn)
Unknown,Sneha,0,0.01,Safe (Not Churn)
9856,Sneha,0,0.09,Safe (Not Churn)
9857,Unknown,0,0.01,Safe (Not Churn)
9858,Unknown,0,0.04,Safe (Not Churn)
C9859,Rahul,0,0.16,Safe (Not Churn)
9860,Ankit,0,0.27,Safe (Not Churn)
Unknown,Priya,0,0.07,Safe (Not Churn)
C9862,Unknown,0,0.19,Safe (Not Churn)
Unknown,Rahul,1,0.97,Risk (Churn)
9864,Pooja,0,0.06,Safe (Not Churn)
9865,Ravi,0,0.02,Safe (Not Churn)
Unknown,Rahul,0,0.06,Safe (Not Churn)
C9867,Rahul,1,0.91,Risk (Churn)
9868,Amit,1,0.77,Risk (Churn)
Unknown,Ankit,0,0.02,Safe (Not Churn)
Unknown,Ankit,1,0.95,Risk (Churn)
C9871,Simran,1,0.98,Risk (Churn)
9872,Priya,1,0.97,Risk (Churn)
Unknown,Unknown,1,0.95,Risk (Churn)
9874,Ravi,0,0.02,Safe (Not Churn)
9875,Rahul,0,0.04,Safe (Not Churn)
Unknown,Priya,1,0.93,Risk (Churn)
C9877,Neha,1,0.96,Risk (Churn)
C9878,Sneha,0,0.09,Safe (Not Churn)
9879,Sneha,0,0.0,Safe (Not Churn)
C9880,Rahul,0,0.0,Safe (Not Churn)
C9881,Sneha,0,0.03,Safe (Not Churn)
C9882,Rahul,0,0.02,Safe (Not Churn)
9883,Rahul,0,0.03,Safe (Not Churn)
C9884,Neha,0,0.01,Safe (Not Churn)
C9885,Priya,0,0.1,Safe (Not Churn)
C9886,Simran,0,0.07,Safe (Not Churn)
Unknown,Unknown,0,0.0,Safe (Not Churn)
9888,Kiran,1,0.83,Risk (Churn)
Unknown,Amit,0,0.08,Safe (Not Churn)
9890,Kiran,0,0.1,Safe (Not Churn)
C9891,Rahul,0,0.04,Safe (Not Churn)
Unknown,Pooja,0,0.0,Safe (Not Churn)
Unknown,Amit,0,0.04,Safe (Not Churn)
9894,Neha,0,0.06,Safe (Not Churn)
9895,Priya,0,0.03,Safe (Not Churn)
9896,Unknown,0,0.01,Safe (Not Churn)
9897,Simran,0,0.1,Safe (Not Churn)
9898,Pooja,1,0.94,Risk (Churn)
9899,Amit,1,0.91,Risk (Churn)
9900,Ankit,1,0.73,Risk (Churn)
9901,Amit,0,0.12,Safe (Not Churn)
9902,Ravi,0,0.0,Safe (Not Churn)
9903,Kiran,0,0.01,Safe (Not Churn)
C9904,Amit,0,0.01,Safe (Not Churn)
9905,Ankit,1,0.98,Risk (Churn)
C9906,Kiran,0,0.01,Safe (Not Churn)
9907,Pooja,0,0.0,Safe (Not Churn)
9908,Sneha,0,0.03,Safe (Not Churn)
C9909,Kiran,1,0.99,Risk (Churn)
C9910,Ankit,0,0.24,Safe (Not Churn)
Unknown,Priya,0,0.02,Safe (Not Churn)
9912,Neha,0,0.11,Safe (Not Churn)
9913,Ankit,1,0.92,Risk (Churn)
Unknown,Unknown,0,0.01,Safe (Not Churn)
C9915,Rahul,1,0.96,Risk (Churn)
9916,Kiran,1,0.98,Risk (Churn)
9917,Ankit,1,0.96,Risk (Churn)
9918,Unknown,0,0.04,Safe (Not Churn)
9919,Pooja,1,0.55,Risk (Churn)
9920,Priya,0,0.15,Safe (Not Churn)
9921,Neha,0,0.03,Safe (Not Churn)
9922,Unknown,0,0.27,Safe (Not Churn)
Unknown,Ankit,0,0.02,Safe (Not Churn)
9924,Unknown,0,0.1,Safe (Not Churn)
C9925,Sneha,0,0.03,Safe (Not Churn)
Unknown,Ankit,0,0.0,Safe (Not Churn)
C9927,Unknown,0,0.02,Safe (Not Churn)
9928,Amit,0,0.12,Safe (Not Churn)
9929,Ravi,0,0.02,Safe (Not Churn)
C9930,Unknown,0,0.07,Safe (Not Churn)
9931,Unknown,0,0.02,Safe (Not Churn)
Unknown,Amit,1,0.94,Risk (Churn)
Unknown,Sneha,0,0.05,Safe (Not Churn)
9934,Sneha,0,0.36,Safe (Not Churn)
C9935,Rahul,0,0.02,Safe (Not Churn)
9936,Amit,0,0.06,Safe (Not Churn)
C9937,Priya,1,0.98,Risk (Churn)
9938,Amit,0,0.31,Safe (Not Churn)
Unknown,Amit,0,0.17,Safe (Not Churn)
C9940,Unknown,0,0.04,Safe (Not Churn)
9941,Sneha,0,0.07,Safe (Not Churn)
Unknown,Sneha,0,0.03,Safe (Not Churn)
9943,Amit,0,0.47,Safe (Not Churn)
C9944,Sneha,0,0.01,Safe (Not Churn)
9945,Sneha,0,0.08,Safe (Not Churn)
9946,Unknown,0,0.01,Safe (Not Churn)
9947,Amit,0,0.03,Safe (Not Churn)
C9948,Pooja,0,0.0,Safe (Not Churn)
C9949,Simran,0,0.01,Safe (Not Churn)
9950,Ankit,0,0.03,Safe (Not Churn)
9951,Kiran,0,0.03,Safe (Not Churn)
Unknown,Pooja,1,0.94,Risk (Churn)
9953,Ankit,0,0.02,Safe (Not Churn)
9954,Sneha,0,0.0,Safe (Not Churn)
9955,Unknown,0,0.06,Safe (Not Churn)
9956,Kiran,0,0.03,Safe (Not Churn)
9957,Ravi,0,0.06,Safe (Not Churn)
C9958,Kiran,0,0.01,Safe (Not Churn)
Unknown,Simran,0,0.01,Safe (Not Churn)
C9960,Unknown,0,0.17,Safe (Not Churn)
Unknown,Ankit,1,0.98,Risk (Churn)
9962,Kiran,0,0.1,Safe (Not Churn)
9963,Priya,0,0.04,Safe (Not Churn)
9964,Unknown,0,0.06,Safe (Not Churn)
9965,Priya,0,0.11,Safe (Not Churn)
C9966,Unknown,0,0.04,Safe (Not Churn)
9967,Ankit,0,0.05,Safe (Not Churn)
Unknown,Rahul,0,0.0,Safe (Not Churn)
9969,Unknown,0,0.03,Safe (Not Churn)
Unknown,Simran,0,0.0,Safe (Not Churn)
C9971,Priya,0,0.05,Safe (Not Churn)
9972,Kiran,0,0.0,Safe (Not Churn)
C9973,Amit,0,0.04,Safe (Not Churn)
9974,Sneha,0,0.04,Safe (Not Churn)
9975,Neha,1,0.93,Risk (Churn)
9976,Sneha,0,0.02,Safe (Not Churn)
Unknown,Priya,0,0.1,Safe (Not Churn)
9978,Ravi,0,0.01,Safe (Not Churn)
9979,Simran,1,0.92,Risk (Churn)
9980,Unknown,0,0.14,Safe (Not Churn)
9981,Priya,0,0.0,Safe (Not Churn)
Unknown,Pooja,0,0.05,Safe (Not Churn)
Unknown,Ankit,0,0.14,Safe (Not Churn)
9984,Rahul,0,0.03,Safe (Not Churn)
9985,Amit,0,0.05,Safe (Not Churn)
9986,Ankit,1,0.68,Risk (Churn)
C9987,Priya,0,0.12,Safe (Not Churn)
C9988,Neha,0,0.0,Safe (Not Churn)
9989,Ravi,1,0.68,Risk (Churn)
9990,Priya,0,0.16,Safe (Not Churn)
C9991,Amit,0,0.01,Safe (Not Churn)
9992,Sneha,0,0.03,Safe (Not Churn)
9993,Ravi,1,0.91,Risk (Churn)
9994,Rahul,0,0.04,Safe (Not Churn)
Unknown,Pooja,1,0.95,Risk (Churn)
9996,Unknown,0,0.0,Safe (Not Churn)
Unknown,Ankit,1,1.0,Risk (Churn)
9998,Unknown,0,0.0,Safe (Not Churn)
Unknown,Pooja,0,0.06,Safe (Not Churn)
10000,Kiran,0,0.12,Safe (Not Churn)
